ml_item_id,sku,produto_id,status,titulo,categoria,tipo_atual,prazo_atual,origem_comprovada,prazo_proposto,unidade,fonte,evidencia_em,pendencia,acao,doze_meses_sem_evidencia,observado_em
MLB6563496572,VTK006351,75b0bd7e-9277-4d78-a381-da40cb21ddc6,active,Tv Stick Proeletronic Prosk-1000 4k 2gb 16gb Preto De Voz,MLB133950,Garantia de fábrica,12 meses,GARANTIA_FORNECEDOR,1,anos,produto_fornecedor_ofertas:1c1fdd88-7a1d-4c36-bc07-2638e90a7756:descricao,2026-09-05T23:56:33.118+00:00,,CORRIGIR_APOS_AUTORIZACAO,False,2026-09-06T03:11:04.503Z
MLB4582569783,VTK000876,ba5b084f-f17d-4e9f-bd13-ecf478e7d832,active,Suporte Notebook C3tech Nbc-40bk 2 Coolers Ajuste Altura Preto,MLB63262,Garantia de fábrica,12 meses,GARANTIA_FORNECEDOR,365,dias,produto_fornecedor_ofertas:1ea7c305-7bc7-4c7b-b297-43ec14652d2a:descricao,2026-09-05T23:34:29.139+00:00,,CORRIGIR_APOS_AUTORIZACAO,False,2026-09-06T03:11:04.847Z
MLB6573129170,VTK006019,300e672f-19a0-474c-9936-7c183657b728,active,Nobreak Ts Shara 4551 1400va Senoidal Puro Bivolt Preto,MLB270504,Garantia de fábrica,12 meses,GARANTIA_FORNECEDOR,1,anos,produto_fornecedor_ofertas:06239c40-7b72-4b64-b54f-b8818aba70e0:descricao,2026-09-06T02:19:22.264+00:00,,CORRIGIR_APOS_AUTORIZACAO,False,2026-09-06T03:11:04.853Z
MLB7009932794,VTK000475,c0aca4b3-e5d6-43b3-8e99-780ca2af64bf,active,Ventilador Parede Ventisol Monta Fácil 50cm 6 Pás 50 Cm Preto 220v 6,MLB1645,Garantia de fábrica,12 meses,GARANTIA_FORNECEDOR,12,meses,produto_fornecedor_ofertas:43c0a42b-fcb4-46b1-a2ef-8c338630d03a:descricao,2026-09-05T23:49:23.933+00:00,,CORRIGIR_APOS_AUTORIZACAO,False,2026-09-06T03:11:09.256Z
MLB7009920192,VTK000153,8087bbbd-151f-4836-bf56-4905ef1f645a,active,Ventilador Parede Ventisol New 60cm 220v Preto 60 Cm Preto 220v Plástico,MLB1645,Garantia de fábrica,12 meses,GARANTIA_FORNECEDOR,12,meses,produto_fornecedor_ofertas:f66f58e9-0207-4e3c-b988-30741172a542:descricao,2026-09-05T23:23:22.863+00:00,,CORRIGIR_APOS_AUTORIZACAO,False,2026-09-06T03:11:09.565Z
MLB7009318968,VTK000244,908597bc-ffb3-4481-a8ac-fe59607034be,active,Antena Externa Tv 4 Em 1 Vhf/uhf/fm/hdtv Dtv-3000 Aquário,MLB44572,Garantia de fábrica,12 meses,GARANTIA_FORNECEDOR,1,anos,produto_fornecedor_ofertas:e9e58c6e-a022-49fe-af6c-0acb1262d089:descricao,2026-09-05T23:34:29.139+00:00,,CORRIGIR_APOS_AUTORIZACAO,False,2026-09-06T03:11:10.046Z
MLB4801296963,VTK000489,eaadf369-f775-4c55-baf3-c4e47c13c248,active,Ventilador Coluna Ventisol Turbo 6 Pás 30cm 30 Cm Preto 220v 6,MLB1645,Garantia de fábrica,12 meses,GARANTIA_FORNECEDOR,12,meses,produto_fornecedor_ofertas:deb35075-bdee-4023-a4d2-17f520a90017:descricao,2026-09-06T00:09:15.988+00:00,,CORRIGIR_APOS_AUTORIZACAO,False,2026-09-06T03:11:11.088Z
MLB4801121037,VTK003936,68ebf1e8-8ca5-48f7-ac75-ba6933fed00a,active,Liquidificador Agratto Forza De 1.5 L E 850 W Com 4 Lâminas E Função Pulsar Preto 127v,MLB73055,Garantia de fábrica,12 meses,GARANTIA_FORNECEDOR,12,meses,produto_fornecedor_ofertas:42a88376-6279-458f-b188-18badaf072f6:descricao,2026-09-06T00:04:27.035+00:00,,CORRIGIR_APOS_AUTORIZACAO,False,2026-09-06T03:11:11.550Z
MLB4801083479,VTK000232,78400094-ed29-4314-a706-ddec20726464,active,Leitor Código Barras C3tech Lb-50bk 1d Laser 5v Preto Usb,MLB5906,Garantia de fábrica,12 meses,GARANTIA_FORNECEDOR,365,dias,produto_fornecedor_ofertas:61cf6958-e115-48c9-9350-fd5efe1d6a7d:descricao,2026-09-05T23:37:28.28+00:00,,CORRIGIR_APOS_AUTORIZACAO,False,2026-09-06T03:11:11.562Z
MLB4801081999,VTK003936,68ebf1e8-8ca5-48f7-ac75-ba6933fed00a,active,"Liquidificador Agratto Forza Lqlf-01 1,5l 850w Preto 127v",MLB73055,Garantia de fábrica,12 meses,GARANTIA_FORNECEDOR,12,meses,produto_fornecedor_ofertas:42a88376-6279-458f-b188-18badaf072f6:descricao,2026-09-06T00:04:27.035+00:00,,CORRIGIR_APOS_AUTORIZACAO,False,2026-09-06T03:11:11.550Z
MLB7023171888,VTK006351,75b0bd7e-9277-4d78-a381-da40cb21ddc6,active,Tv Stickpro 4k Proeletronic Controle Por Voz Android Tv Preto De Voz,MLB133950,Garantia de fábrica,12 meses,GARANTIA_FORNECEDOR,1,anos,produto_fornecedor_ofertas:1c1fdd88-7a1d-4c36-bc07-2638e90a7756:descricao,2026-09-05T23:56:33.118+00:00,,CORRIGIR_APOS_AUTORIZACAO,False,2026-09-06T03:11:15.032Z
MLB4811202227,VTK000475,c0aca4b3-e5d6-43b3-8e99-780ca2af64bf,active,Ventilador Oscilante De Parede 50cm 6 Pás Ventisol Monta Fácil 135w Preto 50 Cm 220v Plástico,MLB1645,Garantia de fábrica,12 meses,GARANTIA_FORNECEDOR,12,meses,produto_fornecedor_ofertas:43c0a42b-fcb4-46b1-a2ef-8c338630d03a:descricao,2026-09-05T23:49:23.933+00:00,,CORRIGIR_APOS_AUTORIZACAO,False,2026-09-06T03:11:15.362Z
MLB4820387925,VTK000153,8087bbbd-151f-4836-bf56-4905ef1f645a,active,Ventilador Osc Parede 60cm Preto Ventisol 60 Cm 220v Plástico 3,MLB1645,Garantia de fábrica,12 meses,GARANTIA_FORNECEDOR,12,meses,produto_fornecedor_ofertas:f66f58e9-0207-4e3c-b988-30741172a542:descricao,2026-09-05T23:23:22.863+00:00,,CORRIGIR_APOS_AUTORIZACAO,False,2026-09-06T03:11:15.772Z
MLB7086975852,VTK000278,d69ec67a-25d3-4ffe-82a2-2a9dbd2d8e81,active,Pistola Cola Quente Hikari Hpc-150 150w Profissional,MLB277318,Garantia de fábrica,12 meses,GARANTIA_FORNECEDOR,6,meses,produto_fornecedor_ofertas:69dcaadc-c89e-481a-927e-0669afbd5ab8:descricao,2026-09-06T00:11:19.936+00:00,,CORRIGIR_APOS_AUTORIZACAO,False,2026-09-06T03:11:18.891Z
MLB4842179537,VTK000678,c7d5f5a9-2038-4633-bb2a-fd4eef7f46d6,active,Ventilador De Teto Ventisol Mistral 3 Pás Preto Bivolt Preto Bivolt Plástico 3,MLB1645,Garantia de fábrica,12 meses,GARANTIA_FORNECEDOR,12,meses,produto_fornecedor_ofertas:d04710de-0af6-409f-9b24-2b08c6a879d1:descricao,2026-09-05T23:59:15.165+00:00,,CORRIGIR_APOS_AUTORIZACAO,False,2026-09-06T03:11:19.379Z
MLB4842011317,VTK000550,69fcdc82-8333-4126-863b-d18643dd5919,active,Kit Teclado Mouse C3tech K-w10bk Sem Fio Abnt2 Preto,MLB5914,Garantia de fábrica,12 meses,GARANTIA_FORNECEDOR,12,meses,produto_fornecedor_ofertas:96a6c573-fa4d-432b-a46c-f9271d7de400:descricao,2026-09-05T23:26:31.54+00:00,,CORRIGIR_APOS_AUTORIZACAO,False,2026-09-06T03:11:19.731Z
MLB4842007827,VTK000591,df6526dd-a6f9-4968-9fd3-243f9fa5278f,active,Ventilador Parede Ventisol New 50cm 130w Preto 127v 50 Cm Preto 127v Plástico,MLB1645,Garantia de fábrica,12 meses,GARANTIA_FORNECEDOR,12,meses,produto_fornecedor_ofertas:5a8c0e05-36ce-4df9-8ce0-031267cd23de:descricao,2026-09-05T23:42:16.18+00:00,,CORRIGIR_APOS_AUTORIZACAO,False,2026-09-06T03:11:19.956Z
MLB4852431659,VTK000278,d69ec67a-25d3-4ffe-82a2-2a9dbd2d8e81,active,Pistola De Cola Hikari Hpc-150 150w Bivolt Com Suporte E Bico Protetor 127/220v,MLB277318,Garantia de fábrica,12 meses,GARANTIA_FORNECEDOR,6,meses,produto_fornecedor_ofertas:69dcaadc-c89e-481a-927e-0669afbd5ab8:descricao,2026-09-06T00:11:19.936+00:00,,CORRIGIR_APOS_AUTORIZACAO,False,2026-09-06T03:11:21.629Z
MLB7111656732,VTK012665,72468bfc-1702-4765-976c-5046c8b98565,active,"Liquidificador Agratto Turbo 15 3,2l 1200w 127v 127v",MLB73055,Garantia de fábrica,3 meses,GARANTIA_FORNECEDOR,12,meses,produto_fornecedor_ofertas:57c35780-dac3-410f-9a61-3f474a31afa5:descricao,2026-09-05T23:52:15.31+00:00,,CORRIGIR_APOS_AUTORIZACAO,False,2026-09-06T03:11:24.686Z
MLB7111656054,VTK012796,e682402b-1a5e-40b0-8a30-667e7bb7d3a8,active,Calculadora Compacta Com Bobina 12 Digitos Ma-5111 Elgin,MLB99957,Garantia de fábrica,3 meses,GARANTIA_FORNECEDOR,6,meses,produto_fornecedor_ofertas:98d7b80d-1246-49f1-992e-a22799f12c55:descricao,2026-09-06T03:10:18.969+00:00,,CORRIGIR_APOS_AUTORIZACAO,False,2026-09-06T03:11:25.895Z
MLB7111655810,VTK012385,bb1acec9-590d-4a56-b542-24fed67ed557,active,Caixa Multiuso Amplificada 6 Polegadas 15 W Rms - Voxstorm,MLB11507,Garantia de fábrica,,GARANTIA_FORNECEDOR,3,meses,produto_fornecedor_ofertas:64785cbe-3c7e-4df0-87dd-59211e86acb1:descricao,2026-09-06T03:01:21.52+00:00,,CORRIGIR_APOS_AUTORIZACAO,False,2026-09-06T03:11:27.014Z
MLB7111644566,VTK012626,bcfd5b86-abf4-409f-8795-97cbda6d85a9,active,Escova Secadora Della Preta Bivolt 1100w Agratto,MLB264715,Garantia de fábrica,3 meses,GARANTIA_FORNECEDOR,12,meses,produto_fornecedor_ofertas:6beead14-3d57-4ace-83be-d6b620fffc45:descricao,2026-09-05T23:34:29.139+00:00,,CORRIGIR_APOS_AUTORIZACAO,False,2026-09-06T03:11:30.475Z
MLB7111644336,VTK012625,654096bf-8108-4404-9931-ebb79ccdee3e,active,Escova Rotativa Della Bivolt 1200w Agratto,MLB264715,Garantia de fábrica,3 meses,GARANTIA_FORNECEDOR,12,meses,produto_fornecedor_ofertas:7878d56e-78eb-4a26-99a1-371526e0482c:descricao,2026-09-05T23:34:29.139+00:00,,CORRIGIR_APOS_AUTORIZACAO,False,2026-09-06T03:11:30.887Z
MLB7111644302,VTK012673,23ab1fe5-aa89-463f-80cc-32d8ffd26707,active,Encordoamento Giannini P/contra Baixo Leve 0.040 Geebrl/5,MLB278076,Garantia de fábrica,3 meses,GARANTIA_FORNECEDOR,12,meses,produto_fornecedor_ofertas:16f937df-1e1c-4c21-a4e6-fa3d27e45970:descricao,2026-09-06T00:19:20.12+00:00,,CORRIGIR_APOS_AUTORIZACAO,False,2026-09-06T03:11:31.437Z
MLB7111643660,VTK001348,820d71a3-a317-4c24-9b70-383e6c1bc0f8,active,Ventilador Parede Ventisol New 50cm 220v Preto 50 Cm Preto 220v Plástico,MLB1645,Garantia de fábrica,3 meses,GARANTIA_FORNECEDOR,12,meses,produto_fornecedor_ofertas:4f8c085d-1033-4002-9ad1-31ffc4a8bbec:descricao,2026-09-05T23:29:29.06+00:00,,CORRIGIR_APOS_AUTORIZACAO,False,2026-09-06T03:11:31.604Z
MLB4857541977,VTK012545,2a2a3c75-86aa-4cac-8a50-e660e3e7cff8,active,Carregador Rayovac Sm-4 Usb Aa Aaa Com 2 Pilhas Aa,MLB11290,Garantia de fábrica,3 meses,GARANTIA_FORNECEDOR,365,dias,produto_fornecedor_ofertas:e33cd8a7-56fc-4ca5-ab38-901711487456:descricao,2026-09-05T23:32:21.245+00:00,,CORRIGIR_APOS_AUTORIZACAO,False,2026-09-06T03:11:38.181Z
MLB4857541521,VTK012666,b15967b6-f5cc-49c9-bc15-a90134680bec,active,Secador Dobrável Profissional 127v 1800w Agratto 127v,MLB5412,Garantia de fábrica,3 meses,GARANTIA_FORNECEDOR,12,meses,produto_fornecedor_ofertas:217005a0-3d2a-4dc4-baa8-eed8f0ce94ad:descricao,2026-09-05T23:34:29.139+00:00,,CORRIGIR_APOS_AUTORIZACAO,False,2026-09-06T03:11:39.476Z
MLB4857540467,VTK012692,d8b51989-20cd-497d-bd43-a795e1bde8de,active,Calculadora Com Bobina 12 Ditigos Bicolor Ma-5121 Elgin,MLB99957,Garantia de fábrica,3 meses,GARANTIA_FORNECEDOR,6,meses,produto_fornecedor_ofertas:69bdadd3-2d62-4695-a437-d5e599521875:descricao,2026-09-06T03:10:18.969+00:00,,CORRIGIR_APOS_AUTORIZACAO,False,2026-09-06T03:11:40.922Z
MLB4857539675,VTK012364,86c5022a-c373-4b44-be6a-608239ef4c13,active,Calculadora Com Bobina 14 Digitos Mb-7142 Elgin,MLB99957,Garantia de fábrica,3 meses,GARANTIA_FORNECEDOR,6,meses,produto_fornecedor_ofertas:7b4df0b6-1e76-4c90-88d9-7310c0bf8e9c:descricao,2026-09-06T02:58:20.152+00:00,,CORRIGIR_APOS_AUTORIZACAO,False,2026-09-06T03:11:41.500Z
MLB4857530911,VTK005803,12586428-233c-4b8d-a6f4-f67687d53d66,active,Mangueira Expansível Kepper Km215ca 13m Azul 7 Jatos Azul,MLB189923,Garantia de fábrica,12 meses,GARANTIA_FORNECEDOR,3,meses,produto_fornecedor_ofertas:12bf1b60-5e7a-4db2-b5b6-03d6b1d28bf8:descricao,2026-09-05T23:42:16.18+00:00,,CORRIGIR_APOS_AUTORIZACAO,False,2026-09-06T03:11:42.305Z
MLB4857498447,VTK000751,85a84be9-b86c-4933-8cc5-dea77c4cdf93,active,Mangueira Expansível Kepper Km222ca Látex 18m Azul Azul,MLB189923,Garantia de fábrica,12 meses,GARANTIA_FORNECEDOR,3,meses,produto_fornecedor_ofertas:05df0b72-4f62-471e-95a9-5c38d68a238b:descricao,2026-09-05T23:44:32.769+00:00,,CORRIGIR_APOS_AUTORIZACAO,False,2026-09-06T03:11:42.711Z
MLB7149405526,VTK012692,d8b51989-20cd-497d-bd43-a795e1bde8de,active,Calculadora De Mesa Elgin Ma-5121 Impressora Bobina 12 Dígitos Lcd Branco,MLB99957,Garantia de fábrica,3 meses,GARANTIA_FORNECEDOR,6,meses,produto_fornecedor_ofertas:69bdadd3-2d62-4695-a437-d5e599521875:descricao,2026-09-06T03:10:18.969+00:00,,CORRIGIR_APOS_AUTORIZACAO,False,2026-09-06T03:11:45.212Z
MLB7149331936,VTK012385,bb1acec9-590d-4a56-b542-24fed67ed557,active,Caixa Multiuso Amplificada 6 15 W Rms Voxstorm Vsu100 Usb,MLB11507,Garantia de fábrica,3 meses,GARANTIA_FORNECEDOR,3,meses,produto_fornecedor_ofertas:64785cbe-3c7e-4df0-87dd-59211e86acb1:descricao,2026-09-06T03:01:21.52+00:00,,CORRIGIR_APOS_AUTORIZACAO,False,2026-09-06T03:11:47.396Z
MLB4880632729,VTK012666,b15967b6-f5cc-49c9-bc15-a90134680bec,active,Secador De Cabelos Dobrável Portátil Viagem 1800w Ar Quente Della Agratto Seac01i-01 Preto 127v,MLB5412,Garantia de fábrica,3 meses,GARANTIA_FORNECEDOR,12,meses,produto_fornecedor_ofertas:217005a0-3d2a-4dc4-baa8-eed8f0ce94ad:descricao,2026-09-05T23:34:29.139+00:00,,CORRIGIR_APOS_AUTORIZACAO,False,2026-09-06T03:11:48.527Z
MLB4880587199,VTK012673,23ab1fe5-aa89-463f-80cc-32d8ffd26707,active,Encordoamento Baixo 5 Cordas Giannini Nickel 040-125,MLB278076,Garantia de fábrica,3 meses,GARANTIA_FORNECEDOR,12,meses,produto_fornecedor_ofertas:16f937df-1e1c-4c21-a4e6-fa3d27e45970:descricao,2026-09-06T00:19:20.12+00:00,,CORRIGIR_APOS_AUTORIZACAO,False,2026-09-06T03:11:49.027Z
MLB4880587163,VTK012625,654096bf-8108-4404-9931-ebb79ccdee3e,active,Escova Rotativa Agratto Della Ecr-03 1200w Bivolt Seca Alisa Modela Preta 127/220v,MLB264715,Garantia de fábrica,3 meses,GARANTIA_FORNECEDOR,12,meses,produto_fornecedor_ofertas:7878d56e-78eb-4a26-99a1-371526e0482c:descricao,2026-09-05T23:34:29.139+00:00,,CORRIGIR_APOS_AUTORIZACAO,False,2026-09-06T03:11:49.186Z
MLB4880583319,VTK012665,72468bfc-1702-4765-976c-5046c8b98565,active,"Liquidificador Elétrico Turbo Agratto 15 Velocidades 3,2 Litros Vermelho 127v",MLB73055,Garantia de fábrica,3 meses,GARANTIA_FORNECEDOR,12,meses,produto_fornecedor_ofertas:57c35780-dac3-410f-9a61-3f474a31afa5:descricao,2026-09-05T23:52:15.31+00:00,,CORRIGIR_APOS_AUTORIZACAO,False,2026-09-06T03:11:49.520Z
MLB4880565805,VTK012796,e682402b-1a5e-40b0-8a30-667e7bb7d3a8,active,Calculadora Elgin Compacta Com Bobina 12 Dígitos Ma-5111 Cor Preto,MLB99957,Garantia de fábrica,3 meses,GARANTIA_FORNECEDOR,6,meses,produto_fornecedor_ofertas:98d7b80d-1246-49f1-992e-a22799f12c55:descricao,2026-09-06T03:10:18.969+00:00,,CORRIGIR_APOS_AUTORIZACAO,False,2026-09-06T03:11:50.184Z
MLB4880559183,VTK000550,69fcdc82-8333-4126-863b-d18643dd5919,active,Kit Teclado E Mouse C3tech K-w10bk Sem Fio Preto Para Pc,MLB5914,Garantia de fábrica,12 meses,GARANTIA_FORNECEDOR,12,meses,produto_fornecedor_ofertas:96a6c573-fa4d-432b-a46c-f9271d7de400:descricao,2026-09-05T23:26:31.54+00:00,,CORRIGIR_APOS_AUTORIZACAO,False,2026-09-06T03:11:50.995Z
MLB4881447335,VTK000232,78400094-ed29-4314-a706-ddec20726464,active,Leitor De Código De Barras Com Suporte C3tech Lb-50bk Usb 127/220v Preto,MLB5906,Garantia de fábrica,12 meses,GARANTIA_FORNECEDOR,365,dias,produto_fornecedor_ofertas:61cf6958-e115-48c9-9350-fd5efe1d6a7d:descricao,2026-09-05T23:37:28.28+00:00,,CORRIGIR_APOS_AUTORIZACAO,False,2026-09-06T03:11:51.654Z
MLB7157761186,VTK012364,86c5022a-c373-4b44-be6a-608239ef4c13,active,Calculadora De Impressao 14dig.mb7142 Rel/calen/bivolt Transparente,MLB99957,Garantia de fábrica,3 meses,GARANTIA_FORNECEDOR,6,meses,produto_fornecedor_ofertas:7b4df0b6-1e76-4c90-88d9-7310c0bf8e9c:descricao,2026-09-06T02:58:20.152+00:00,,CORRIGIR_APOS_AUTORIZACAO,False,2026-09-06T03:11:51.814Z
MLB4857638077,VTK012691,9428139b-d1f1-407f-85f0-9e4a8f4ef699,active,Calculadora De Bolso 4 Op. S.p. Cb1483 Elgin,MLB99957,Garantia de fábrica,3 meses,GARANTIA_FORNECEDOR,3,meses,produto_fornecedor_ofertas:bd6af360-ac40-488a-a4f0-fa19dc674839:descricao,2026-09-06T02:58:20.152+00:00,,CORRIGIR_APOS_AUTORIZACAO,False,2026-09-06T03:12:10.792Z
MLB4880526391,VTK012521,53ba7c1d-f601-4af4-b5a8-146e53c634fe,active,Calculadora De Bolso Solar Pilha Blister Cb1485 Preta Elgin Cor Preto Preto Cb1485,MLB99957,Garantia de fábrica,3 meses,GARANTIA_FORNECEDOR,3,meses,produto_fornecedor_ofertas:ad51703d-49d9-447b-9ee7-a4ee2c09d16f:descricao,2026-09-06T02:55:27.234+00:00,,CORRIGIR_APOS_AUTORIZACAO,False,2026-09-06T03:12:11.298Z
MLB7111714416,VTK012521,53ba7c1d-f601-4af4-b5a8-146e53c634fe,active,Calculadora De Bolso 8 Digitos Solar Cb-1485 Elgin,MLB99957,Garantia de fábrica,3 meses,GARANTIA_FORNECEDOR,3,meses,produto_fornecedor_ofertas:ad51703d-49d9-447b-9ee7-a4ee2c09d16f:descricao,2026-09-06T02:55:27.234+00:00,,CORRIGIR_APOS_AUTORIZACAO,False,2026-09-06T03:12:13.804Z
MLB7149373558,VTK012274,0128d47b-dbf1-43ff-8280-485ec35a101d,active,Calculadora Mesa Mv4122 12 Dígitos Solar Bateria Elgin Cor Cinza,MLB99957,Garantia de fábrica,3 meses,GARANTIA_FORNECEDOR,6,meses,produto_fornecedor_ofertas:0111a196-3a8b-4c11-81ad-9c89a0bcc68c:descricao,2026-09-06T02:55:27.234+00:00,,CORRIGIR_APOS_AUTORIZACAO,False,2026-09-06T03:12:25.797Z
MLB4857623081,VTK012274,0128d47b-dbf1-43ff-8280-485ec35a101d,active,Calculadora De Mesa 12 Digitos Mv-4122 Elgin,MLB99957,Garantia de fábrica,3 meses,GARANTIA_FORNECEDOR,6,meses,produto_fornecedor_ofertas:0111a196-3a8b-4c11-81ad-9c89a0bcc68c:descricao,2026-09-06T02:55:27.234+00:00,,CORRIGIR_APOS_AUTORIZACAO,False,2026-09-06T03:12:26.123Z
MLB7111709570,VTK012467,65c558da-3d26-409e-953b-7259aa09f426,active,Painel Led 24w Lys Quadrado Embutir 6500k Taschibra,MLB455833,Garantia de fábrica,3 meses,GARANTIA_FORNECEDOR,1,anos,produto_fornecedor_ofertas:a40c2972-e0b9-46b9-8625-41ba73946d4c:descricao,2026-09-06T03:04:20.713+00:00,,CORRIGIR_APOS_AUTORIZACAO,False,2026-09-06T03:12:27.134Z
MLB7149366704,VTK012639,f1cda422-5e3d-47ab-a9d9-4ed77146dbb0,active,Ferro De Solda 30w Ms-130a30w 127w Mxt 127v,MLB48611,Garantia de fábrica,3 meses,GARANTIA_FORNECEDOR,90,dias,produto_fornecedor_ofertas:52b19c1d-9450-4df0-8d58-ced7cdc33bf6:descricao,2026-09-05T23:05:20.359+00:00,,CORRIGIR_APOS_AUTORIZACAO,False,2026-09-06T03:12:37.921Z
MLB7111651970,VTK012639,f1cda422-5e3d-47ab-a9d9-4ed77146dbb0,active,Ferro De Solda 30w 127v Ms-130 A30 Mxt 127v,MLB48611,Garantia de fábrica,3 meses,GARANTIA_FORNECEDOR,90,dias,produto_fornecedor_ofertas:52b19c1d-9450-4df0-8d58-ced7cdc33bf6:descricao,2026-09-05T23:05:20.359+00:00,,CORRIGIR_APOS_AUTORIZACAO,False,2026-09-06T03:12:39.499Z
MLB4880563055,VTK012498,d6fe488d-db4a-46d4-9100-25f3648f4130,active,Calculadora De Mesa 12 Dígitos Bateria Solar Mv-4130 Elgin Cor Rosa,MLB99957,Garantia de fábrica,3 meses,GARANTIA_FORNECEDOR,6,meses,produto_fornecedor_ofertas:2056107b-a420-405f-a667-ab7ad42d30c5:descricao,2026-09-06T03:07:26.424+00:00,,CORRIGIR_APOS_AUTORIZACAO,False,2026-09-06T03:12:43.527Z
MLB7149333170,VTK012309,c3e94d23-6a91-4b1f-90dd-a79ae54c710c,active,Elgin 250mah Blister 1 Unidade Bateria Recarregável,MLB7060,Garantia de fábrica,3 meses,GARANTIA_FORNECEDOR,180,dias,produto_fornecedor_ofertas:86b7550d-cdb8-45f1-9152-b549ce990292:descricao,2026-09-05T23:39:34.295+00:00,,CORRIGIR_APOS_AUTORIZACAO,False,2026-09-06T03:12:43.850Z
MLB7111708240,VTK012498,d6fe488d-db4a-46d4-9100-25f3648f4130,active,Calculadora De Mesa 12 Digitos Cor Rosa Mv-4130 Elgin,MLB99957,Garantia de fábrica,3 meses,GARANTIA_FORNECEDOR,6,meses,produto_fornecedor_ofertas:2056107b-a420-405f-a667-ab7ad42d30c5:descricao,2026-09-06T03:07:26.424+00:00,,CORRIGIR_APOS_AUTORIZACAO,False,2026-09-06T03:12:43.845Z
MLB7111649116,VTK012309,c3e94d23-6a91-4b1f-90dd-a79ae54c710c,active,Bateria Recarregável 9v Elgin Cartela Com 01 Unidade,MLB7060,Garantia de fábrica,3 meses,GARANTIA_FORNECEDOR,180,dias,produto_fornecedor_ofertas:86b7550d-cdb8-45f1-9152-b549ce990292:descricao,2026-09-05T23:39:34.295+00:00,,CORRIGIR_APOS_AUTORIZACAO,False,2026-09-06T03:12:45.134Z
MLB7149367806,VTK012071,4537af6d-069e-43a3-901e-04b0958c8934,active,Wc 1133 Trs Conector 1/4 Stereo Linha Wireconex 10 Unidades,MLB420707,Garantia de fábrica,3 meses,GARANTIA_FORNECEDOR,3,meses,produto_fornecedor_ofertas:b8b8e258-a831-4983-8a15-49cdfc475f96:descricao,2026-09-06T02:50:23.708+00:00,,CORRIGIR_APOS_AUTORIZACAO,False,2026-09-06T03:12:58.208Z
MLB7111645438,VTK012071,4537af6d-069e-43a3-901e-04b0958c8934,active,Conector P10 Trs Stereo Wc1133 10 Un Wireconex,MLB420707,Garantia de fábrica,3 meses,GARANTIA_FORNECEDOR,3,meses,produto_fornecedor_ofertas:b8b8e258-a831-4983-8a15-49cdfc475f96:descricao,2026-09-06T02:50:23.708+00:00,,CORRIGIR_APOS_AUTORIZACAO,False,2026-09-06T03:12:58.208Z
MLB7216671126,VTK000822,39250143-aacd-48e2-b2e3-3148c27c1255,active,Patch Cord Cat5e 10m Vermelho Pluscable,MLB270088,Garantia de fábrica,12 meses,GARANTIA_FORNECEDOR,365,dias,produto_fornecedor_ofertas:273ccca2-0659-4afc-a31e-95e713e585f6:descricao,2026-09-05T23:37:28.28+00:00,,CORRIGIR_APOS_AUTORIZACAO,False,2026-09-06T03:13:03.248Z
MLB7238968080,VTK000337,50bd0ac9-f2c6-4be2-9dbf-6bd068e3318b,active,Caixa Multimídia C3tech Sp-301bk 2.0,MLB3378,Garantia de fábrica,12 meses,GARANTIA_FORNECEDOR,3,meses,produto_fornecedor_ofertas:abc0b5b3-5ca7-40e2-b61c-452a0f9ec8da:descricao,2026-09-05T23:29:29.06+00:00,,CORRIGIR_APOS_AUTORIZACAO,False,2026-09-06T03:13:08.662Z
MLB4937565601,VTK017268,a1d92fec-8eff-476e-9961-b52b396dc3a3,active,Roteador Wi-fi Tp-link Gpon Voip Archer Xr500v Dual Band,MLB5867,Garantia de fábrica,12 meses,GARANTIA_FORNECEDOR,5,anos,produto_fornecedor_ofertas:c0def1a2-1f9e-407c-84e1-f1844befde1c:descricao,2026-09-05T23:26:31.54+00:00,,CORRIGIR_APOS_AUTORIZACAO,False,2026-09-06T03:13:11.266Z
MLB4937560361,VTK002745,7fda2d8f-fb0f-4c74-91a6-d212f659df64,active,Multímetro Analógico Minipa Et-3021c Azul,MLB30214,Garantia de fábrica,12 meses,GARANTIA_FORNECEDOR,12,meses,produto_fornecedor_ofertas:4025ac2a-aa4d-48d9-b6db-7111a34873fb:descricao,2026-09-05T23:44:32.769+00:00,,CORRIGIR_APOS_AUTORIZACAO,False,2026-09-06T03:13:12.030Z
MLB4937552987,VTK018829,503d5406-8395-4b04-bae6-5194a0b18084,active,Refletor Led Pro Elgin 400w 6500k Ip66 Bivolt Preto 127/220v Branco-frio,MLB189884,Garantia de fábrica,12 meses,GARANTIA_FORNECEDOR,1,anos,produto_fornecedor_ofertas:3ba1a319-735f-4ad7-9c39-1fe26870b1c5:descricao,2026-09-06T00:09:15.988+00:00,,CORRIGIR_APOS_AUTORIZACAO,False,2026-09-06T03:13:12.349Z
MLB4937547671,VTK017932,c1586888-7a8e-4553-954d-530816c2d000,active,Mini Morsa Hikari Hk-201 Abertura Máxima: 2 / 50mm,MLB235594,Garantia de fábrica,12 meses,GARANTIA_FORNECEDOR,6,meses,produto_fornecedor_ofertas:990338d5-5d89-4976-8630-f0b922cfbfd1:descricao,2026-09-05T23:47:16.203+00:00,,CORRIGIR_APOS_AUTORIZACAO,False,2026-09-06T03:13:13.061Z
MLB4937546181,VTK017218,8e3dc4a9-f886-467a-92ec-d7eb50745ffc,active,Guia Organizador Cabos Max Eletron 2ux19  Preto,MLB271708,Garantia de fábrica,12 meses,GARANTIA_FORNECEDOR,1,anos,produto_fornecedor_ofertas:1883c232-ecde-4dda-a241-ecb5854593a2:descricao,2026-09-05T23:23:22.863+00:00,,CORRIGIR_APOS_AUTORIZACAO,False,2026-09-06T03:13:13.055Z
MLB4937531879,VTK018637,8c5ea493-5817-4020-b43b-f57f10c5c67a,active,Pistola De Cola Quente Hikari Hpc-280 280w Bivolt 21k913,MLB277318,Garantia de fábrica,12 meses,GARANTIA_FORNECEDOR,6,meses,produto_fornecedor_ofertas:d05c6834-bbd1-4d66-af80-647f56b7e8dc:descricao,2026-09-06T00:04:27.035+00:00,,CORRIGIR_APOS_AUTORIZACAO,False,2026-09-06T03:13:12.913Z
MLB4937529073,VTK004012,1640b9dc-2be6-4571-9703-3866ce763d9c,active,Nobreak Ts Shara Ups Compact 700va 7ah Bivolt,MLB270504,Garantia de fábrica,12 meses,GARANTIA_FORNECEDOR,1,anos,produto_fornecedor_ofertas:6e5c021f-5d2c-41d1-bbb1-baa439fb243d:descricao,2026-09-05T23:44:32.769+00:00,,CORRIGIR_APOS_AUTORIZACAO,False,2026-09-06T03:13:13.223Z
MLB4937523785,VTK017222,edbe286e-77be-4f7a-b83f-9d96fb9087b0,active,Fone De Ouvido Evus F-09 Intra Auricular Premium Rosa,MLB1664,Garantia de fábrica,12 meses,GARANTIA_FORNECEDOR,1,anos,produto_fornecedor_ofertas:cf29b4bb-27be-4e8f-99f3-13308de08bb6:descricao,2026-09-05T23:23:22.863+00:00,,CORRIGIR_APOS_AUTORIZACAO,False,2026-09-06T03:13:13.585Z
MLB4937486049,VTK017571,ccc74733-b03e-42d6-a201-31712065c86d,active,Bateria Elgin Vrla Chumbo Selada 12v 7ah,MLB57843,Garantia de fábrica,12 meses,GARANTIA_FORNECEDOR,6,meses,produto_fornecedor_ofertas:d5677a5d-73fb-4bdc-8630-374f551fa21e:descricao,2026-09-05T23:39:34.295+00:00,,CORRIGIR_APOS_AUTORIZACAO,False,2026-09-06T03:13:14.215Z
MLB4937477027,VTK017453,e8674c3c-3f08-4334-ad46-264e6f16fae8,active,Cabo Hdmi 2.0 Aquário 4k03 4k 60hz 3m,MLB431813,Garantia de fábrica,12 meses,GARANTIA_FORNECEDOR,3,anos,produto_fornecedor_ofertas:150df2e8-531b-49d2-b37d-f1cb8282a1f3:descricao,2026-09-05T23:32:21.245+00:00,,CORRIGIR_APOS_AUTORIZACAO,False,2026-09-06T03:13:14.549Z
MLB4937467285,VTK017679,cad1ab58-6d25-4c99-bd68-4d2a56976c6b,active,Bateria Selada De Chumbo Elgin Vrla 6v 4 5ah,MLB57843,Garantia de fábrica,12 meses,GARANTIA_FORNECEDOR,6,meses,produto_fornecedor_ofertas:c5af2411-34d3-47b8-b7eb-070b80c37a4f:descricao,2026-09-06T00:41:41.754+00:00,,CORRIGIR_APOS_AUTORIZACAO,False,2026-09-06T03:13:14.715Z
MLB4937391243,VTK018238,d127a44a-9282-4da7-9c62-64de8800241a,active,Alicate Decapador/cortador Ajustável Hikari Hk-312,MLB188425,Garantia de fábrica,12 meses,GARANTIA_FORNECEDOR,6,meses,produto_fornecedor_ofertas:e09a6fcf-709e-4632-9fe9-7239d820f08d:descricao,2026-09-05T23:54:23.934+00:00,,CORRIGIR_APOS_AUTORIZACAO,False,2026-09-06T03:13:15.420Z
MLB4937546247,VTK017223,a5e2ddf7-aba8-4f7d-a542-f99a5f99873f,active,Headset Gamer Evus F-02r Supreme,MLB1664,Garantia de fábrica,12 meses,GARANTIA_FORNECEDOR,1,anos,produto_fornecedor_ofertas:bc96379c-7807-434c-942e-680548b9b558:descricao,2026-09-05T23:26:31.54+00:00,,CORRIGIR_APOS_AUTORIZACAO,False,2026-09-06T03:13:16.379Z
MLB4942213867,VTK018238,d127a44a-9282-4da7-9c62-64de8800241a,active,Alicate Decapador Cortador De Cabo Coaxial Hikari Hk-312 Ajustável,MLB188425,Garantia de fábrica,12 meses,GARANTIA_FORNECEDOR,6,meses,produto_fornecedor_ofertas:e09a6fcf-709e-4632-9fe9-7239d820f08d:descricao,2026-09-05T23:54:23.934+00:00,,CORRIGIR_APOS_AUTORIZACAO,False,2026-09-06T03:13:17.192Z
MLB4942213343,VTK017932,c1586888-7a8e-4553-954d-530816c2d000,active,Mini Morsa Bancada Hikari Hk-201 Aço Carbono Mandíbula 6cm,MLB235594,Garantia de fábrica,12 meses,GARANTIA_FORNECEDOR,6,meses,produto_fornecedor_ofertas:990338d5-5d89-4976-8630-f0b922cfbfd1:descricao,2026-09-05T23:47:16.203+00:00,,CORRIGIR_APOS_AUTORIZACAO,False,2026-09-06T03:13:17.344Z
MLB4942205867,VTK004012,1640b9dc-2be6-4571-9703-3866ce763d9c,active,Nobreak Ts Shara 700va/490w Biv/115v 4440 Compact Xpro Preto,MLB270504,Garantia de fábrica,12 meses,GARANTIA_FORNECEDOR,1,anos,produto_fornecedor_ofertas:6e5c021f-5d2c-41d1-bbb1-baa439fb243d:descricao,2026-09-05T23:44:32.769+00:00,,CORRIGIR_APOS_AUTORIZACAO,False,2026-09-06T03:13:17.717Z
MLB4942205823,VTK018637,8c5ea493-5817-4020-b43b-f57f10c5c67a,active,Pistola De Cola Quente Profissional Hikari Hpc-280 280w Industrial 127/220 V Cinza-escuro 127/220v,MLB277318,Garantia de fábrica,12 meses,GARANTIA_FORNECEDOR,6,meses,produto_fornecedor_ofertas:d05c6834-bbd1-4d66-af80-647f56b7e8dc:descricao,2026-09-06T00:04:27.035+00:00,,CORRIGIR_APOS_AUTORIZACAO,False,2026-09-06T03:13:17.718Z
MLB4942205407,VTK002745,7fda2d8f-fb0f-4c74-91a6-d212f659df64,active,Multímetro Analógico Minipa Et-3021c Medição Tensão Corrente Resistência,MLB30214,Garantia de fábrica,12 meses,GARANTIA_FORNECEDOR,12,meses,produto_fornecedor_ofertas:4025ac2a-aa4d-48d9-b6db-7111a34873fb:descricao,2026-09-05T23:44:32.769+00:00,,CORRIGIR_APOS_AUTORIZACAO,False,2026-09-06T03:13:17.884Z
MLB4942204703,VTK000337,50bd0ac9-f2c6-4be2-9dbf-6bd068e3318b,active,Caixa De Som 2.0 Usb C3tech Sp-301bk Preta Portátil Para Pc E Notebook Preto,MLB3378,Garantia de fábrica,12 meses,GARANTIA_FORNECEDOR,3,meses,produto_fornecedor_ofertas:abc0b5b3-5ca7-40e2-b61c-452a0f9ec8da:descricao,2026-09-05T23:29:29.06+00:00,,CORRIGIR_APOS_AUTORIZACAO,False,2026-09-06T03:13:18.041Z
MLB4942184071,VTK017571,ccc74733-b03e-42d6-a201-31712065c86d,active,Elgin Selada Bateria 12v 7a Alarme E Cerca Elétrica,MLB57843,Garantia de fábrica,12 meses,GARANTIA_FORNECEDOR,6,meses,produto_fornecedor_ofertas:d5677a5d-73fb-4bdc-8630-374f551fa21e:descricao,2026-09-05T23:39:34.295+00:00,,CORRIGIR_APOS_AUTORIZACAO,False,2026-09-06T03:13:18.688Z
MLB4942183847,VTK017222,edbe286e-77be-4f7a-b83f-9d96fb9087b0,active,Fone De Ouvido Evus F-09 Intra Auricular Premium Rosa Único,MLB1664,Garantia de fábrica,12 meses,GARANTIA_FORNECEDOR,1,anos,produto_fornecedor_ofertas:cf29b4bb-27be-4e8f-99f3-13308de08bb6:descricao,2026-09-05T23:23:22.863+00:00,,CORRIGIR_APOS_AUTORIZACAO,False,2026-09-06T03:13:18.690Z
MLB7253022344,VTK017223,a5e2ddf7-aba8-4f7d-a542-f99a5f99873f,active,Fone Ouvido Headset Gamer Microfone P2 Supreme F-02 Evus Cor Preto E Vermelho,MLB1664,Garantia de fábrica,12 meses,GARANTIA_FORNECEDOR,1,anos,produto_fornecedor_ofertas:bc96379c-7807-434c-942e-680548b9b558:descricao,2026-09-05T23:26:31.54+00:00,,CORRIGIR_APOS_AUTORIZACAO,False,2026-09-06T03:13:19.510Z
MLB7285976880,VTK017760,aac0b9b3-eafd-4013-a7c3-a68118e9b81a,active,Miniprocessador Agratto Ampr01i-01 350ml 100w 127v 127v,MLB31674,Garantia de fábrica,12 meses,GARANTIA_FORNECEDOR,12,meses,produto_fornecedor_ofertas:461f34cd-44db-4881-876c-f688711a3da3:descricao,2026-09-05T23:34:29.139+00:00,,CORRIGIR_APOS_AUTORIZACAO,False,2026-09-06T03:13:21.328Z
MLB4966507939,VTK018787,8d23282f-5f35-4856-b5e7-8cfe11c885c5,active,Fone Headset Intelbras Chs-55 Conector Usb 4010058,MLB3828,Garantia de fábrica,12 meses,GARANTIA_FORNECEDOR,12,meses,produto_fornecedor_ofertas:25c3fc5d-aaed-4be8-b201-7204d5c1b420:descricao,2026-09-06T00:19:20.12+00:00,,CORRIGIR_APOS_AUTORIZACAO,False,2026-09-06T03:13:23.016Z
MLB4965893887,VTK021272,6bff52a1-f593-4ffe-9bff-f885a087c607,active,Intelbras Telefone Ip Tip 125i Cz 4201251,MLB11347,Garantia de fábrica,12 meses,GARANTIA_FORNECEDOR,1,anos,produto_fornecedor_ofertas:8a9cea55-9bc1-4ca7-8f1c-3c880926c540:descricao,2026-09-05T23:52:15.31+00:00,,CORRIGIR_APOS_AUTORIZACAO,False,2026-09-06T03:13:23.639Z
MLB7298189818,VTK000591,df6526dd-a6f9-4968-9fd3-243f9fa5278f,active,Ventilador Oscilante Parede 50cm 130w Preto Ventisol Diâmetro 50 Cm Material Das Pás Plástico Quantidade De Pás 3 127v,MLB1645,Garantia de fábrica,12 meses,GARANTIA_FORNECEDOR,12,meses,produto_fornecedor_ofertas:5a8c0e05-36ce-4df9-8ce0-031267cd23de:descricao,2026-09-05T23:42:16.18+00:00,,CORRIGIR_APOS_AUTORIZACAO,False,2026-09-06T03:13:24.035Z
MLB4972532847,VTK012626,bcfd5b86-abf4-409f-8795-97cbda6d85a9,active,Escova Secadora Agratto Della Aesfo1i-03 Cinza 127/220v,MLB264715,Garantia de fábrica,3 meses,GARANTIA_FORNECEDOR,12,meses,produto_fornecedor_ofertas:6beead14-3d57-4ace-83be-d6b620fffc45:descricao,2026-09-05T23:34:29.139+00:00,,CORRIGIR_APOS_AUTORIZACAO,False,2026-09-06T03:13:35.125Z
MLB4972470597,VTK017679,cad1ab58-6d25-4c99-bd68-4d2a56976c6b,active,"Bateria Selada 6v 4,5ah Chumbo Vrla 1 Unidad",MLB57843,Garantia de fábrica,12 meses,GARANTIA_FORNECEDOR,6,meses,produto_fornecedor_ofertas:c5af2411-34d3-47b8-b7eb-070b80c37a4f:descricao,2026-09-06T00:41:41.754+00:00,,CORRIGIR_APOS_AUTORIZACAO,False,2026-09-06T03:13:35.856Z
MLB4971945321,VTK021272,6bff52a1-f593-4ffe-9bff-f885a087c607,active,Telefone Ip Voip Tip 125i Display Viva-voz Intelbras,MLB11347,Garantia de fábrica,12 meses,GARANTIA_FORNECEDOR,1,anos,produto_fornecedor_ofertas:8a9cea55-9bc1-4ca7-8f1c-3c880926c540:descricao,2026-09-05T23:52:15.31+00:00,,CORRIGIR_APOS_AUTORIZACAO,False,2026-09-06T03:13:38.203Z
MLB4971945255,VTK018787,8d23282f-5f35-4856-b5e7-8cfe11c885c5,active,Headset Intelbras Chs 55 Usb,MLB3828,Garantia de fábrica,12 meses,GARANTIA_FORNECEDOR,12,meses,produto_fornecedor_ofertas:25c3fc5d-aaed-4be8-b201-7204d5c1b420:descricao,2026-09-06T00:19:20.12+00:00,,CORRIGIR_APOS_AUTORIZACAO,False,2026-09-06T03:13:38.208Z
MLB7009932680,VTK000192,e69a45d5-6ea8-4ad8-b1ff-0f72068a880d,active,Ventilador Parede Ventisol New 60cm 127v Preto 60 Cm Preto 127v Plástico,MLB1645,Garantia de fábrica,12 meses,GARANTIA_FORNECEDOR,12,meses,produto_fornecedor_ofertas:dd7b096c-c923-40d5-baba-b153cddc3a0f:descricao,2026-09-05T23:23:22.863+00:00,,CORRIGIR_APOS_AUTORIZACAO,False,2026-09-06T03:13:46.064Z
MLB4824321721,VTK000192,e69a45d5-6ea8-4ad8-b1ff-0f72068a880d,active,Ventilador De Parede New Ventisol Comercial 60cm Com 3 Pás Estrutura Preto Pás Preto 60 Cm 127v Plástico,MLB1645,Garantia de fábrica,12 meses,GARANTIA_FORNECEDOR,12,meses,produto_fornecedor_ofertas:dd7b096c-c923-40d5-baba-b153cddc3a0f:descricao,2026-09-05T23:23:22.863+00:00,,CORRIGIR_APOS_AUTORIZACAO,False,2026-09-06T03:13:46.064Z
MLB7313984006,VTK005803,12586428-233c-4b8d-a6f4-f67687d53d66,active,Mangueira De Látex Kepper Expansível De 13 Metros Azul Com Bico E Adaptador,MLB189923,Garantia de fábrica,12 meses,GARANTIA_FORNECEDOR,3,meses,produto_fornecedor_ofertas:12bf1b60-5e7a-4db2-b5b6-03d6b1d28bf8:descricao,2026-09-05T23:42:16.18+00:00,,CORRIGIR_APOS_AUTORIZACAO,False,2026-09-06T03:13:47.898Z
MLB7313972084,VTK000678,c7d5f5a9-2038-4633-bb2a-fd4eef7f46d6,active,Ventilador De Teto Inverter Mistral Led 3 Pás Preto Com Controle Remoto Ventisol 96 Cm 60hz 127/220v Plástico,MLB1645,Garantia de fábrica,12 meses,GARANTIA_FORNECEDOR,12,meses,produto_fornecedor_ofertas:d04710de-0af6-409f-9b24-2b08c6a879d1:descricao,2026-09-05T23:59:15.165+00:00,,CORRIGIR_APOS_AUTORIZACAO,False,2026-09-06T03:13:49.272Z
MLB4981486471,VTK019114,37b54719-9216-4a9d-aee6-7f2e8cf0f67f,active,Módulo De Vidro Elétrico Soft Aw32 Toyota Etios 4 Portas,MLB191714,Garantia de fábrica,12 meses,GARANTIA_FORNECEDOR,2,anos,produto_fornecedor_ofertas:f285ca72-7005-4290-9726-7db63a9ef41f:descricao,2026-09-06T00:16:26.677+00:00,,CORRIGIR_APOS_AUTORIZACAO,False,2026-09-06T03:13:52.219Z
MLB4981311655,VTK017219,511c8cb3-fab6-4b79-81c0-e44c37eef5cd,active,Guia Organizador Cabos 2u X 19 Alta Densidade Preto,MLB271708,Garantia de fábrica,12 meses,GARANTIA_FORNECEDOR,1,anos,produto_fornecedor_ofertas:6ab1ba64-5f42-4caf-92b5-e3c396c46994:descricao,2026-09-05T23:23:22.863+00:00,,CORRIGIR_APOS_AUTORIZACAO,False,2026-09-06T03:13:53.538Z
MLB7320340944,VTK017268,a1d92fec-8eff-476e-9961-b52b396dc3a3,active,Roteador 4p Tp-link Archer Xr500v Wifi Gpon Voip Gigabit Dualb,MLB5867,Garantia de fábrica,12 meses,GARANTIA_FORNECEDOR,5,anos,produto_fornecedor_ofertas:c0def1a2-1f9e-407c-84e1-f1844befde1c:descricao,2026-09-05T23:26:31.54+00:00,,CORRIGIR_APOS_AUTORIZACAO,False,2026-09-06T03:13:54.051Z
MLB7317384038,VTK000489,eaadf369-f775-4c55-baf3-c4e47c13c248,active,Ventilador De Coluna Ventisol Turbo 6 Pás 30cm Preto 8234 30 Cm 60 Hz 220v Plástico,MLB1645,Garantia de fábrica,12 meses,GARANTIA_FORNECEDOR,12,meses,produto_fornecedor_ofertas:deb35075-bdee-4023-a4d2-17f520a90017:descricao,2026-09-06T00:09:15.988+00:00,,CORRIGIR_APOS_AUTORIZACAO,False,2026-09-06T03:13:55.218Z
MLB7316881180,VTK001348,820d71a3-a317-4c24-9b70-383e6c1bc0f8,active,Ventilador Parede Oscilante 50cm Plástico New Ventisol Estrutura Preto Pás Preto Diâmetro 50 Cm Frequência 60 Quantidade De Pás 3 220v,MLB1645,Garantia de fábrica,3 meses,GARANTIA_FORNECEDOR,12,meses,produto_fornecedor_ofertas:4f8c085d-1033-4002-9ad1-31ffc4a8bbec:descricao,2026-09-05T23:29:29.06+00:00,,CORRIGIR_APOS_AUTORIZACAO,False,2026-09-06T03:13:55.713Z
MLB7332787836,VTK018497,29ac58b9-df8c-4c8d-8fa8-c28e4b107a4c,active,Micro Inversor Solar Growatt Neo 2000m-x 2kw,MLB435616,Garantia de fábrica,12 meses,GARANTIA_FORNECEDOR,12,anos,produto_fornecedor_ofertas:b6460f64-fdd6-48ce-84a0-b05e471ce3b1:descricao,2026-09-06T00:02:21.8+00:00,,CORRIGIR_APOS_AUTORIZACAO,False,2026-09-06T03:13:57.799Z
MLB7332095162,VTK017371,8c1e94d9-b846-4d0b-9ce5-ffe3c766f700,active,Teclado Evus Tc-04 Multimidia Abnt2,MLB418472,Garantia de fábrica,12 meses,GARANTIA_FORNECEDOR,1,anos,produto_fornecedor_ofertas:c1079013-e676-4903-89d1-c9cd0e7ba26a:descricao,2026-09-05T23:29:29.06+00:00,,CORRIGIR_APOS_AUTORIZACAO,False,2026-09-06T03:14:01.202Z
MLB7331729024,VTK017372,d17feb11-da2c-4f67-a26e-d61bb063d6fb,active,Teclado Evus Tc-03 Standard Abnt2,MLB418472,Garantia de fábrica,12 meses,GARANTIA_FORNECEDOR,1,anos,produto_fornecedor_ofertas:ac157365-0c9c-484e-8034-5b770c751166:descricao,2026-09-05T23:29:29.06+00:00,,CORRIGIR_APOS_AUTORIZACAO,False,2026-09-06T03:14:01.708Z
MLB7330397384,VTK017760,aac0b9b3-eafd-4013-a7c3-a68118e9b81a,active,Mini Processador De Alimentos 5 Em 1 Elétrico 350 Ml 2 Lâminas Preto Agratto Ampr01i-01 127v,MLB31674,Garantia de fábrica,12 meses,GARANTIA_FORNECEDOR,12,meses,produto_fornecedor_ofertas:461f34cd-44db-4881-876c-f688711a3da3:descricao,2026-09-05T23:34:29.139+00:00,,CORRIGIR_APOS_AUTORIZACAO,False,2026-09-06T03:14:02.865Z
MLB7332781300,VTK023354,4a5a1575-a471-4470-9a4b-e8b834edc73b,active,Alicate De Corte Diagonal Hikari Hk-701 21a-701 6 ,MLB439330,Garantia de fábrica,12 meses,GARANTIA_FORNECEDOR,6,meses,produto_fornecedor_ofertas:b5f5b230-bc0f-4bc5-a8eb-ccd726c51e18:descricao,2026-09-05T23:39:34.295+00:00,,CORRIGIR_APOS_AUTORIZACAO,False,2026-09-06T03:14:06.654Z
MLB7332777170,VTK018977,499e1f82-8c57-4a87-ae60-33009268ac0b,active,Inversor Solar Saj 2kw 220v 1mppt Mono R5-2k-s1,MLB435616,Garantia de fábrica,12 meses,GARANTIA_FORNECEDOR,10,anos,produto_fornecedor_ofertas:526b5bf1-64d9-4ac3-b437-ab47067d0cab:descricao,2026-09-06T00:13:33.455+00:00,,CORRIGIR_APOS_AUTORIZACAO,False,2026-09-06T03:14:07.138Z
MLB7332764720,VTK019022,b0cbfece-4f82-46fa-a296-01e627d01e79,active,Antena Usb Parábola Grade Aquário Usb-2010 2.4 Ghz 20 Dbi,MLB63312,Garantia de fábrica,12 meses,GARANTIA_FORNECEDOR,1,anos,produto_fornecedor_ofertas:2d6eb13f-7d7f-43bc-b0b9-9a11ae3bb1ea:descricao,2026-09-06T00:13:33.456+00:00,,CORRIGIR_APOS_AUTORIZACAO,False,2026-09-06T03:14:07.447Z
MLB5005540513,VTK023354,4a5a1575-a471-4470-9a4b-e8b834edc73b,active,"Alicate Corte Diagonal 6 Hikari Hk-701 Azul, Amarelo",MLB439330,Garantia de fábrica,12 meses,GARANTIA_FORNECEDOR,6,meses,produto_fornecedor_ofertas:b5f5b230-bc0f-4bc5-a8eb-ccd726c51e18:descricao,2026-09-05T23:39:34.295+00:00,,CORRIGIR_APOS_AUTORIZACAO,False,2026-09-06T03:14:07.941Z
MLB7381756542,VTK018381,33cc5faf-5178-4aea-827e-0d86c55784b7,active,Detector Pyronix Fp02302 Octopus Dq 360 Graus 12 Metros,MLB277840,Garantia de fábrica,12 meses,GARANTIA_FORNECEDOR,5,anos,produto_fornecedor_ofertas:193d53f4-967a-4860-9912-af9af50b2d87:descricao,2026-09-05T23:59:15.165+00:00,,CORRIGIR_APOS_AUTORIZACAO,False,2026-09-06T03:14:08.966Z
MLB7381743794,VTK017238,3e20ce56-00dd-491e-a9d0-0a26e0431bfb,active,Detector De Temperatura 12 24v Segurimax Contato Seco,MLB7070,Garantia de fábrica,12 meses,GARANTIA_FORNECEDOR,1,anos,produto_fornecedor_ofertas:5ae501cf-f523-4dad-8f33-40e0769012e3:descricao,2026-09-05T23:26:31.54+00:00,,CORRIGIR_APOS_AUTORIZACAO,False,2026-09-06T03:14:11.100Z
MLB7381675254,VTK018448,71e8cbf9-9eba-45b9-8902-5f177dc768bc,active,Bandeja Móvel Max Eletron 19 1u X 600mm Ventilada 4 Pontos,MLB419878,Garantia de fábrica,12 meses,GARANTIA_FORNECEDOR,12,meses,produto_fornecedor_ofertas:c79a7653-ab9b-4f35-adb7-0af2645982a0:descricao,2026-09-05T23:59:15.165+00:00,,CORRIGIR_APOS_AUTORIZACAO,False,2026-09-06T03:14:11.764Z
MLB7381238864,VTK017218,8e3dc4a9-f886-467a-92ec-d7eb50745ffc,active,Guia Organizador Cabos 2u X 19 Alta Preto,MLB271708,Garantia de fábrica,12 meses,GARANTIA_FORNECEDOR,1,anos,produto_fornecedor_ofertas:1883c232-ecde-4dda-a241-ecb5854593a2:descricao,2026-09-05T23:23:22.863+00:00,,CORRIGIR_APOS_AUTORIZACAO,False,2026-09-06T03:14:14.063Z
MLB5034732715,VTK017577,ad9bb504-524a-48d3-a56c-146c4f1781ab,active,Fone De Ouvido Para Radio Comunicador Intelbras Hc20pt,MLB418301,Garantia de fábrica,12 meses,GARANTIA_FORNECEDOR,3,meses,produto_fornecedor_ofertas:773e7631-02aa-4cd2-a456-ebff7e0f0150:descricao,2026-09-05T23:37:28.28+00:00,,CORRIGIR_APOS_AUTORIZACAO,False,2026-09-06T03:14:16.750Z
MLB5034732711,VTK023357,be4bab51-782b-4663-a044-ce7441a10ebe,active,Bateria Selada De Chumbo Elgin Vrla 12v 18ah,MLB57843,Garantia de fábrica,12 meses,GARANTIA_FORNECEDOR,6,meses,produto_fornecedor_ofertas:c92450ad-7dc1-4a17-9491-0cabd0733a9f:descricao,2026-09-05T23:39:34.295+00:00,,CORRIGIR_APOS_AUTORIZACAO,False,2026-09-06T03:14:16.753Z
MLB5034732297,VTK019006,8fb3551e-691c-46ca-b878-137a487091dc,active,Testador Smd Com Pinça Hikari Hm 10,MLB260688,Garantia de fábrica,12 meses,GARANTIA_FORNECEDOR,12,meses,produto_fornecedor_ofertas:28d97870-acca-42bc-aa98-5e15ef1d908c:descricao,2026-09-06T00:19:20.12+00:00,,CORRIGIR_APOS_AUTORIZACAO,False,2026-09-06T03:14:17.216Z
MLB7391077794,VTK017238,3e20ce56-00dd-491e-a9d0-0a26e0431bfb,active,Detector Térmico De Incêndio Segurimax 12/24v Led,MLB7070,Garantia de fábrica,12 meses,GARANTIA_FORNECEDOR,1,anos,produto_fornecedor_ofertas:5ae501cf-f523-4dad-8f33-40e0769012e3:descricao,2026-09-05T23:26:31.54+00:00,,CORRIGIR_APOS_AUTORIZACAO,False,2026-09-06T03:14:17.750Z
MLB7390922484,VTK023357,be4bab51-782b-4663-a044-ce7441a10ebe,active,Bateria Selada Elgin 12v 18ah Vrla Para Nobreak,MLB57843,Garantia de fábrica,12 meses,GARANTIA_FORNECEDOR,6,meses,produto_fornecedor_ofertas:c92450ad-7dc1-4a17-9491-0cabd0733a9f:descricao,2026-09-05T23:39:34.295+00:00,,CORRIGIR_APOS_AUTORIZACAO,False,2026-09-06T03:14:18.384Z
MLB7400500850,VTK000244,908597bc-ffb3-4481-a8ac-fe59607034be,active,Antena Digital Externa Com Suporte E Cabo 15 Metros Preto,MLB44572,Garantia de fábrica,12 meses,GARANTIA_FORNECEDOR,1,anos,produto_fornecedor_ofertas:e9e58c6e-a022-49fe-af6c-0acb1262d089:descricao,2026-09-05T23:34:29.139+00:00,,CORRIGIR_APOS_AUTORIZACAO,False,2026-09-06T03:14:19.183Z
MLB5050065459,VTK002792,e1010b67-3341-4029-af06-99c399d85197,active,Detector Sensor Fumaca Optico Segurimax 12v 24v,MLB7070,Garantia de fábrica,12 meses,GARANTIA_FORNECEDOR,1,anos,produto_fornecedor_ofertas:4bb49df3-03c7-4966-b3ea-656a9131d10a:descricao,2026-09-05T23:26:31.54+00:00,,CORRIGIR_APOS_AUTORIZACAO,False,2026-09-06T03:14:19.186Z
MLB7432445588,VTK026046,6071fadf-6a8b-4731-a82a-80874fee6353,active,Umidificador Ultrassônico Uv-04 Bivolt Ventisol Branco 127/220v,MLB120425,,,GARANTIA_FORNECEDOR,12,meses,produto_fornecedor_ofertas:2d26dd7b-5e07-4313-8ce1-d7faeaa1bc0f:descricao,2026-09-05T23:34:29.139+00:00,,CORRIGIR_APOS_AUTORIZACAO,False,2026-09-06T03:14:21.023Z
MLB5108989417,VTK018448,71e8cbf9-9eba-45b9-8902-5f177dc768bc,active,"Bandeja Móvel Ventilada Max Eletron De 19  Para Rack, 600mm Preto",MLB419878,Garantia de fábrica,12 meses,GARANTIA_FORNECEDOR,12,meses,produto_fornecedor_ofertas:c79a7653-ab9b-4f35-adb7-0af2645982a0:descricao,2026-09-05T23:59:15.165+00:00,,CORRIGIR_APOS_AUTORIZACAO,False,2026-09-06T03:14:22.559Z
MLB5191246487,VTK000876,ba5b084f-f17d-4e9f-bd13-ecf478e7d832,active,"Suporte Ajustável Notebook C3tech Nbc-40bk Preto 15,6 Polegadas",MLB63262,Garantia de fábrica,12 meses,GARANTIA_FORNECEDOR,365,dias,produto_fornecedor_ofertas:1ea7c305-7bc7-4c7b-b297-43ec14652d2a:descricao,2026-09-05T23:34:29.139+00:00,,CORRIGIR_APOS_AUTORIZACAO,False,2026-09-06T03:14:24.995Z
MLB6563424802,VTK001185,d384d6fc-97de-4532-85d5-f9852ae5be70,paused,Nobreak Ts Shara Xpro Universal 1400va Bivolt 6 Tomadas Preto,MLB270504,Garantia de fábrica,12 meses,GARANTIA_FORNECEDOR,1,anos,produto_fornecedor_ofertas:db5675a2-bd74-486e-9252-566c29e87cd4:descricao,2026-09-06T02:09:17.489+00:00,,CORRIGIR_APOS_AUTORIZACAO,False,2026-09-06T03:14:26.756Z
MLB6565217410,VTK001369,ac781d9f-3af3-4553-831d-8f67fbd6ec38,paused,Nobreak Ts Shara Xpro Compact 1000va Universal Preto,MLB270504,Garantia de fábrica,12 meses,GARANTIA_FORNECEDOR,1,anos,produto_fornecedor_ofertas:a6918f6a-6ef9-4848-b0ec-6d0ad2960225:descricao,2026-09-06T01:15:27.169+00:00,,CORRIGIR_APOS_AUTORIZACAO,False,2026-09-06T03:14:31.243Z
MLB6573129120,VTK000869,b225442d-d4a7-4f96-8de5-cda2c94a2518,paused,Estabilizador Powerest 700va Bivolt Ts Shara,MLB1720,Garantia de fábrica,12 meses,GARANTIA_FORNECEDOR,3,anos,produto_fornecedor_ofertas:7517436b-6a3a-4ed1-bcce-298b7d4ce033:descricao,2026-09-06T02:14:27.975+00:00,,CORRIGIR_APOS_AUTORIZACAO,False,2026-09-06T03:14:35.623Z
MLB4585804315,VTK000834,5910f13e-8cfa-40ef-9efd-9fdaf30ae999,paused,Nobreak Ts Shara Xpro Universal 1200va Bivolt 6 Tomadas Preto,MLB270504,Garantia de fábrica,12 meses,GARANTIA_FORNECEDOR,1,anos,produto_fornecedor_ofertas:6d9b24dd-70f2-4474-b21d-4bd0a2d8b966:descricao,2026-09-06T02:11:30.661+00:00,,CORRIGIR_APOS_AUTORIZACAO,False,2026-09-06T03:14:40.426Z
MLB7009932912,VTK000431,45a93cd8-60b1-4eb4-b863-6b6d570ad490,paused,Ventilador Parede Ventisol Monta Fácil 50cm 6 Pás 50 Cm Preto 127v Plástico 6,MLB1645,Garantia de fábrica,12 meses,GARANTIA_FORNECEDOR,12,meses,produto_fornecedor_ofertas:59b87551-636a-4338-930a-3101ce38552b:descricao,2026-09-06T01:38:17.4+00:00,,CORRIGIR_APOS_AUTORIZACAO,False,2026-09-06T03:14:49.123Z
MLB7009920078,VTK002677,aad1c388-4c3b-4d56-a2c3-30ee79fe2303,paused,Ventilador Parede Ventisol Steel 50cm 200w Bivolt 50 Cm Preto 127v/220v Cinza Plástico 6,MLB1645,Garantia de fábrica,12 meses,GARANTIA_FORNECEDOR,12,meses,produto_fornecedor_ofertas:f1ab7daf-666e-4209-8e60-990e68869e68:descricao,2026-09-05T23:23:22.863+00:00,,CORRIGIR_APOS_AUTORIZACAO,False,2026-09-06T03:14:49.123Z
MLB7009876106,VTK000327,3f94d667-b7d5-4f94-82cd-d57e7dfd574d,paused,Cabo De Rede Furukawa Sohoplus Cat6 Utp Cmx 305m,MLB431815,Garantia de fábrica,12 meses,GARANTIA_FORNECEDOR,12,meses,produto_fornecedor_ofertas:89bf33cc-e296-4c50-8f3e-4c2a4f5070cf:descricao,2026-09-06T01:25:27.32+00:00,,CORRIGIR_APOS_AUTORIZACAO,False,2026-09-06T03:14:49.287Z
MLB4807796125,VTK000431,45a93cd8-60b1-4eb4-b863-6b6d570ad490,paused,Ventisol Ventilador De Parede Monta Fácil 50cm Preto 50 Cm 127v Plástico 6,MLB1645,Garantia de fábrica,12 meses,GARANTIA_FORNECEDOR,12,meses,produto_fornecedor_ofertas:59b87551-636a-4338-930a-3101ce38552b:descricao,2026-09-06T01:38:17.4+00:00,,CORRIGIR_APOS_AUTORIZACAO,False,2026-09-06T03:14:57.159Z
MLB7062174544,VTK000327,3f94d667-b7d5-4f94-82cd-d57e7dfd574d,paused,Cabo De Rede Utp Cat6 Preto Furukawa Sohoplus Rolo 150 Mt,MLB431815,Garantia de fábrica,12 meses,GARANTIA_FORNECEDOR,12,meses,produto_fornecedor_ofertas:89bf33cc-e296-4c50-8f3e-4c2a4f5070cf:descricao,2026-09-06T01:25:27.32+00:00,,CORRIGIR_APOS_AUTORIZACAO,False,2026-09-06T03:14:57.708Z
MLB7062096550,VTK000327,3f94d667-b7d5-4f94-82cd-d57e7dfd574d,paused,Furukawa Cabo Utp Cat6 24awg 35m Preto Cobre Modelo 23400187,MLB431815,Garantia de fábrica,12 meses,GARANTIA_FORNECEDOR,12,meses,produto_fornecedor_ofertas:89bf33cc-e296-4c50-8f3e-4c2a4f5070cf:descricao,2026-09-06T01:25:27.32+00:00,,CORRIGIR_APOS_AUTORIZACAO,False,2026-09-06T03:14:57.867Z
MLB7061381564,VTK000327,3f94d667-b7d5-4f94-82cd-d57e7dfd574d,paused,Cabo Rede Furukawa Soho Plus Cat6 305m Cmx U/utp Anti-chamas,MLB431815,Garantia de fábrica,12 meses,GARANTIA_FORNECEDOR,12,meses,produto_fornecedor_ofertas:89bf33cc-e296-4c50-8f3e-4c2a4f5070cf:descricao,2026-09-06T01:25:27.32+00:00,,CORRIGIR_APOS_AUTORIZACAO,False,2026-09-06T03:14:57.869Z
MLB7061199552,VTK000327,3f94d667-b7d5-4f94-82cd-d57e7dfd574d,paused,Cabo De Rede Furukawa Soho Plus Cat6 U/utp 24awg - 305m Cor Preto,MLB431815,Garantia de fábrica,12 meses,GARANTIA_FORNECEDOR,12,meses,produto_fornecedor_ofertas:89bf33cc-e296-4c50-8f3e-4c2a4f5070cf:descricao,2026-09-06T01:25:27.32+00:00,,CORRIGIR_APOS_AUTORIZACAO,False,2026-09-06T03:14:57.869Z
MLB7076594962,VTK000171,a21e93b9-7057-4f31-84eb-2b2cbde856fc,paused,Ventilador De Parede Ventisol Oscilante 60cm Aço Preto 60 Cm Preto 220v Plástico,MLB1645,Garantia de fábrica,12 meses,GARANTIA_FORNECEDOR,12,meses,produto_fornecedor_ofertas:f7666943-4e83-44fa-92ee-fcbd19aaccef:descricao,2026-09-05T23:49:23.933+00:00,,CORRIGIR_APOS_AUTORIZACAO,False,2026-09-06T03:14:58.935Z
MLB4836093067,VTK000101,0031fe1b-1b9c-473c-9923-85745b469bef,paused,Estabilizador Ts Shara Powerest 1000va Bivolt 9007 Preto,MLB1720,Garantia de fábrica,12 meses,GARANTIA_FORNECEDOR,3,anos,produto_fornecedor_ofertas:c9f29755-7dc5-4685-aa90-52dc38e60522:descricao,2026-09-06T00:38:27.334+00:00,,CORRIGIR_APOS_AUTORIZACAO,False,2026-09-06T03:14:59.938Z
MLB7087436152,VTK004526,371a9470-29f8-4937-a0ed-a551d01ea1b9,paused,Ventilador Parede Ventisol Falcon 60cm 230w Bivolt 60 Cm Preto 127/220v Plástico 6,MLB1645,Garantia de fábrica,12 meses,GARANTIA_FORNECEDOR,12,meses,produto_fornecedor_ofertas:9101bb9c-f50c-45ab-aefb-4d4f89d3ea42:descricao,2026-09-06T02:14:27.975+00:00,,CORRIGIR_APOS_AUTORIZACAO,False,2026-09-06T03:15:01.277Z
MLB7087149522,VTK001056,7f883cb2-4aab-4ee2-9816-b19947fc8d33,paused,Ventilador De Teto Ventisol Mistral 3 Pás Branco/bronze Branco 220v Plástico 3,MLB1645,Garantia de fábrica,12 meses,GARANTIA_FORNECEDOR,12,meses,produto_fornecedor_ofertas:08aad040-9a8c-4df5-a946-8ef5e3b74bc8:descricao,2026-09-06T02:03:33.903+00:00,,CORRIGIR_APOS_AUTORIZACAO,False,2026-09-06T03:15:06.171Z
MLB7087131276,VTK001065,93af5f2f-aeed-4ba5-80c4-99a6093467a3,paused,Cabo De Rede Cat 6 Cmx 305m Branco Furukawa Sohoplus,MLB431815,Garantia de fábrica,12 meses,GARANTIA_FORNECEDOR,12,meses,produto_fornecedor_ofertas:7d0e5219-b389-4b91-bdf0-2990987123c7:descricao,2026-09-06T01:25:27.32+00:00,,CORRIGIR_APOS_AUTORIZACAO,False,2026-09-06T03:15:06.341Z
MLB7087131166,VTK001064,920bbd7f-8b15-46bf-8f48-4c24e34d6ded,paused,Cabo De Rede Cinza Cat 6 Cmx 305m Furukawa Sohoplus,MLB431815,Garantia de fábrica,12 meses,GARANTIA_FORNECEDOR,12,meses,produto_fornecedor_ofertas:80bd6c66-8271-4f99-8f22-902c52c1670b:descricao,2026-09-06T01:25:27.32+00:00,,CORRIGIR_APOS_AUTORIZACAO,False,2026-09-06T03:15:06.360Z
MLB7087124382,VTK000700,fb9d6eb6-4f5e-4e06-96a5-9daedcfc6b09,paused,Climatizador Ventisol Clin16-02 16l 130w 220v Branco 220v,MLB72503,Garantia de fábrica,12 meses,GARANTIA_FORNECEDOR,12,meses,produto_fornecedor_ofertas:a5a785ea-d1e7-4bf3-8e22-e8d31a9aa649:descricao,2026-09-06T02:01:22.557+00:00,,CORRIGIR_APOS_AUTORIZACAO,False,2026-09-06T03:15:06.687Z
MLB7087039266,VTK000415,1a757683-36f2-46d3-b51e-bb01f2350d17,paused,Cabo Rede Furukawa Sohoplus Cat6 Utp Cmx 305m,MLB431815,Garantia de fábrica,12 meses,GARANTIA_FORNECEDOR,12,meses,produto_fornecedor_ofertas:217807fd-5f4d-4acb-b318-e2f6365ece65:descricao,2026-09-06T01:33:28.273+00:00,,CORRIGIR_APOS_AUTORIZACAO,False,2026-09-06T03:15:08.821Z
MLB7087035502,VTK000396,f7ef2e69-1ab4-4bad-904e-a526567c5ce9,paused,Cabo De Rede Furukawa Sohoplus Cat5e Utp 305m,MLB431815,Garantia de fábrica,12 meses,GARANTIA_FORNECEDOR,12,meses,produto_fornecedor_ofertas:b55cc5ee-7adb-42d1-b459-d0590940def3:descricao,2026-09-06T00:28:33.293+00:00,,CORRIGIR_APOS_AUTORIZACAO,False,2026-09-06T03:15:08.988Z
MLB7086987432,VTK000264,b60282f4-c175-4d60-ad13-14ba72055f10,paused,Termo-higrômetro Minipa Mt-241a Digital Interno Externo,MLB49081,Garantia de fábrica,12 meses,GARANTIA_FORNECEDOR,3,meses,produto_fornecedor_ofertas:842ac3a5-f7e3-4efb-9c98-a0a5be5baec6:descricao,2026-09-06T01:09:28.957+00:00,,CORRIGIR_APOS_AUTORIZACAO,False,2026-09-06T03:15:09.650Z
MLB7086985642,VTK000178,af7cdd60-596b-42fd-b646-9c8e8e04e900,paused,Cabo Rede Furukawa Sohoplus Cat6 U/utp Cmx Azul 305m,MLB431815,Garantia de fábrica,12 meses,GARANTIA_FORNECEDOR,12,meses,produto_fornecedor_ofertas:53937316-6170-4aa1-bb5e-0a941851ca6b:descricao,2026-09-06T00:50:21.015+00:00,,CORRIGIR_APOS_AUTORIZACAO,False,2026-09-06T03:15:09.501Z
MLB7086955866,VTK000081,ddb7ff2b-f040-4012-aec0-ae8086f8373c,paused,Cabo Rede Furukawa Sohoplus Cat5e U/utp Cmx 305m Azul,MLB431815,Garantia de fábrica,12 meses,GARANTIA_FORNECEDOR,12,meses,produto_fornecedor_ofertas:1dc01c4a-f6cc-4966-b54b-adbdfe7ce12c:descricao,2026-09-06T00:24:18.583+00:00,,CORRIGIR_APOS_AUTORIZACAO,False,2026-09-06T03:15:10.670Z
MLB4842212773,VTK005420,2a6f1e92-bbe6-4595-8acc-17e54ad5d2ad,paused,Climatizador Ventisol Clin16-02 16l 130w 127v Branco/cinza 127v,MLB72503,Garantia de fábrica,12 meses,GARANTIA_FORNECEDOR,12,meses,produto_fornecedor_ofertas:1377ded0-4121-47ac-bdfa-022fb8afc9cf:descricao,2026-09-06T02:06:28.736+00:00,,CORRIGIR_APOS_AUTORIZACAO,False,2026-09-06T03:15:11.339Z
MLB4842129805,VTK001415,31073a1c-42bf-4e7c-8894-5481d77da49c,paused,Cabo Rede Furukawa Sohoplus Cat5e Cmx Cinza 305m,MLB431815,Garantia de fábrica,12 meses,GARANTIA_FORNECEDOR,12,meses,produto_fornecedor_ofertas:f30f0d1e-c59e-4c41-b3a6-d2b323c09c44:descricao,2026-09-06T00:28:33.293+00:00,,CORRIGIR_APOS_AUTORIZACAO,False,2026-09-06T03:15:14.307Z
MLB4841970175,VTK000386,dd37c80d-9387-4e64-a622-f9805574182a,paused,Cabo De Rede Furukawa Sohoplus Cat5e Utp 305m,MLB431815,Garantia de fábrica,12 meses,GARANTIA_FORNECEDOR,12,meses,produto_fornecedor_ofertas:e84902b7-bab9-401e-b516-f1479695908f:descricao,2026-09-06T00:28:33.293+00:00,,CORRIGIR_APOS_AUTORIZACAO,False,2026-09-06T03:15:19.137Z
MLB4841913775,VTK000042,6e24d68f-9d50-4688-8d0d-9f40bf519ce4,paused,Alicate Amperimetro Digital Minipa Et 3200a 1000a Ca,MLB30162,Garantia de fábrica,12 meses,GARANTIA_FORNECEDOR,12,meses,produto_fornecedor_ofertas:a0adb4eb-39c1-4f2d-8ca0-00c58eebeab9:descricao,2026-09-06T00:24:18.583+00:00,,CORRIGIR_APOS_AUTORIZACAO,False,2026-09-06T03:15:19.664Z
MLB7097115554,VTK000042,6e24d68f-9d50-4688-8d0d-9f40bf519ce4,paused,Alicate Amperímetro Minipa Et3200a 1000a Ca,MLB30162,Garantia de fábrica,12 meses,GARANTIA_FORNECEDOR,12,meses,produto_fornecedor_ofertas:a0adb4eb-39c1-4f2d-8ca0-00c58eebeab9:descricao,2026-09-06T00:24:18.583+00:00,,CORRIGIR_APOS_AUTORIZACAO,False,2026-09-06T03:15:20.014Z
MLB7095638400,VTK000576,babe86b2-c048-4951-b8bd-f19d64287569,paused,Estabilizador Ts Shara Powerest 300va 115v 4 Tomadas,MLB1720,Garantia de fábrica,12 meses,GARANTIA_FORNECEDOR,4,anos,produto_fornecedor_ofertas:189ee9d9-e4f2-4348-b2f9-e9ee1a229b71:descricao,2026-09-06T01:48:19.941+00:00,,CORRIGIR_APOS_AUTORIZACAO,False,2026-09-06T03:15:20.684Z
MLB7095390074,VTK000178,af7cdd60-596b-42fd-b646-9c8e8e04e900,paused,Cabo De Rede Azul Utp Rj45 Cat6 Furukawa Sohoplus Cx 305 Mts,MLB431815,Garantia de fábrica,12 meses,GARANTIA_FORNECEDOR,12,meses,produto_fornecedor_ofertas:53937316-6170-4aa1-bb5e-0a941851ca6b:descricao,2026-09-06T00:50:21.015+00:00,,CORRIGIR_APOS_AUTORIZACAO,False,2026-09-06T03:15:21.637Z
MLB7095390042,VTK000396,f7ef2e69-1ab4-4bad-904e-a526567c5ce9,paused,Cabo Rede Rj45 U/utp Cat5e Furukawa Sohoplus 305m Cobre Puro Cor Preto,MLB431815,Garantia de fábrica,12 meses,GARANTIA_FORNECEDOR,12,meses,produto_fornecedor_ofertas:b55cc5ee-7adb-42d1-b459-d0590940def3:descricao,2026-09-06T00:28:33.293+00:00,,CORRIGIR_APOS_AUTORIZACAO,False,2026-09-06T03:15:21.633Z
MLB7095338504,VTK005420,2a6f1e92-bbe6-4595-8acc-17e54ad5d2ad,paused,Climatizador Portátil 16 Litros 130w Ventisol Clin16 Cor Cinza 127v,MLB72503,Garantia de fábrica,12 meses,GARANTIA_FORNECEDOR,12,meses,produto_fornecedor_ofertas:1377ded0-4121-47ac-bdfa-022fb8afc9cf:descricao,2026-09-06T02:06:28.736+00:00,,CORRIGIR_APOS_AUTORIZACAO,False,2026-09-06T03:15:22.109Z
MLB7095337830,VTK001064,920bbd7f-8b15-46bf-8f48-4c24e34d6ded,paused,Cabo De Rede Furukawa Soho Plus Cat6 Cmx Cx 305m Cinza,MLB431815,Garantia de fábrica,12 meses,GARANTIA_FORNECEDOR,12,meses,produto_fornecedor_ofertas:80bd6c66-8271-4f99-8f22-902c52c1670b:descricao,2026-09-06T01:25:27.32+00:00,,CORRIGIR_APOS_AUTORIZACAO,False,2026-09-06T03:15:22.288Z
MLB7095328234,VTK000386,dd37c80d-9387-4e64-a622-f9805574182a,paused,Cabo De Rede Furukawa Cat5e Utp 305m 100% Cobre Branco,MLB431815,Garantia de fábrica,12 meses,GARANTIA_FORNECEDOR,12,meses,produto_fornecedor_ofertas:e84902b7-bab9-401e-b516-f1479695908f:descricao,2026-09-06T00:28:33.293+00:00,,CORRIGIR_APOS_AUTORIZACAO,False,2026-09-06T03:15:22.612Z
MLB7095326792,VTK001415,31073a1c-42bf-4e7c-8894-5481d77da49c,paused,Cabo De Rede Furukawa Soho Plus Cat5e 305 Metros Cmx Cftv 4 Pares 100% Cobre - Cinza,MLB431815,Garantia de fábrica,12 meses,GARANTIA_FORNECEDOR,12,meses,produto_fornecedor_ofertas:f30f0d1e-c59e-4c41-b3a6-d2b323c09c44:descricao,2026-09-06T00:28:33.293+00:00,,CORRIGIR_APOS_AUTORIZACAO,False,2026-09-06T03:15:22.773Z
MLB4850158181,VTK000264,b60282f4-c175-4d60-ad13-14ba72055f10,paused,Relogio Termo Higrometro 2 Canais Mt-241a Minipa,MLB49081,Garantia de fábrica,12 meses,GARANTIA_FORNECEDOR,3,meses,produto_fornecedor_ofertas:842ac3a5-f7e3-4efb-9c98-a0a5be5baec6:descricao,2026-09-06T01:09:28.957+00:00,,CORRIGIR_APOS_AUTORIZACAO,False,2026-09-06T03:15:25.165Z
MLB7105511124,VTK004526,371a9470-29f8-4937-a0ed-a551d01ea1b9,paused,Ventilador De Parede 60 Cm Oscilante Preto Falcon Ventisol Material Das Pás Plastico Quantidade De Pás 6 127/220v,MLB1645,Garantia de fábrica,12 meses,GARANTIA_FORNECEDOR,12,meses,produto_fornecedor_ofertas:9101bb9c-f50c-45ab-aefb-4d4f89d3ea42:descricao,2026-09-06T02:14:27.975+00:00,,CORRIGIR_APOS_AUTORIZACAO,False,2026-09-06T03:15:25.481Z
MLB7111547940,VTK001253,745083f7-8942-4e94-8f7a-e27ff7ee5061,paused,Multímetro Minipa Et-2082e True Rms 20a Cat Iii 600v,MLB30214,Garantia de fábrica,12 meses,GARANTIA_FORNECEDOR,12,meses,produto_fornecedor_ofertas:6de7dd80-8bda-46cf-9667-7e99c04c73bc:descricao,2026-09-06T01:28:32.794+00:00,,CORRIGIR_APOS_AUTORIZACAO,False,2026-09-06T03:15:28.178Z
MLB4857541505,VTK002002,041f2d0a-ad39-4c1a-9495-153f8dd07ae2,paused,Ventilador Mesa Ventisol Turbo 6 40cm Forte Silencioso 127v 30 Cm 60hz Preto 127v Cinza Plástico 6,MLB1645,Garantia de fábrica,3 meses,GARANTIA_FORNECEDOR,12,meses,produto_fornecedor_ofertas:9d62a9cc-f7e3-4b9d-950f-9533b65ec98b:descricao,2026-09-05T23:23:22.863+00:00,,CORRIGIR_APOS_AUTORIZACAO,False,2026-09-06T03:15:30.700Z
MLB4857541493,VTK002038,7b28fa69-be7d-4cb7-a75b-93c1223266a4,paused,Ventilador De Mesa Ventisol Turbo 6 40cm Preto/cinza 220v 30 Cm 60 Hz Preto 220v Azul Plástico 6,MLB1645,Garantia de fábrica,3 meses,GARANTIA_FORNECEDOR,12,meses,produto_fornecedor_ofertas:a44707a5-79bd-4f64-9329-5ff27ed597b7:descricao,2026-09-06T00:02:21.8+00:00,,CORRIGIR_APOS_AUTORIZACAO,False,2026-09-06T03:15:30.697Z
MLB4857497845,VTK006597,efff24ec-1370-4658-86f0-9e685a513eeb,paused,Ferro Arno Steamgliss Fsgp Antiaderente 1200w Branco/verde 127v,MLB31689,Garantia de fábrica,12 meses,GARANTIA_FORNECEDOR,12,meses,produto_fornecedor_ofertas:4c6ae0d6-44cb-4b49-9a83-ce8456492721:descricao,2026-09-06T02:22:23.547+00:00,,CORRIGIR_APOS_AUTORIZACAO,False,2026-09-06T03:15:33.455Z
MLB4857497823,VTK003763,9ebe8768-a13b-4c84-bf13-3632e421bd4e,paused,Aspirador Pó E Água Agratto Gt1500 11l 1400w Preto/amarelo 127v,MLB270503,Garantia de fábrica,12 meses,GARANTIA_FORNECEDOR,12,meses,produto_fornecedor_ofertas:9b40397b-2bc5-4a5b-9130-b602d67d4bc5:descricao,2026-09-05T23:49:23.933+00:00,,CORRIGIR_APOS_AUTORIZACAO,False,2026-09-06T03:15:34.329Z
MLB7149335436,VTK001253,745083f7-8942-4e94-8f7a-e27ff7ee5061,paused,Multímetro Digital - Et-2082e Minipa,MLB30214,Garantia de fábrica,12 meses,GARANTIA_FORNECEDOR,12,meses,produto_fornecedor_ofertas:6de7dd80-8bda-46cf-9667-7e99c04c73bc:descricao,2026-09-06T01:28:32.794+00:00,,CORRIGIR_APOS_AUTORIZACAO,False,2026-09-06T03:15:43.565Z
MLB4880633331,VTK003763,9ebe8768-a13b-4c84-bf13-3632e421bd4e,paused,Aspirador De Pó E Agua Gt1500 11l 1400w Pto/am. Preto/amarelo 220v,MLB270503,Garantia de fábrica,12 meses,GARANTIA_FORNECEDOR,12,meses,produto_fornecedor_ofertas:9b40397b-2bc5-4a5b-9130-b602d67d4bc5:descricao,2026-09-05T23:49:23.933+00:00,,CORRIGIR_APOS_AUTORIZACAO,False,2026-09-06T03:15:44.527Z
MLB4880633277,VTK006597,efff24ec-1370-4658-86f0-9e685a513eeb,paused,Ferro A Vapor Elétrico Arno Steamgliss Fsgp Cor Branco/verde 127v,MLB31689,Garantia de fábrica,12 meses,GARANTIA_FORNECEDOR,12,meses,produto_fornecedor_ofertas:4c6ae0d6-44cb-4b49-9a83-ce8456492721:descricao,2026-09-06T02:22:23.547+00:00,,CORRIGIR_APOS_AUTORIZACAO,False,2026-09-06T03:15:44.525Z
MLB4880559997,VTK000576,babe86b2-c048-4951-b8bd-f19d64287569,paused,Estabilizador Ts Shara Powerest 300va E.mono 115v S.115v 4t Cor Preto,MLB1720,Garantia de fábrica,12 meses,GARANTIA_FORNECEDOR,4,anos,produto_fornecedor_ofertas:189ee9d9-e4f2-4348-b2f9-e9ee1a229b71:descricao,2026-09-06T01:48:19.941+00:00,,CORRIGIR_APOS_AUTORIZACAO,False,2026-09-06T03:15:44.835Z
MLB7151451634,VTK002038,7b28fa69-be7d-4cb7-a75b-93c1223266a4,paused,Ventilador Mesa Turbo 6 Pás 30cm Azul Premium Ventisol 30 Cm 60 Hz Preto Azul Plástico 6 220v,MLB1645,Garantia de fábrica,3 meses,GARANTIA_FORNECEDOR,12,meses,produto_fornecedor_ofertas:a44707a5-79bd-4f64-9329-5ff27ed597b7:descricao,2026-09-06T00:02:21.8+00:00,,CORRIGIR_APOS_AUTORIZACAO,False,2026-09-06T03:15:46.568Z
MLB4898612533,VTK000081,ddb7ff2b-f040-4012-aec0-ae8086f8373c,paused,Cabo De Rede Furukawa Cat 5e Caixa 305m Cmx Soho Plus Azul,MLB431815,Garantia de fábrica,12 meses,GARANTIA_FORNECEDOR,12,meses,produto_fornecedor_ofertas:1dc01c4a-f6cc-4966-b54b-adbdfe7ce12c:descricao,2026-09-06T00:24:18.583+00:00,,CORRIGIR_APOS_AUTORIZACAO,False,2026-09-06T03:15:48.652Z
MLB4907843257,VTK001369,ac781d9f-3af3-4553-831d-8f67fbd6ec38,paused,Nobreak Ts Shara Ups Xpro Compact 1000va Universal Bivolt - 4528 Preto,MLB270504,Garantia de fábrica,12 meses,GARANTIA_FORNECEDOR,1,anos,produto_fornecedor_ofertas:a6918f6a-6ef9-4848-b0ec-6d0ad2960225:descricao,2026-09-06T01:15:27.169+00:00,,CORRIGIR_APOS_AUTORIZACAO,False,2026-09-06T03:15:49.641Z
MLB7152529522,VTK003590,dcb3befc-0e4a-462a-88f8-46e4ad835d12,paused,Suporte De Parede Fixo Tv/monitor De 14 Até 84 Multivisão Cor Preto,MLB11529,Garantia de fábrica,3 meses,GARANTIA_FORNECEDOR,5,anos,produto_fornecedor_ofertas:35391ae6-ad28-4e96-8822-64570475137a:descricao,2026-09-06T01:09:28.957+00:00,,CORRIGIR_APOS_AUTORIZACAO,False,2026-09-06T03:15:49.955Z
MLB4857625809,VTK003590,dcb3befc-0e4a-462a-88f8-46e4ad835d12,paused,Suporte Fixo Para Tv 14  A 84  M1-pr Preto Multivisão Preto,MLB11529,Garantia de fábrica,3 meses,GARANTIA_FORNECEDOR,5,anos,produto_fornecedor_ofertas:35391ae6-ad28-4e96-8822-64570475137a:descricao,2026-09-06T01:09:28.957+00:00,,CORRIGIR_APOS_AUTORIZACAO,False,2026-09-06T03:15:50.833Z
MLB7137189150,VTK004736,67b651cb-747d-42a2-9616-1796bce649f7,paused,Alicate De Crimpar Hikari Hk-303 Catraca Rj45 Rj12 Rj11,MLB188429,Garantia de fábrica,12 meses,GARANTIA_FORNECEDOR,6,meses,produto_fornecedor_ofertas:ba8b9b11-e259-478a-a710-5756c17ce81a:descricao,2026-09-06T01:07:19.411+00:00,,CORRIGIR_APOS_AUTORIZACAO,False,2026-09-06T03:15:55.762Z
MLB7087436506,VTK004736,67b651cb-747d-42a2-9616-1796bce649f7,paused,Alicate Crimpador Hikari Hk-303 Com Catraca Rj11 Rj45,MLB188429,Garantia de fábrica,12 meses,GARANTIA_FORNECEDOR,6,meses,produto_fornecedor_ofertas:ba8b9b11-e259-478a-a710-5756c17ce81a:descricao,2026-09-06T01:07:19.411+00:00,,CORRIGIR_APOS_AUTORIZACAO,False,2026-09-06T03:15:55.919Z
MLB7239069120,VTK018921,df364e36-4318-4d5a-bb86-2dd7546b7bc0,paused,Testador De Cabos De Rede E Alicate De Crimpar Hikari Hk-305,MLB271716,Garantia de fábrica,12 meses,GARANTIA_FORNECEDOR,6,meses,produto_fornecedor_ofertas:b59fb858-cd42-4390-bff0-1415fd624ba4:descricao,2026-09-06T01:07:19.411+00:00,,CORRIGIR_APOS_AUTORIZACAO,False,2026-09-06T03:15:59.457Z
MLB7239068304,VTK000384,d416d068-469b-49d8-8363-dd08943f331b,paused,Suporte Articulado Para Tv 14 -56  M2-pr Multivisão Preto,MLB11529,Garantia de fábrica,12 meses,GARANTIA_FORNECEDOR,5,anos,produto_fornecedor_ofertas:f912ccf4-dba5-4240-b15a-44ac53fc2778:descricao,2026-09-06T01:09:28.957+00:00,,CORRIGIR_APOS_AUTORIZACAO,False,2026-09-06T03:15:59.459Z
MLB7239014824,VTK019007,279cd801-e10c-410a-9986-22b88a4a331b,paused,Multimídia Svart S900x 9 Octacore Carplay Android Auto,MLB135679,Garantia de fábrica,12 meses,GARANTIA_FORNECEDOR,3,meses,produto_fornecedor_ofertas:262715a8-ba24-4799-ba00-9a6de146a981:descricao,2026-09-06T02:19:22.264+00:00,,CORRIGIR_APOS_AUTORIZACAO,False,2026-09-06T03:15:59.775Z
MLB4937486141,VTK017908,a540d98f-8112-4d22-b21e-26f7f528a1f1,paused,Bateria Selada De Chumbo Elgin Vrla 12v 5ah,MLB57843,Garantia de fábrica,12 meses,GARANTIA_FORNECEDOR,6,meses,produto_fornecedor_ofertas:0dfb4f7d-4ff1-45b1-b150-4dcf390b4f34:descricao,2026-09-06T02:19:22.264+00:00,,CORRIGIR_APOS_AUTORIZACAO,False,2026-09-06T03:16:01.086Z
MLB4937474577,VTK017900,dfae7484-7e88-4734-97f9-8b6c21617dfc,paused,Autotransformador Indusat 2000va Bivolt Tripolar,MLB30197,Garantia de fábrica,12 meses,GARANTIA_FORNECEDOR,1,anos,produto_fornecedor_ofertas:0a2879f0-cd29-4795-86dd-68a66446811b:descricao,2026-09-06T01:20:29.267+00:00,,CORRIGIR_APOS_AUTORIZACAO,False,2026-09-06T03:16:01.083Z
MLB4937527631,VTK018584,9e289fe6-3c2f-4c6c-9700-c2e825741f6d,paused,Mouse Sem Fio Recarregável Lenovo Lecoo Ws207 Branco,MLB1714,Garantia de fábrica,12 meses,GARANTIA_FORNECEDOR,9,meses,produto_fornecedor_ofertas:81155cc3-0eb7-42e7-9ef1-70543b58ccd8:descricao,2026-09-06T02:19:22.264+00:00,,CORRIGIR_APOS_AUTORIZACAO,False,2026-09-06T03:16:01.736Z
MLB7247345748,VTK018921,df364e36-4318-4d5a-bb86-2dd7546b7bc0,paused,Alicate Crimpar Com Testador Hk-305 Hikari Para Cabos De Rede Rj45,MLB271716,Garantia de fábrica,12 meses,GARANTIA_FORNECEDOR,6,meses,produto_fornecedor_ofertas:b59fb858-cd42-4390-bff0-1415fd624ba4:descricao,2026-09-06T01:07:19.411+00:00,,CORRIGIR_APOS_AUTORIZACAO,False,2026-09-06T03:16:01.731Z
MLB4942206239,VTK017908,a540d98f-8112-4d22-b21e-26f7f528a1f1,paused,Bateria Selada Elgin Chumbo 12v X 5ah - Ele000000082350,MLB57843,Garantia de fábrica,12 meses,GARANTIA_FORNECEDOR,6,meses,produto_fornecedor_ofertas:0dfb4f7d-4ff1-45b1-b150-4dcf390b4f34:descricao,2026-09-06T02:19:22.264+00:00,,CORRIGIR_APOS_AUTORIZACAO,False,2026-09-06T03:16:02.144Z
MLB7253032522,VTK019007,279cd801-e10c-410a-9986-22b88a4a331b,paused,Multimídia Svart S900x 9 Pol Android Carplay Wifi 4g Octapro Preto,MLB135679,Garantia de fábrica,12 meses,GARANTIA_FORNECEDOR,3,meses,produto_fornecedor_ofertas:262715a8-ba24-4799-ba00-9a6de146a981:descricao,2026-09-06T02:19:22.264+00:00,,CORRIGIR_APOS_AUTORIZACAO,False,2026-09-06T03:16:02.454Z
MLB4949364847,VTK001185,d384d6fc-97de-4532-85d5-f9852ae5be70,paused,Nobreak Ts Shara Xpro 1400va Universal Bivolt Cor Preto,MLB270504,,,GARANTIA_FORNECEDOR,1,anos,produto_fornecedor_ofertas:db5675a2-bd74-486e-9252-566c29e87cd4:descricao,2026-09-06T02:09:17.489+00:00,,CORRIGIR_APOS_AUTORIZACAO,False,2026-09-06T03:16:02.613Z
MLB7285499626,VTK017714,cebcd52e-a040-4e2b-82c5-25c93dcd3d01,paused,Ponta De Prova Minipa Mtl-1 Cat Ii 1000v,MLB30214,Garantia de fábrica,12 meses,GARANTIA_FORNECEDOR,3,meses,produto_fornecedor_ofertas:11bc86fa-56de-4642-835d-a3803c7f1d9d:descricao,2026-09-06T00:24:18.583+00:00,,CORRIGIR_APOS_AUTORIZACAO,False,2026-09-06T03:16:03.272Z
MLB7314820020,VTK002677,aad1c388-4c3b-4d56-a2c3-30ee79fe2303,paused,Ventilador Oscilante De Parede Ventisol Steel 6 Pás 50cm Preto 50 Cm 127/220v Prata Plástico,MLB1645,Garantia de fábrica,12 meses,GARANTIA_FORNECEDOR,12,meses,produto_fornecedor_ofertas:f1ab7daf-666e-4209-8e60-990e68869e68:descricao,2026-09-05T23:23:22.863+00:00,,CORRIGIR_APOS_AUTORIZACAO,False,2026-09-06T03:16:06.705Z
MLB7313983928,VTK000101,0031fe1b-1b9c-473c-9923-85745b469bef,paused,Estabilizador Ts Shara Powerest Home 1000 Bivolt 1000va 9007 Cor Preto,MLB1720,Garantia de fábrica,12 meses,GARANTIA_FORNECEDOR,3,anos,produto_fornecedor_ofertas:c9f29755-7dc5-4685-aa90-52dc38e60522:descricao,2026-09-06T00:38:27.334+00:00,,CORRIGIR_APOS_AUTORIZACAO,False,2026-09-06T03:16:06.855Z
MLB7313972116,VTK000700,fb9d6eb6-4f5e-4e06-96a5-9daedcfc6b09,paused,Climatizador Portátil 16 Litros 130w Ventisol Clin16 Cor Cinza 220v,MLB72503,Garantia de fábrica,12 meses,GARANTIA_FORNECEDOR,12,meses,produto_fornecedor_ofertas:a5a785ea-d1e7-4bf3-8e22-e8d31a9aa649:descricao,2026-09-06T02:01:22.557+00:00,,CORRIGIR_APOS_AUTORIZACAO,False,2026-09-06T03:16:08.147Z
MLB7313517024,VTK017900,dfae7484-7e88-4734-97f9-8b6c21617dfc,paused,Transformador 2000va P/ Máquina Lavar Micro-ondas 110v 220v Preto,MLB30197,Garantia de fábrica,12 meses,GARANTIA_FORNECEDOR,1,anos,produto_fornecedor_ofertas:0a2879f0-cd29-4795-86dd-68a66446811b:descricao,2026-09-06T01:20:29.267+00:00,,CORRIGIR_APOS_AUTORIZACAO,False,2026-09-06T03:16:08.538Z
MLB4986647159,VTK018584,9e289fe6-3c2f-4c6c-9700-c2e825741f6d,paused,Mouse Recarregável Sem Fio Lenovo Ws207 Branco,MLB1714,Garantia de fábrica,12 meses,GARANTIA_FORNECEDOR,9,meses,produto_fornecedor_ofertas:81155cc3-0eb7-42e7-9ef1-70543b58ccd8:descricao,2026-09-06T02:19:22.264+00:00,,CORRIGIR_APOS_AUTORIZACAO,False,2026-09-06T03:16:11.535Z
MLB7332095554,VTK017570,d4502a54-13c9-46ce-8e55-1629be055604,paused,Bateria Selada De Chumbo Elgin Vrla 12v 9ah,MLB57843,Garantia de fábrica,12 meses,GARANTIA_FORNECEDOR,6,meses,produto_fornecedor_ofertas:cc0b5bd4-fccf-43d3-bc96-f874867985d2:descricao,2026-09-06T02:19:22.264+00:00,,CORRIGIR_APOS_AUTORIZACAO,False,2026-09-06T03:16:12.102Z
MLB7330399238,VTK017714,cebcd52e-a040-4e2b-82c5-25c93dcd3d01,paused,Ponteira E Adaptador Minipa Mtl-1 Para Multímetro Banana 4mm 1000v,MLB30214,Garantia de fábrica,12 meses,GARANTIA_FORNECEDOR,3,meses,produto_fornecedor_ofertas:11bc86fa-56de-4642-835d-a3803c7f1d9d:descricao,2026-09-06T00:24:18.583+00:00,,CORRIGIR_APOS_AUTORIZACAO,False,2026-09-06T03:16:12.602Z
MLB7330116816,VTK000415,1a757683-36f2-46d3-b51e-bb01f2350d17,paused,Cabo Rede Furukawa Soho Plus 305m Cat6 Utp Vermelho,MLB431815,Garantia de fábrica,12 meses,GARANTIA_FORNECEDOR,12,meses,produto_fornecedor_ofertas:217807fd-5f4d-4acb-b318-e2f6365ece65:descricao,2026-09-06T01:33:28.273+00:00,,CORRIGIR_APOS_AUTORIZACAO,False,2026-09-06T03:16:13.243Z
MLB7432625640,VTK001288,e9cae74c-a6c4-40f1-9cbe-327af6dff867,paused,Suporte Teto Tv 32-40-42-43-48-49-55-56 Samsung-LG-sony Cor Preto,MLB11529,,,GARANTIA_FORNECEDOR,5,anos,produto_fornecedor_ofertas:edd2aed3-1b8f-4abf-b6f9-b9264ff6ecf1:descricao,2026-09-06T01:09:28.957+00:00,,CORRIGIR_APOS_AUTORIZACAO,False,2026-09-06T03:16:19.200Z
MLB7461511580,VTK000456,8e3ae3fe-a402-481f-983f-9493bf7085bc,paused,Ventilador Oscilante De Coluna Ventisol 30cm Turbo 6 Pás Preto 30 Cm 60 Hz 127v Plástico,MLB1645,Garantia de fábrica,12 meses,GARANTIA_FORNECEDOR,12,meses,produto_fornecedor_ofertas:f132e56e-e79b-4251-9ceb-d09f1db63927:descricao,2026-09-06T01:40:34.068+00:00,,CORRIGIR_APOS_AUTORIZACAO,False,2026-09-06T03:16:20.494Z
MLB5150718875,VTK000456,8e3ae3fe-a402-481f-983f-9493bf7085bc,paused,Ventilador Oscilante De Coluna Ventisol 30cm Turbo 6 Pás Preto 30 Cm 60 Hz 127v Plástico,MLB1645,Sem garantia,,GARANTIA_FORNECEDOR,12,meses,produto_fornecedor_ofertas:f132e56e-e79b-4251-9ceb-d09f1db63927:descricao,2026-09-06T01:40:34.068+00:00,,CORRIGIR_APOS_AUTORIZACAO,False,2026-09-06T03:16:21.621Z
