"sku","produto_id","produto","fornecedor","estoque","margem","recommended_action","identity_confidence","remote_match_confidence","documentation_score","publication_readiness","duplicate_risk"
"VTK001572","b120e2a3-9262-4aac-bc9b-824d802612ac","Encordoamento Para Guitarra .009 Nanoweb 12027 Custom Light Elixir","HAYAMAX-PR","15","","MANUAL_IDENTITY","100","25","60","40","0"
"VTK001978","c65bc62f-8b77-4096-aead-8f3c4911e14c","Encordoamento Para Violão .010 Extra Light Phosphor Bronze Nanoweb 16002 Elixir","HAYAMAX-PR","15","","MANUAL_IDENTITY","100","11","60","40","0"
"VTK012362","d324cdae-edbc-4339-993d-5221668cb0dc","Palheta Tradicional 2,5 P/clarinete Sib Cr102,5 Vandoren Un","BKR1","18","","MANUAL_IDENTITY","100","2","60","40","0"
"VTK017668","d84b7ace-189f-4ab8-8f7c-9292491e5b9c","Combo Teclado E Mouse Logitech Mk120 Usb Preto Com Fio","EVOLUSOM-PR","11","","BLOCK_DUPLICATE","95","95","0","0","100"
"VTK017799","a409dfc4-18c0-431e-876e-b707ab358615","Mouse Logitech Silent M110 Usb Preto","EVOLUSOM-PR","4","20.00669957036571","BLOCK_DUPLICATE","100","100","100","85","100"
"VTK019033","f19c8241-8886-48f5-a842-2ac4093ac43d","Combo Teclado E Mouse Wireless Logitech Mk220 Usb Preto Sem Fio","EVOLUSOM-PR","50","","BLOCK_DUPLICATE","100","100","60","40","100"
"VTK021063","476bee08-d8ea-43db-bc1f-b07e4d59756a","Combo Teclado E Mouse Wireless Logitech Mk235 Compact Usb Preto Sem Fio","EVOLUSOM-PR","20","","BLOCK_DUPLICATE","100","95","60","40","100"
"VTK000378","bd099c71-e960-4e09-ae40-d616ea1968d6","Cadeira Ergonômica ThunderX3 Yama1 Ciano","HAYAMAX-PR","15","","MANUAL_IDENTITY","0","0","0","0","0"
"VTK000504","037a0d81-85b9-4458-9b07-148b399bb557","Mecanismo Sync6 Para Cadeira Core ThunderX3","HAYAMAX-PR","15","","MANUAL_IDENTITY","0","0","0","0","0"
"VTK000799","fc7e5495-fb06-47ca-8530-97a7187d0167","Cadeira Gamer ThunderX3 TGC12 Loft Cinza","HAYAMAX-PR","15","","MANUAL_IDENTITY","100","0","60","55","0"
"VTK001089","de613369-7204-430c-aa4a-c0ddf6a7a31d","Contrabaixo Giannini GB-100 Jazz Bass Elétrico Passivo Preto/Turtle","HAYAMAX-PR","15","","MANUAL_IDENTITY","100","0","60","70","0"
"VTK001119","28098ee5-7fbf-4d6c-b634-43e5bad60e7a","ASSENTO CAD THUNDER EC3 RS","HAYAMAX-PR","9","","SOURCE_DEFERRED","85","0","0","25","0"
"VTK001277","b3e91716-2b43-4ed1-9219-ca1c702d1c44","Super Mixer Agratto MXV-01 200W Vermelho 127v","HAYAMAX-PR","8","","MANUAL_IDENTITY","14","14","0","0","0"
"VTK001282","cbb299c3-0b8f-4528-8680-6c83b96312b5","Pacote de Parafusos Ergo One Fortrek","HAYAMAX-PR","12","","MANUAL_IDENTITY","0","0","0","0","0"
"VTK001286","de045a9f-a54e-454d-8c71-6ad50a201b1f","Assento p/ Cadeira TGC12 Preto/Vermelho ThunderX3","HAYAMAX-PR","8","50.94189988221436","CATEGORY_MISMATCH","45","0","100","20","0"
"VTK003043","7f04ec07-7f1d-4af0-8645-6595ced9c352","Cadeira Gamer Fortrek Cruiser Preta","HAYAMAX-PR","15","","MANUAL_IDENTITY","100","0","60","55","0"
"VTK005411","104b4d28-fbc9-4ed7-8bd6-d0c6f0b7729c","Cabo Para Instrumento Têxtil Hayonik Player P10 7m Preto/Azul","HAYAMAX-PR","8","","MANUAL_IDENTITY","0","0","0","0","0"
"VTK006444","6b0e33d9-3f8c-4d20-9ad6-69cec42f0292","Espremedor de Frutas Arno Express CP32 40W 750ml Vermelho 220V","HAYAMAX-PR","15","","MANUAL_IDENTITY","100","0","60","55","0"
"VTK006457","86b23aea-1a3c-4c4c-a47a-13d04370c59f","Grill Arno Dual GNOX Inox Com Abertura de 180° 220v","HAYAMAX-PR","7","","MANUAL_IDENTITY","100","0","60","70","0"
"VTK011959","17cdd64e-25c6-4856-aa0f-621c33184e25","Apoio de Braço Direito Ergo One Fortrek","HAYAMAX-PR","15","","MANUAL_IDENTITY","90","0","60","60","0"
"VTK011960","1868c5ab-7c7e-4672-9ec0-1b594a550c90","Apoio de Braço Esquerdo Ergo One Fortrek","HAYAMAX-PR","15","","SOURCE_DEFERRED","100","0","0","50","0"
"VTK025858","11487f8c-e900-4bfd-910b-56c93433fbde","Cadeira Gamer Fortrek Vickers Preta","HAYAMAX-PR","15","","MANUAL_IDENTITY","100","0","60","55","0"
"VTK025859","db60565c-b045-4d99-acf7-bc7d81b12f95","Cadeira Gamer Fortrek Vickers Preta/Vermelha","HAYAMAX-PR","15","","MANUAL_IDENTITY","100","0","60","55","0"
"VTK025860","b4cf0c73-4c79-4172-b2c7-6fadc3d8143d","Cadeira Gamer Fortrek Vickers Preta/Verde","HAYAMAX-PR","15","","MANUAL_IDENTITY","100","0","60","55","0"
"VTK025861","fb955111-ce40-4901-9b5f-32a9bf040152","Cadeira Gamer Fortrek Vickers Preta/Rosa","HAYAMAX-PR","15","","MANUAL_IDENTITY","100","0","60","55","0"
"VTK025955","00f7fd6c-3e46-4560-b41c-fea87e4efe6f","Liquidificador Arno Power Mix LQ11 550W Vermelho 220V","HAYAMAX-PR","15","","SOURCE_DEFERRED","100","0","0","35","0"
"VTK025957","3f96f704-c8a1-4733-a218-235f12a0fca4","Liquidificador Arno Power Mix LQ11 550W Vermelho 127V","HAYAMAX-PR","4","","SOURCE_DEFERRED","100","0","0","35","0"
"VTK005426","36394ab4-0d3d-48ce-9646-e22896315eb3","Kit Cabo Para Pedal Hayonik Linha Player 15cm Sortido Com 20","HAYAMAX-PR","8","40.8755","MANUAL_TECH","100","0","100","80","0"
"VTK000486","e232fe84-9f89-4d22-9737-8d444e5f7db9","Carregador de Pilhas TNHC-6GAE4 CB (C/4 Pilhas AA 2600mAh) Toshiba","HAYAMAX-PR","15","27.211076799865126","READY_FOR_CREATE","100","0","100","95","0"
