"sku","fornecedor","item_id","seller_sku","gtin","title","brand","model","catalog_product_id","user_product_id","variation_id","status","price","quantity","listing_type","sold_quantity","linked_local_sku","match_type","confidence","lookup_status"
"VTK000378","HAYAMAX-PR","MLB7111544682","VTK000298","4718009154322","Cadeira Gamer Thunderx3 Ec1 Ergonômica Ciano","ThunderX3","EC1","MLB15307391","MLBU4248075038","","active","1459.51","15","gold_pro","0","VTK000298","NOT_MATCH","0",""
"VTK000378","HAYAMAX-PR","MLB7381262192","VTK000361","4718009159143","Cadeira Gamer Ergonômica Thunderx3 Yama1 Preta Original","THUNDERX3","Yama1","MLB16097953","MLBU4682070154","","active","2164.08","15","gold_pro","0","VTK000361","NOT_MATCH","0",""
"VTK000378","HAYAMAX-PR","MLB7193721894","VTK000395","4718009159167","Cadeira Gamer Thunderx3 Yama1 Vermelha Ergonomica Preto E Vermelho Nylon","ThunderX3","YAMA1","MLB16097955","MLBU4335183411","","active","2158.51","5","gold_pro","0","VTK000395","NOT_MATCH","0",""
"VTK000378","HAYAMAX-PR","MLB7096943296","VTK000783","4711099476473","Cadeira Gamer Thunderx3 Tgc12 Azul Ergonomica","ThunderX3","TGC12 Loft","","MLBU4204069519","","active","2018.75","15","gold_pro","0","VTK000783","NOT_MATCH","0",""
"VTK000378","HAYAMAX-PR","MLB7111544726","VTK000233","4718009154339","Cadeira Gamer Thunderx3 Ec1 Ergonômica Vermelha","ThunderX3","EC1","MLB14988738","MLBU4227845663","","active","1459.51","15","gold_pro","0","VTK000233","NOT_MATCH","0",""
"VTK000378","HAYAMAX-PR","MLB7298190124","VTK000298","4718009154322","Cadeira Gamer Ergonomica Thunderx3 Ec1 Preto Ciano 150kg Couro Sintético","ThunderX3","EC1","MLB15307391","MLBU4248075038","","active","1459.51","15","gold_pro","0","VTK000298","NOT_MATCH","0",""
"VTK000504","HAYAMAX-PR","MLB4841994489","VTK000571","7890000795838","Base Para Cadeira Thunderx3 Core Preta","ThunderX3","Core","","MLBU4194529543","","active","752.11","15","gold_pro","0","VTK000571","NOT_MATCH","0",""
"VTK000799","HAYAMAX-PR","MLB7145211172","VTK000760","4711099476466","Cadeira Gamer Thunderx3 Tgc12 Loft Grafite","ThunderX3","Cadeira Gamer ThunderX3 TGC12 Loft Grafite","MLB37920830","MLBU4267593623","","active","2018.75","15","gold_pro","0","VTK000760","NOT_MATCH","0",""
"VTK000799","HAYAMAX-PR","MLB7330398912","VTK000760","4711099476466","Cadeira Gamer Thunderx3 Tgc12 Loft Apoio De Braço 2d 82874 Cor Preto Material Do Estofamento Tecido","ThunderX3","ThunderX3 TGC12","MLB37920830","MLBU4267593623","","active","2018.75","15","gold_pro","0","VTK000760","NOT_MATCH","0",""
"VTK001089","HAYAMAX-PR","MLB4857497551","VTK002582","7890443020986","Contrabaixo Giannini Gb-100 Jazz Bass Elétrico Passivo","Giannini","GB-100 Jazz Bass Elétrico Passivo Branco/Turtle","MLB22930733","MLBU4227894465","","paused","1579.96","0","gold_pro","0","VTK002582","NOT_MATCH","0",""
"VTK001089","HAYAMAX-PR","MLB4857497541","VTK002581","7890443020979","Contrabaixo Giannini Gb-100 Jazz Bass Elétrico Passivo","Giannini","GB-100 Jazz Bass Elétrico Passivo Preto/Branco","MLB24540849","MLBU4227891151","","paused","1579.96","0","gold_pro","0","VTK002581","NOT_MATCH","0",""
"VTK001089","HAYAMAX-PR","MLB7149405892","VTK002582","7890443020986","Baixo Giannini Gb-100 4 Cordas Passivo Jazz Ss Branco Envernizado","Giannini","Gb-100","MLB22930733","MLBU4227894465","","paused","1579.96","0","gold_pro","0","VTK002582","NOT_MATCH","0",""
"VTK001119","HAYAMAX-PR","MLB7174400132","VTK000569","7890000796378","Pacote De Parafusos Para Cadeira Tc3 Thunderx3","ThunderX3","Pacote de Parafusos Para Cadeira TC3 ThunderX3","","MLBU4311520327","","paused","1553.47","15","gold_pro","0","VTK000569","NOT_MATCH","0",""
"VTK001277","HAYAMAX-PR","MLB7009336838","VTK001238","7898461969133","Mixer Agratto Mxv-02 200w 220v Com Copo 700ml Vermelho Vermelho 220v","Agratto","MXV-02","MLB15198592","MLBU4127309885","","active","115.75","7","gold_pro","0","VTK001238","NOT_MATCH","1",""
"VTK001277","HAYAMAX-PR","MLB4866744227","VTK001238","7898461969133","Mixer Agratto Mxv-02 200w 220v Com Copo 700ml Vermelho Vermelho 220v","Agratto","MXV-02","MLB15198592","MLBU4265871864","","active","115.75","7","gold_pro","0","VTK001238","NOT_MATCH","1",""
"VTK001277","HAYAMAX-PR","MLB4892650483","VTK001238","7898461969133","Mixer De Mão Agratto Mxv-01 Com Copo 700ml Lâminas Em Aço Inoxidável Design Compacto Para Misturar Triturar E Preparar Receitas Rapidamente Vermelho 127v","Agratto","MX","MLB15198592","MLBU4265871864","","under_review","112.29","7","gold_pro","0","VTK001238","NOT_MATCH","14",""
"VTK001277","HAYAMAX-PR","MLB4898642931","VTK001238","7898461969133","Mixer De Mão Agratto Mxv-01 Com Copo 700ml Lâminas Em Aço Inoxidável Design Compacto Para Misturar Triturar E Preparar Receitas Rapidamente Vermelho 127v","Agratto","MX","MLB15198592","MLBU4127309885","","active","115.75","7","gold_pro","0","VTK001238","NOT_MATCH","14",""
"VTK001277","HAYAMAX-PR","MLB7087133472","VTK001122","7898461965739","Super Mixer Agratto Mx-01 200w 127v 127v","Agratto","Super Mixer Agratto MX-01 200W Preto 127v","","MLBU4194654985","","under_review","114","15","gold_pro","0","VTK001122","NOT_MATCH","0",""
"VTK001277","HAYAMAX-PR","MLB7258671368","VTK001122","7898461965739","Mixer Agratto Super Mixer Mx-01 Com Copo 700ml E 200w De Potência Preto 127v","Agratto","MX","MLB10872952","MLBU4459224192","","active","149.09","15","gold_pro","0","VTK001122","NOT_MATCH","0",""
"VTK001282","HAYAMAX-PR","MLB7381754912","VTK001330","7890000856539","Encosto De Cabeça Ergo One Fortrek Preto","Fortrek","Ergo One","","MLBU4684457096","","active","181.62","8","gold_pro","0","VTK001330","NOT_MATCH","0",""
"VTK001282","HAYAMAX-PR","MLB7087152804","VTK001129","7890000856522","Encosto Ergo One Fortrek","Fortrek","Ergo One","MLB63153504","MLBU4194659259","","paused","485.68","0","gold_pro","0","VTK001129","NOT_MATCH","0",""
"VTK001286","HAYAMAX-PR","MLB4880559807","VTK000783","4711099476473","Cadeira Gamer Thunderx3 Tgc12 Azul Ergonômica Reclinável Com Rodas Tecido","ThunderX3","ThunderX3 TGC12","MLB37921909","MLBU4204069519","","closed","1598.12","15","gold_pro","0","VTK000783","NOT_MATCH","0",""
"VTK001286","HAYAMAX-PR","MLB7096943296","VTK000783","4711099476473","Cadeira Gamer Thunderx3 Tgc12 Azul Ergonomica","ThunderX3","TGC12 Loft","","MLBU4204069519","","active","2018.75","15","gold_pro","0","VTK000783","NOT_MATCH","0",""
"VTK001286","HAYAMAX-PR","MLB4847281703","VTK000128","4710700959558","Cadeira Gamer Thunderx3 Tgc12 Azul Reclinável 120kg","ThunderX3","Cadeira Gamer ThunderX3 TGC12 Azul","MLB10535914","MLBU4223717366","","active","1879","15","gold_pro","0","VTK000128","NOT_MATCH","0",""
"VTK001286","HAYAMAX-PR","MLB4847280021","VTK000127","4710700959572","Cadeira Gamer Thunderx3 Tgc12 Verde Reclinável 120kg Verde","ThunderX3","TGC12","MLB68763942","MLBU4223691238","","active","1879","15","gold_pro","0","VTK000127","NOT_MATCH","0",""
"VTK001286","HAYAMAX-PR","MLB4847280759","VTK000148","4710700959534","Cadeira Gamer Thunderx3 Tgc12 Preta Reclinável 120kg Preto Couro Sintético","ThunderX3","TGC12","MLB39036896","MLBU4203906505","","active","1878.81","15","gold_pro","0","VTK000148","NOT_MATCH","0",""
"VTK001286","HAYAMAX-PR","MLB7111544660","VTK000165","4710700959565","Cadeira Gamer Thunderx3 Tgc12 Vermelha Reclinável 120kg","ThunderX3","TGC12","MLB38470699","MLBU4227845435","","active","1545","15","gold_pro","0","VTK000165","NOT_MATCH","0",""
"VTK001286","HAYAMAX-PR","MLB7111544644","VTK000593","4710700959541","Cadeira Gamer Thunderx3 Tgc12 Branca Reclinável","ThunderX3","TGC12","","MLBU4227845395","","active","1879","15","gold_pro","0","VTK000593","NOT_MATCH","0",""
"VTK001286","HAYAMAX-PR","MLB4857481707","VTK000525","4711099473038","Cadeira Gamer Thunderx3 Tgc12 Rosa Reclinável 120kg Rosa","ThunderX3","TGC12","MLB24230966","MLBU4248073370","","active","1879","15","gold_pro","0","VTK000525","NOT_MATCH","0",""
"VTK001286","HAYAMAX-PR","MLB7145211172","VTK000760","4711099476466","Cadeira Gamer Thunderx3 Tgc12 Loft Grafite","ThunderX3","Cadeira Gamer ThunderX3 TGC12 Loft Grafite","MLB37920830","MLBU4267593623","","active","2018.75","15","gold_pro","0","VTK000760","NOT_MATCH","0",""
"VTK001286","HAYAMAX-PR","MLB4880525789","VTK000148","4710700959534","Cadeira Gamer Thunderx3 Profissional Tgc12 Preta Preto Couro Sintético","Thunder","Thunderx3 Tgc12 Preto","MLB39036896","MLBU4203906505","","active","1878.81","15","gold_pro","0","VTK000148","NOT_MATCH","0",""
"VTK001286","HAYAMAX-PR","MLB7298177102","VTK000128","4710700959558","Cadeira Gamer Thunderx3 Tgc12 Ergonômica Reclinável Preto/azul Couro Sintético","ThunderX3","TGC12","MLB10535914","MLBU4223717366","","active","1879","15","gold_pro","0","VTK000128","NOT_MATCH","0",""
"VTK001286","HAYAMAX-PR","MLB7298177206","VTK000127","4710700959572","Cadeira Gamer Profissional Tgc12 Thunderx3 Cor Preta/verde Couro Sintético","ThunderX3","TGC12","MLB68763942","MLBU4223691238","","active","1879","15","gold_pro","0","VTK000127","NOT_MATCH","0",""
"VTK001286","HAYAMAX-PR","MLB7316880274","VTK000525","4711099473038","Cadeira Gamer Thunderx3 Tgc12 Encosto Reclinável Rosa Altura Regulável Couro Sintético","ThunderX3","TGC12","MLB24230966","MLBU4248073370","","active","1879","15","gold_pro","0","VTK000525","NOT_MATCH","0",""
"VTK001286","HAYAMAX-PR","MLB7316879806","VTK000165","4710700959565","Cadeira Gamer Reclinável Thunderx3 Tgc12 Preto Vermelho 150kg Couro Sintético","ThunderX3","TGC12","MLB38470699","MLBU4227845435","","active","1545","15","gold_pro","0","VTK000165","NOT_MATCH","0",""
"VTK001286","HAYAMAX-PR","MLB7330398912","VTK000760","4711099476466","Cadeira Gamer Thunderx3 Tgc12 Loft Apoio De Braço 2d 82874 Cor Preto Material Do Estofamento Tecido","ThunderX3","ThunderX3 TGC12","MLB37920830","MLBU4267593623","","active","2018.75","15","gold_pro","0","VTK000760","NOT_MATCH","0",""
"VTK003043","HAYAMAX-PR","MLB7009315872","VTK000312","7898554606808","Gabinete Gamer Fortrek Cruiser Rgb Mid Tower Preto","Fortrek","Cruiser","MLB22496923","MLBU4143568476","","active","614.52","15","gold_pro","0","VTK000312","NOT_MATCH","0",""
"VTK003043","HAYAMAX-PR","MLB4801398843","VTK000358","7898554606570","Cadeira Gamer Fortrek Cruiser","Fortrek","Cruiser","MLB15963096","MLBU4127939015","","active","1739.06","15","gold_pro","0","VTK000358","NOT_MATCH","0",""
"VTK003043","HAYAMAX-PR","MLB7009162372","VTK000517","7898554607348","Mouse Gamer Fortrek Cruiser 12000 Dpi Rgb 8 Botões Preto","Fortrek","Cruiser New Edition","MLB23165515","MLBU4143357108","","active","143.96","15","gold_pro","0","VTK000517","NOT_MATCH","0",""
"VTK003043","HAYAMAX-PR","MLB4801365325","VTK000342","7898554606563","Cadeira Gamer Fortrek Cruiser","Fortrek","Cruiser","MLB15963095","MLBU4144226740","","active","1739.06","15","gold_pro","0","VTK000342","NOT_MATCH","0",""
"VTK003043","HAYAMAX-PR","MLB4801131087","VTK000312","7898554606808","Gabinete Gamer Fortrek Mid Tower Cruiser Preto 3 Coolers Rgb Atx","Fortrek","112392","MLB22496923","MLBU4143568476","","active","614.52","15","gold_pro","0","VTK000312","NOT_MATCH","0",""
"VTK003043","HAYAMAX-PR","MLB4804992063","VTK000358","7898554606570","Cadeira Gamer Ergonômica Fortrek Cruiser Preto Rosa Altura Ajustável Couro Sintético","Fortrek","Cruiser","MLB15963096","MLBU4127939015","","active","1739.06","15","gold_pro","0","VTK000358","NOT_MATCH","0",""
"VTK003043","HAYAMAX-PR","MLB4804992081","VTK000342","7898554606563","Cadeira Gamer Fortrek Cruiser Ergonomica Reclinavel Preto Verde Couro Sintético","Fortrek","Cruiser","MLB15963095","MLBU4144226740","","active","1739.06","15","gold_pro","0","VTK000342","NOT_MATCH","0",""
"VTK003043","HAYAMAX-PR","MLB7076889032","VTK000354","7898554606693","Headset Gamer Fortrek Cruiser 7.1 Usb Rgb 50mm Preto","Fortrek","Cruiser 7.1","MLB19474790","MLBU4203656766","","active","354.67","15","gold_pro","0","VTK000354","NOT_MATCH","0",""
"VTK003043","HAYAMAX-PR","MLB7086783518","VTK000354","7898554606693","Fone Headset Gamer Profissional Fortrek Cruiser 7.1 Usb Cor Preto","Fortrek","Cruiser 7.1","MLB19474790","MLBU4203656766","","active","354.67","15","gold_pro","0","VTK000354","NOT_MATCH","0",""
"VTK003043","HAYAMAX-PR","MLB4842179631","VTK000682","7898554607546","Gabinete Gamer Fortrek Cruiser Mid Tower Rgb Branco 3 Fans Branco","Fortrek","Cruiser","","MLBU4214315430","","active","614.52","15","gold_pro","0","VTK000682","NOT_MATCH","0",""
"VTK003043","HAYAMAX-PR","MLB4857482541","VTK000344","7898554606549","Cadeira Gamer Fortrek Cruiser","Fortrek","Cruiser","MLB15963093","MLBU4248083840","","active","1739.06","15","gold_pro","0","VTK000344","NOT_MATCH","0",""
"VTK003043","HAYAMAX-PR","MLB4857482537","VTK000320","7898554606556","Cadeira Gamer Fortrek Cruiser","Fortrek","Cruiser","MLB15963094","MLBU4227855783","","active","1739.06","15","gold_pro","0","VTK000320","NOT_MATCH","0",""
"VTK003043","HAYAMAX-PR","MLB4898611535","VTK000320","7898554606556","Cadeira Gamer Fortrek Cruiser Ergonômica Reclinável Preto/azul Couro Sintético","Fortrek","Cruiser","MLB15963094","MLBU4227855783","","active","1739.06","15","gold_pro","0","VTK000320","NOT_MATCH","0",""
"VTK003043","HAYAMAX-PR","MLB7320340116","VTK000344","7898554606549","Cadeira Gamer Ergonômica Fortrek Cruiser Preto Vermelho Com Rodas Couro Sintético","Fortrek","Cruiser","MLB15963093","MLBU4248083840","","active","1739.06","15","gold_pro","0","VTK000344","NOT_MATCH","0",""
"VTK006444","HAYAMAX-PR","MLB4857495507","VTK006410","3016661158087","Espremedor Arno Suco Express Cp32 750ml Vermelho 127v","Arno","Suco Express CP32","MLB19712803","MLBU4248086964","","active","234.59","8","gold_pro","0","VTK006410","NOT_MATCH","0",""
"VTK006457","HAYAMAX-PR","MLB7096334166","VTK000999","3016661152931","Grill Arno Dual Gnox Inox Com Abertura De 180° 127v","Arno","Grill Arno Dual GNOX Inox Com Abertura de 180° 127v","MLB15586434","MLBU4203227795","","active","503.39","14","gold_pro","1","VTK000999","NOT_MATCH","0",""
"VTK011959","HAYAMAX-PR","MLB7157783300","VTK000872","7898554609038","Cadeira Ergonômica Fortrek Ergo One Premium Full Mesh Cor Preto","Fortrek","Ergo One Premium Mesh","MLB63153505","MLBU4248127104","","closed","1240.43","15","gold_pro","0","VTK000872","NOT_MATCH","0",""
"VTK011959","HAYAMAX-PR","MLB7087152804","VTK001129","7890000856522","Encosto Ergo One Fortrek","Fortrek","Ergo One","MLB63153504","MLBU4194659259","","paused","485.68","0","gold_pro","0","VTK001129","NOT_MATCH","0",""
"VTK011959","HAYAMAX-PR","MLB4857485083","VTK000872","7898554609038","Cadeira Ergonômica Fortrek Ergo One Premium Preto Mesh","Fortrek","Ergo One Premium","MLB63153505","MLBU4248127104","","active","1599.26","15","gold_pro","0","VTK000872","NOT_MATCH","0",""
"VTK011959","HAYAMAX-PR","MLB4877490365","VTK006235","7890000856492","Assento Reposição Fortrek Ergo One Mesh Preto","Fortrek","Ergo One 85649","","MLBU4288634726","","active","835.66","7","gold_pro","0","VTK006235","NOT_MATCH","0",""
"VTK011959","HAYAMAX-PR","MLB7298177144","VTK000872","7898554609038","Cadeira Ergonômica Fortrek Ergo One Premium Full Mesh Cor Preto","Fortrek","Ergo One Premium Mesh","MLB63153505","MLBU4248127104","","active","1599.26","15","gold_pro","0","VTK000872","NOT_MATCH","0",""
"VTK011959","HAYAMAX-PR","MLB7381754912","VTK001330","7890000856539","Encosto De Cabeça Ergo One Fortrek Preto","Fortrek","Ergo One","","MLBU4684457096","","active","181.62","8","gold_pro","0","VTK001330","NOT_MATCH","0",""
"VTK011960","HAYAMAX-PR","MLB7157783300","VTK000872","7898554609038","Cadeira Ergonômica Fortrek Ergo One Premium Full Mesh Cor Preto","Fortrek","Ergo One Premium Mesh","MLB63153505","MLBU4248127104","","closed","1240.43","15","gold_pro","0","VTK000872","NOT_MATCH","0",""
"VTK011960","HAYAMAX-PR","MLB7087152804","VTK001129","7890000856522","Encosto Ergo One Fortrek","Fortrek","Ergo One","MLB63153504","MLBU4194659259","","paused","485.68","0","gold_pro","0","VTK001129","NOT_MATCH","0",""
"VTK011960","HAYAMAX-PR","MLB4857485083","VTK000872","7898554609038","Cadeira Ergonômica Fortrek Ergo One Premium Preto Mesh","Fortrek","Ergo One Premium","MLB63153505","MLBU4248127104","","active","1599.26","15","gold_pro","0","VTK000872","NOT_MATCH","0",""
"VTK011960","HAYAMAX-PR","MLB4877490365","VTK006235","7890000856492","Assento Reposição Fortrek Ergo One Mesh Preto","Fortrek","Ergo One 85649","","MLBU4288634726","","active","835.66","7","gold_pro","0","VTK006235","NOT_MATCH","0",""
"VTK011960","HAYAMAX-PR","MLB7298177144","VTK000872","7898554609038","Cadeira Ergonômica Fortrek Ergo One Premium Full Mesh Cor Preto","Fortrek","Ergo One Premium Mesh","MLB63153505","MLBU4248127104","","active","1599.26","15","gold_pro","0","VTK000872","NOT_MATCH","0",""
"VTK011960","HAYAMAX-PR","MLB7381754912","VTK001330","7890000856539","Encosto De Cabeça Ergo One Fortrek Preto","Fortrek","Ergo One","","MLBU4684457096","","active","181.62","8","gold_pro","0","VTK001330","NOT_MATCH","0",""
"VTK025858","HAYAMAX-PR","MLB7087409938","VTK003056","7898554606716","Suporte Headset Fortrek Vickers Rgb 12 Efeitos Preto","Fortrek","Vickers","","MLBU4214511764","","active","182","15","gold_pro","0","VTK003056","NOT_MATCH","0",""
"VTK025858","HAYAMAX-PR","MLB7087033006","VTK000307","7898554606792","Headset Gamer Fortrek Vickers 50mm P2 Usb Rgb Preto","Fortrek","Vickers","MLB37630546","MLBU4213845754","","active","208.98","15","gold_pro","0","VTK000307","NOT_MATCH","0",""
"VTK025858","HAYAMAX-PR","MLB7111545404","VTK000329","7898554606600","Cadeira Gamer Fortrek Vickers","Fortrek","Vickers","MLB70098176","MLBU4227855835","","active","1686.7","15","gold_pro","0","VTK000329","NOT_MATCH","0",""
"VTK025858","HAYAMAX-PR","MLB4972470619","VTK000307","7898554606792","Headset Gamer Fortrek Vickers Rgb Led Preto Over-ear P2 Usb Cancelamento Ruído","Fortrek","RGB Vickers","MLB37630546","MLBU4213845754","","active","208.98","15","gold_pro","0","VTK000307","NOT_MATCH","0",""
"VTK025859","HAYAMAX-PR","MLB7087409938","VTK003056","7898554606716","Suporte Headset Fortrek Vickers Rgb 12 Efeitos Preto","Fortrek","Vickers","","MLBU4214511764","","active","182","15","gold_pro","0","VTK003056","NOT_MATCH","0",""
"VTK025859","HAYAMAX-PR","MLB7087033006","VTK000307","7898554606792","Headset Gamer Fortrek Vickers 50mm P2 Usb Rgb Preto","Fortrek","Vickers","MLB37630546","MLBU4213845754","","active","208.98","15","gold_pro","0","VTK000307","NOT_MATCH","0",""
"VTK025859","HAYAMAX-PR","MLB7111545404","VTK000329","7898554606600","Cadeira Gamer Fortrek Vickers","Fortrek","Vickers","MLB70098176","MLBU4227855835","","active","1686.7","15","gold_pro","0","VTK000329","NOT_MATCH","0",""
"VTK025859","HAYAMAX-PR","MLB4972470619","VTK000307","7898554606792","Headset Gamer Fortrek Vickers Rgb Led Preto Over-ear P2 Usb Cancelamento Ruído","Fortrek","RGB Vickers","MLB37630546","MLBU4213845754","","active","208.98","15","gold_pro","0","VTK000307","NOT_MATCH","0",""
"VTK025860","HAYAMAX-PR","MLB7087409938","VTK003056","7898554606716","Suporte Headset Fortrek Vickers Rgb 12 Efeitos Preto","Fortrek","Vickers","","MLBU4214511764","","active","182","15","gold_pro","0","VTK003056","NOT_MATCH","0",""
"VTK025860","HAYAMAX-PR","MLB7087033006","VTK000307","7898554606792","Headset Gamer Fortrek Vickers 50mm P2 Usb Rgb Preto","Fortrek","Vickers","MLB37630546","MLBU4213845754","","active","208.98","15","gold_pro","0","VTK000307","NOT_MATCH","0",""
"VTK025860","HAYAMAX-PR","MLB7111545404","VTK000329","7898554606600","Cadeira Gamer Fortrek Vickers","Fortrek","Vickers","MLB70098176","MLBU4227855835","","active","1686.7","15","gold_pro","0","VTK000329","NOT_MATCH","0",""
"VTK025860","HAYAMAX-PR","MLB4972470619","VTK000307","7898554606792","Headset Gamer Fortrek Vickers Rgb Led Preto Over-ear P2 Usb Cancelamento Ruído","Fortrek","RGB Vickers","MLB37630546","MLBU4213845754","","active","208.98","15","gold_pro","0","VTK000307","NOT_MATCH","0",""
"VTK025861","HAYAMAX-PR","MLB7087409938","VTK003056","7898554606716","Suporte Headset Fortrek Vickers Rgb 12 Efeitos Preto","Fortrek","Vickers","","MLBU4214511764","","active","182","15","gold_pro","0","VTK003056","NOT_MATCH","0",""
"VTK025861","HAYAMAX-PR","MLB7087033006","VTK000307","7898554606792","Headset Gamer Fortrek Vickers 50mm P2 Usb Rgb Preto","Fortrek","Vickers","MLB37630546","MLBU4213845754","","active","208.98","15","gold_pro","0","VTK000307","NOT_MATCH","0",""
"VTK025861","HAYAMAX-PR","MLB7111545404","VTK000329","7898554606600","Cadeira Gamer Fortrek Vickers","Fortrek","Vickers","MLB70098176","MLBU4227855835","","active","1686.7","15","gold_pro","0","VTK000329","NOT_MATCH","0",""
"VTK025861","HAYAMAX-PR","MLB4972470619","VTK000307","7898554606792","Headset Gamer Fortrek Vickers Rgb Led Preto Over-ear P2 Usb Cancelamento Ruído","Fortrek","RGB Vickers","MLB37630546","MLBU4213845754","","active","208.98","15","gold_pro","0","VTK000307","NOT_MATCH","0",""
"VTK025955","HAYAMAX-PR","MLB4857495397","VTK000961","7895500742269","Liquidificador Arno Power Mix Lq11 550w 127v Vermelho 127v","Arno","LQ11","MLB18193238","MLBU4227860285","","active","266.72","15","gold_pro","0","VTK000961","NOT_MATCH","0",""
"VTK025955","HAYAMAX-PR","MLB7313982682","VTK000961","7895500742269","Liquidificador Arno Power Mix Lq11 1,25l 500w Verm Cor Vermelho 127v","Arno","Power Mix","MLB18193238","MLBU4227860285","","active","266.72","15","gold_pro","0","VTK000961","NOT_MATCH","0",""
"VTK025957","HAYAMAX-PR","MLB4857495397","VTK000961","7895500742269","Liquidificador Arno Power Mix Lq11 550w 127v Vermelho 127v","Arno","LQ11","MLB18193238","MLBU4227860285","","active","266.72","15","gold_pro","0","VTK000961","NOT_MATCH","0",""
"VTK025957","HAYAMAX-PR","MLB7313982682","VTK000961","7895500742269","Liquidificador Arno Power Mix Lq11 1,25l 500w Verm Cor Vermelho 127v","Arno","Power Mix","MLB18193238","MLBU4227860285","","active","266.72","15","gold_pro","0","VTK000961","NOT_MATCH","0",""
"VTK005411","HAYAMAX-PR","","","","","","","","","","","","","","","","NOT_MATCH","0","NO_REMOTE_CANDIDATES"
