"sku","supplier","product","gtin","stock","source_status","official_source","new_status","block_reason","structural_score","documentary_score","publication_score","missing_attributes","title"
"VTK000533","Hayamax","MECANISMO SYNC5 XTC","7890000795821","","SOURCE_LOOKUP_DEFERRED","","SOURCE_LOOKUP_DEFERRED","external_source_infrastructure_deferred","85","","25","",""
"VTK000540","Hayamax","Assento Para Cadeira Core Loft Black ThunderX3","7890000796255","","SOURCE_LOOKUP_DEFERRED","","SOURCE_LOOKUP_DEFERRED","external_source_infrastructure_deferred","85","","25","",""
"VTK000552","Hayamax","Pistão À Gás Guardian Yama1 Core ThunderX3","7890000795937","","SOURCE_LOOKUP_DEFERRED","","SOURCE_LOOKUP_DEFERRED","external_source_infrastructure_deferred","85","","40","",""
"VTK000568","Hayamax","Microfone Sem Fio Harmonics HSF-200 Simples","7898554607508","","SOURCE_FOUND_SECONDARY","","P0_MANUAL_IDENTITY","official_source_not_confirmed","100","60","55","",""
"VTK000572","Hayamax","Encosto Para Cadeira XTC Mesh Black ThunderX3","7890000796392","","SOURCE_LOOKUP_DEFERRED","","SOURCE_LOOKUP_DEFERRED","external_source_infrastructure_deferred","85","","40","",""
"VTK000619","Hayamax","Mesa Gamer ThunderX3 ED5 2.0 Preta","4711099473977","","SOURCE_FOUND_SECONDARY","","P0_MANUAL_IDENTITY","official_source_not_confirmed","100","60","55","",""
"VTK000779","Hayamax","Suporte Bumper Para Monitor de Áudio HH Tessen TNA-BRK1","7890000836883","","SOURCE_LOOKUP_DEFERRED","","SOURCE_LOOKUP_DEFERRED","external_source_infrastructure_deferred","100","","50","",""
"VTK000799","Hayamax","Cadeira Gamer ThunderX3 TGC12 Loft Cinza","4711099476480","","SOURCE_FOUND_SECONDARY","","P0_MANUAL_IDENTITY","possible_remote_listing_requires_review","100","60","55","",""
"VTK000809","Hayamax","Omeleteira Agratto Mr. Cheff 800w 220v","7898461976650","","SOURCE_FOUND_SECONDARY","","P0_MANUAL_IDENTITY","official_source_not_confirmed","90","60","60","",""
"VTK000831","Hayamax","Kit Prateleiras Decore Multivisão Branco","7896643439405","","SOURCE_FOUND_SECONDARY","","P0_MANUAL_IDENTITY","official_source_not_confirmed","100","60","55","",""
"VTK000949","Hayamax","Kit Prateleiras Decore Multivisão Preto","7896643439412","","SOURCE_FOUND_SECONDARY","","P0_MANUAL_IDENTITY","official_source_not_confirmed","90","60","45","",""
"VTK001007","Hayamax","Copo Para Liquidificador Com Alça RI2101/02/03 Branco Walita - CX / 6","10564050000108","","SOURCE_LOOKUP_DEFERRED","","SOURCE_LOOKUP_DEFERRED","external_source_infrastructure_deferred","100","","50","",""
"VTK001011","Hayamax","Fogão Elétrico de Mesa Agratto FM01 Cinza 127v","7898461965838","","SOURCE_FOUND_SECONDARY","","P0_MANUAL_IDENTITY","official_source_not_confirmed","100","60","55","",""
"VTK001039","Hayamax","Assento Para Cadeira XTC Mesh Black ThunderX3","7890000796385","","SOURCE_LOOKUP_DEFERRED","","SOURCE_LOOKUP_DEFERRED","external_source_infrastructure_deferred","85","","25","",""
"VTK001057","Hayamax","Pistão A Gás BC1 ThunderX3","4711530964651","","SOURCE_LOOKUP_DEFERRED","","SOURCE_LOOKUP_DEFERRED","external_source_infrastructure_deferred","85","","40","",""
"VTK001063","Hayamax","Pistão A Gás BC1 ThunderX3","4711530961148","","SOURCE_LOOKUP_DEFERRED","","SOURCE_LOOKUP_DEFERRED","external_source_infrastructure_deferred","85","","40","",""
"VTK001075","Hayamax","Conector RJ45 Macho CAT5E Sohoplus - PCT / 100","7893137318796","","SOURCE_FOUND_SECONDARY","","P0_MANUAL_IDENTITY","official_source_not_confirmed","100","60","70","",""
"VTK001077","Hayamax","Ventilador de Mesa Ventisol Turbo 6 40cm Azul 220v","7898461970382","","SOURCE_FOUND_SECONDARY","","P0_MANUAL_IDENTITY","official_source_not_confirmed","100","60","55","",""
"VTK001089","Hayamax","Contrabaixo Giannini GB-100 Jazz Bass Elétrico Passivo Preto/Turtle","7890443020962","","SOURCE_FOUND_SECONDARY","","P0_MANUAL_IDENTITY","possible_remote_listing_requires_review","100","60","70","",""
"VTK001109","Hayamax","ENCOSTO CAD THUNDER TGC12 RS","7890000785846","","SOURCE_LOOKUP_DEFERRED","","SOURCE_LOOKUP_DEFERRED","external_source_infrastructure_deferred","75","","30","",""
"VTK001119","Hayamax","ASSENTO CAD THUNDER EC3 RS","7890000785501","","SOURCE_LOOKUP_DEFERRED","","P0_MANUAL_IDENTITY","possible_remote_listing_requires_review","85","","25","",""
"VTK001137","Hayamax","Pistão A Gás BC1 ThunderX3","4711530964675","","SOURCE_LOOKUP_DEFERRED","","SOURCE_LOOKUP_DEFERRED","external_source_infrastructure_deferred","85","","40","",""
"VTK001155","Hayamax","Cabo Coaxial RG59 67% ROL BR Megatron - RL / 100","7899278914408","","SOURCE_FOUND_SECONDARY","","P0_MANUAL_IDENTITY","official_source_not_confirmed","90","60","45","",""
"VTK001156","Hayamax","Arandela 6"" Frahm HS 200w Quadrada Branca","7896673814180","","SOURCE_FOUND_SECONDARY","","P0_MANUAL_IDENTITY","official_source_not_confirmed","90","60","60","",""
"VTK001165","Hayamax","ASSENTO CAD THUNDER TGC12 RS","7890000785839","","SOURCE_LOOKUP_DEFERRED","","SOURCE_LOOKUP_DEFERRED","external_source_infrastructure_deferred","85","","25","",""
"VTK001173","Hayamax","Pistão A Gás BC1 ThunderX3","4711530961162","","SOURCE_LOOKUP_DEFERRED","","SOURCE_LOOKUP_DEFERRED","external_source_infrastructure_deferred","85","","40","",""
"VTK001187","Hayamax","ALMOFADA DE CABECA CORE LOFT BLACK","7890000785815","","SOURCE_LOOKUP_DEFERRED","","SOURCE_LOOKUP_DEFERRED","external_source_infrastructure_deferred","75","","40","",""
"VTK001291","Hayamax","Lubrificante e Desengripante Aerosol 100ml Spay WD40 - CX / 12","17899737500392","","SOURCE_LOOKUP_DEFERRED","","SOURCE_LOOKUP_DEFERRED","external_source_infrastructure_deferred","100","","35","",""
"VTK001297","Hayamax","Guitarra Giannini G100 Sunburst Com Escudo Branco","7890443014374","","SOURCE_FOUND_SECONDARY","","P0_MANUAL_IDENTITY","official_source_not_confirmed","100","60","70","",""
"VTK001303","Hayamax","Guitarra Giannini G100 Vermelha Com Escudo Branco","7890443014381","","SOURCE_FOUND_SECONDARY","","P0_MANUAL_IDENTITY","official_source_not_confirmed","100","60","70","",""
"VTK001325","Hayamax","Fio Cabinho Flexível 0,30mm Vermelho Tiaflex - RL / 100","7898429980514","","SOURCE_FOUND_SECONDARY","","P0_MANUAL_IDENTITY","official_source_not_confirmed","90","60","45","",""
"VTK001336","Hayamax","Frigideira Rochedo Robusta Grafite 18cm - CXM / 6","17702073028751","","SOURCE_LOOKUP_DEFERRED","","SOURCE_LOOKUP_DEFERRED","external_source_infrastructure_deferred","100","","35","",""
"VTK001343","Hayamax","Suporte Para Caixa JBL Bumper MAX26 AF-LA Preto","7898678590564","","SOURCE_FOUND_SECONDARY","","P0_MANUAL_IDENTITY","official_source_not_confirmed","100","60","55","",""
"VTK001379","Hayamax","Fio Cabinho Flexível 0,20mm Vermelho Tiaflex - RL / 100","7898429980415","","SOURCE_LOOKUP_DEFERRED","","SOURCE_LOOKUP_DEFERRED","external_source_infrastructure_deferred","100","","35","",""
"VTK001390","Hayamax","Apoio de Braço Direito Core Loft Black ThunderX3","7890000797696","","SOURCE_FOUND_SECONDARY","","P0_MANUAL_IDENTITY","official_source_not_confirmed","75","60","50","",""
"VTK001439","Hayamax","Apoio de Braço Esquerdo Core Loft Grey ThunderX3","7890000797726","","SOURCE_LOOKUP_DEFERRED","","SOURCE_LOOKUP_DEFERRED","external_source_infrastructure_deferred","85","","25","",""
"VTK001485","Hayamax","Fio PP 2x1,00mm Controller Preto - RL / 100","7898417291479","","SOURCE_FOUND_SECONDARY","","P0_MANUAL_IDENTITY","official_source_not_confirmed","100","60","55","",""
"VTK001507","Hayamax","Violão Yamaha C70II Acústico Nylon Natural","4957812496889","","SOURCE_FOUND_SECONDARY","","P0_MANUAL_IDENTITY","official_source_not_confirmed","90","60","60","",""
"VTK001572","Hayamax","Encordoamento Para Guitarra .009 Nanoweb 12027 Custom Light Elixir","733132120277","","SOURCE_FOUND_SECONDARY","","P0_MANUAL_IDENTITY","remote_listing_exists","100","60","40","",""
"VTK001643","BKR1","Conector F Rg 6 Com Anel Storm 100 Unidades","7898566200414","","SOURCE_FOUND_SECONDARY","","P0_MANUAL_IDENTITY","official_source_not_confirmed","100","60","55","",""
"VTK001732","Hayamax","Corda Para Violão Nylon 6ª Mi GENW.6 Série Canário Giannini - DZ / 12","7898159180246","","SOURCE_FOUND_SECONDARY","","P0_MANUAL_IDENTITY","official_source_not_confirmed","100","60","55","",""
"VTK001762","Hayamax","Jogo de Chaves de Fenda/Philips Com 6 Peças Brasfort","7898464732758","","SOURCE_FOUND_SECONDARY","","P0_MANUAL_IDENTITY","official_source_not_confirmed","100","60","70","",""
"VTK001834","BKR1","Jack P4 Com Borne Storm 10 Unidades","7898566201978","","SOURCE_LOOKUP_DEFERRED","","SOURCE_LOOKUP_DEFERRED","external_source_infrastructure_deferred","100","","35","",""
"VTK001863","BKR1","Bateria Telefone Sem Fio Fx50u 3,6v Flex","5379861525010","","SOURCE_FOUND_SECONDARY","","P0_MANUAL_IDENTITY","official_source_not_confirmed","100","60","55","",""
"VTK001875","Hayamax","Corda Para Violão 5ª Lá Com Bolinha GENWB Série Canário Giannini - DZ / 12","7898159187535","","SOURCE_FOUND_SECONDARY","","P0_MANUAL_IDENTITY","official_source_not_confirmed","100","60","55","",""
"VTK001897","Hayamax","Cabo Polarizado Para Áudio Externo 2 x 0,20mm² (24 AWG) Preto Tiaflex - RL / 100","7898429981023","","SOURCE_LOOKUP_DEFERRED","","SOURCE_LOOKUP_DEFERRED","external_source_infrastructure_deferred","100","","35","",""
"VTK001978","Hayamax","Encordoamento Para Violão .010 Extra Light Phosphor Bronze Nanoweb 16002 Elixir","733132160020","","SOURCE_FOUND_SECONDARY","","P0_MANUAL_IDENTITY","remote_listing_exists","100","60","40","",""
"VTK002141","BKR1","Suporte Girafa P/microfone C/1 Rosca Smg-10","7898572866024","","SOURCE_FOUND_SECONDARY","","P0_MANUAL_IDENTITY","official_source_not_confirmed","100","60","55","",""
"VTK002437","Hayamax","Capa Para Violão Folk Harmonics Nylon Preta","7898946771152","","SOURCE_FOUND_SECONDARY","","P0_MANUAL_IDENTITY","official_source_not_confirmed","100","60","55","",""
"VTK002521","Hayamax","Contrabaixo Giannini GB-100 Jazz Bass Elétrico Passivo Sunburst/Turtle","7890443020955","","SOURCE_FOUND_SECONDARY","","P0_MANUAL_IDENTITY","official_source_not_confirmed","100","60","70","",""
"VTK002528","Hayamax","Antena Digital HDTV AMPHIBIONS PROHD2000A Preto Proeletronic","7898419490665","","SOURCE_FOUND_SECONDARY","","P0_MANUAL_IDENTITY","official_source_not_confirmed","100","60","55","",""
"VTK002577","Hayamax","Suporte Para Caixa de Som CH10 Preto ASK","7898939971323","","SOURCE_FOUND_SECONDARY","","P0_MANUAL_IDENTITY","official_source_not_confirmed","100","60","55","",""
"VTK002625","BKR1","Garra Jacare 13,5cm 300a Preta Storm 02 Unidades","7898566205846","","SOURCE_FOUND_SECONDARY","","P0_MANUAL_IDENTITY","official_source_not_confirmed","90","60","45","",""
"VTK003043","Hayamax","Cadeira Gamer Fortrek Cruiser Preta","7898554606532","","SOURCE_FOUND_SECONDARY","","P0_MANUAL_IDENTITY","possible_remote_listing_requires_review","100","60","55","",""
"VTK003134","Hayamax","Jack J10 Stereo Metal Para Painel JCPZ0005 Storm - DEZ / 10","7898566206898","","SOURCE_LOOKUP_DEFERRED","","SOURCE_LOOKUP_DEFERRED","external_source_infrastructure_deferred","100","","50","",""
"VTK003366","Hayamax","Encordoamento Para Guitarra 0.10 Niquel Regular Slinky 2221 Ernie Ball","749699122210","","SOURCE_FOUND_SECONDARY","","P0_MANUAL_IDENTITY","official_source_not_confirmed","100","60","55","",""
"VTK003511","Evolusom","Extensao 2x0,75x3,0m Pto","7899278900982","","SOURCE_FOUND_SECONDARY","","P0_MANUAL_IDENTITY","official_source_not_confirmed","90","60","45","",""
"VTK003779","BKR1","Suporte Em Z Para Teclado Fixo Sz02 Saty","7898572861081","","SOURCE_FOUND_SECONDARY","","P0_MANUAL_IDENTITY","official_source_not_confirmed","100","60","55","",""
"VTK003839","Hayamax","Nobreak Ts Shara Ups Compact 800VA 7Ah Bivolt","7897103544424","","SOURCE_FOUND_SECONDARY","","P0_MANUAL_IDENTITY","official_source_not_confirmed","100","60","55","",""
"VTK004022","Hayamax","Cápsula de Microfone Sennheiser MMD 845 Preto","4044155032628","","SOURCE_FOUND_SECONDARY","","P0_MANUAL_IDENTITY","official_source_not_confirmed","100","60","55","",""
"VTK005491","Evolusom","Cabo Display Port Nwt 1.2v Para Dvi 24+5 Femea 0,2m","7908638400236","","SOURCE_LOOKUP_DEFERRED","","SOURCE_LOOKUP_DEFERRED","external_source_infrastructure_deferred","100","","35","",""
"VTK005775","Evolusom","Cabo Nwt Display Port Macho 1.2v 4k 60hz Para Tipo C Macho 1,8m","7908638400212","","SOURCE_LOOKUP_DEFERRED","","SOURCE_LOOKUP_DEFERRED","external_source_infrastructure_deferred","100","","35","",""
"VTK006152","Hayamax","Cabo Para Instrumento Hayonik Player P10 x P10 5m Verde","7899638111201","","SOURCE_FOUND_SECONDARY","","P0_MANUAL_IDENTITY","official_source_not_confirmed","100","60","55","",""
"VTK006158","Hayamax","Cabo Para Instrumento Hayonik Player P10 x P10 5m Amarelo","7899638111188","","SOURCE_FOUND_SECONDARY","","P0_MANUAL_IDENTITY","official_source_not_confirmed","90","60","45","",""
"VTK006192","Hayamax","Cabo Para Instrumento Hayonik Player P10 x P10 5m Vermelho","7899638111218","","SOURCE_FOUND_SECONDARY","","P0_MANUAL_IDENTITY","official_source_not_confirmed","90","60","45","",""
"VTK006193","Hayamax","Cabo Para Instrumento Hayonik Player P10 x P10 5m Azul","7899638111195","","SOURCE_FOUND_SECONDARY","","P0_MANUAL_IDENTITY","official_source_not_confirmed","100","60","55","",""
"VTK006274","Hayamax","Suporte Pedestal Móvel Para TV 32-75"" TVA06V6S ELG","7898378703493","","SOURCE_FOUND_SECONDARY","","P0_MANUAL_IDENTITY","official_source_not_confirmed","100","60","55","",""
"VTK006318","Hayamax","Carregador GaN Universal TRIPLO USB-C e USB-A Fortrek CG633 65W ","7898554609137","","SOURCE_LOOKUP_DEFERRED","","SOURCE_LOOKUP_DEFERRED","external_source_infrastructure_deferred","100","","35","",""
"VTK006377","Hayamax","Microfone Sennheiser E906 Dinâmico Supercardióide","4044155001174","","SOURCE_FOUND_SECONDARY","","P0_MANUAL_IDENTITY","official_source_not_confirmed","100","60","55","",""
"VTK006444","Hayamax","Espremedor de Frutas Arno Express CP32 40W 750ml Vermelho 220V","3016661158094","","SOURCE_FOUND_SECONDARY","","P0_MANUAL_IDENTITY","possible_remote_listing_requires_review","100","60","55","",""
"VTK006457","Hayamax","Grill Arno Dual GNOX Inox Com Abertura de 180° 220v","3016661152948","","SOURCE_FOUND_SECONDARY","","P0_MANUAL_IDENTITY","possible_remote_listing_requires_review","100","60","70","",""
"VTK006567","Hayamax","Ferro a Vapor Arno Essentialgliss com Base Antiaderente FMQ 220V","3121040090657","","SOURCE_FOUND_SECONDARY","","P0_MANUAL_IDENTITY","official_source_not_confirmed","100","60","55","",""
"VTK011959","Hayamax","Apoio de Braço Direito Ergo One Fortrek","7890000856478","","SOURCE_FOUND_SECONDARY","","P0_MANUAL_IDENTITY","possible_remote_listing_requires_review","90","60","60","",""
"VTK011960","Hayamax","Apoio de Braço Esquerdo Ergo One Fortrek","7890000856485","","SOURCE_LOOKUP_DEFERRED","","P0_MANUAL_IDENTITY","possible_remote_listing_requires_review","100","","50","",""
"VTK012014","BKR1","Conector Para Cabo Fêmea P/ac - Corpo Azul Wc 3 Fca Wireconex 02 Unidades","","","SOURCE_LOOKUP_DEFERRED","","SOURCE_LOOKUP_DEFERRED","external_source_infrastructure_deferred","85","","35","",""
"VTK012016","BKR1","Kit Conectores Xlr 1003 1013 20un (10 Machos/10 Femeas) Wireconex","","","SOURCE_LOOKUP_DEFERRED","","SOURCE_LOOKUP_DEFERRED","external_source_infrastructure_deferred","85","","35","",""
"VTK012018","BKR1","Kit Conector Xlr Macho Wc 1013 (10un) Wireconex","","","SOURCE_LOOKUP_DEFERRED","","SOURCE_LOOKUP_DEFERRED","external_source_infrastructure_deferred","85","","35","",""
"VTK012022","BKR1","Conector Combo Xlr Fêmea Painel 3p Wc 330 Wireconex 04 Unidades","","","SOURCE_LOOKUP_DEFERRED","","SOURCE_LOOKUP_DEFERRED","external_source_infrastructure_deferred","85","","35","",""
"VTK012039","BKR1","Kit Conector Xlr Macho Wc 1013 (10un) Wireconex","","","SOURCE_LOOKUP_DEFERRED","","SOURCE_LOOKUP_DEFERRED","external_source_infrastructure_deferred","85","","35","",""
"VTK012040","BKR1","Kit Conectores Xlr 1003 1013 20un (10 Machos/10 Femeas) Wireconex","","","SOURCE_LOOKUP_DEFERRED","","SOURCE_LOOKUP_DEFERRED","external_source_infrastructure_deferred","85","","35","",""
"VTK012148","BKR1","Adaptador Rca Fêmea P/xlr 3p Fêmea Niq. Wc 244 Ad 02 Unidades Wireconex","","","SOURCE_LOOKUP_DEFERRED","","SOURCE_LOOKUP_DEFERRED","external_source_infrastructure_deferred","85","","35","",""
"VTK012233","BKR1","Palheta Bori Grl At-r16102 Picker 0,73 Mm (azul) R21003 10un","","","SOURCE_LOOKUP_DEFERRED","","SOURCE_LOOKUP_DEFERRED","external_source_infrastructure_deferred","70","","25","",""
"VTK012235","BKR1","Lâmpada Led Tkl 80 / 12w 6500k","7897079085068","","SOURCE_FOUND_SECONDARY","","P0_MANUAL_IDENTITY","official_source_not_confirmed","100","60","55","",""
"VTK012236","BKR1","Palheta Bori Grl At-r16104 Picker 0,96 Mm (amarelo) R21005 10un","","","SOURCE_LOOKUP_DEFERRED","","SOURCE_LOOKUP_DEFERRED","external_source_infrastructure_deferred","70","","25","",""
"VTK012237","BKR1","Palheta Bori Grl At-r16147 Rio Xxl (preto) R21032 10un","","","SOURCE_LOOKUP_DEFERRED","","SOURCE_LOOKUP_DEFERRED","external_source_infrastructure_deferred","70","","25","",""
"VTK012248","BKR1","Palheta Bori Grl At-r16103 Picker 0,82 Mm (vermelho) R21004 10un","","","SOURCE_LOOKUP_DEFERRED","","SOURCE_LOOKUP_DEFERRED","external_source_infrastructure_deferred","70","","25","",""
"VTK012267","BKR1","Adaptador Rca Macho P/xlr 3p Fêmea Niq. Wc 242 Ad 02 Unidades Wireconex","","","SOURCE_LOOKUP_DEFERRED","","SOURCE_LOOKUP_DEFERRED","external_source_infrastructure_deferred","85","","35","",""
"VTK012275","BKR1","Palheta Bori Grl At-r16110 S.t.d 0,94 Mm (verde Esc) R21014 10un","","","SOURCE_LOOKUP_DEFERRED","","SOURCE_LOOKUP_DEFERRED","external_source_infrastructure_deferred","70","","25","",""
"VTK012327","BKR1","Kit 04 Conectores Xlr Femea P/ Pci 3 Polos Wc 4046 Wireconex","","","SOURCE_LOOKUP_DEFERRED","","SOURCE_LOOKUP_DEFERRED","external_source_infrastructure_deferred","85","","35","",""
"VTK012335","BKR1","Palheta Bori Grl At-r16112 S.t.d 1,14 Mm (preto) R21016 10un","","","SOURCE_LOOKUP_DEFERRED","","SOURCE_LOOKUP_DEFERRED","external_source_infrastructure_deferred","70","","25","",""
"VTK012336","BKR1","Palheta Bori Grl At-r16132 Drip Gota 1,50 Mm (azul) R21017 10un","","","SOURCE_LOOKUP_DEFERRED","","SOURCE_LOOKUP_DEFERRED","external_source_infrastructure_deferred","70","","25","",""
"VTK012337","BKR1","Palheta Bori Grl At-r16138 Drip Gota 3,00 Mm (azul) R21020 10un","","","SOURCE_LOOKUP_DEFERRED","","SOURCE_LOOKUP_DEFERRED","external_source_infrastructure_deferred","70","","25","",""
"VTK012359","BKR1","Palheta Bori Grl At-r16134 Drip Gota 2,00 Mm (azul) R21018 10un","","","SOURCE_LOOKUP_DEFERRED","","SOURCE_LOOKUP_DEFERRED","external_source_infrastructure_deferred","70","","25","",""
"VTK012362","BKR1","Palheta Tradicional 2,5 P/clarinete Sib Cr102,5 Vandoren Un","008576114039","","SOURCE_FOUND_SECONDARY","","P0_MANUAL_IDENTITY","remote_listing_exists","100","60","40","",""
"VTK012369","BKR1","Adaptadores Rca Fêmea P/xlr 3p Macho Niq. Wc 245 Ad 02 Unidades Wireconex","","","SOURCE_LOOKUP_DEFERRED","","SOURCE_LOOKUP_DEFERRED","external_source_infrastructure_deferred","85","","35","",""
"VTK012383","BKR1","Palheta Guitarra Mul Lght 1cmc2 D Addario .50mm 10un","","","SOURCE_LOOKUP_DEFERRED","","SOURCE_LOOKUP_DEFERRED","external_source_infrastructure_deferred","70","","25","",""
"VTK012384","BKR1","Palheta Guitarra Color 1cap2 D Addario .50mm 10 Un","","","SOURCE_LOOKUP_DEFERRED","","SOURCE_LOOKUP_DEFERRED","external_source_infrastructure_deferred","70","","25","",""
"VTK012408","BKR1","Palheta Bori Grl At-r16107 S.t.d 0,78 Mm (rosa) R21011 10un","","","SOURCE_LOOKUP_DEFERRED","","SOURCE_LOOKUP_DEFERRED","external_source_infrastructure_deferred","70","","25","",""
"VTK012420","BKR1","Bateria 9v Alcalina Unidade Flex","","","SOURCE_LOOKUP_DEFERRED","","SOURCE_LOOKUP_DEFERRED","external_source_infrastructure_deferred","85","","35","",""
"VTK012421","BKR1","Palheta Guitarra Shl Lght 1csh2 D Addario .50mm 10un","","","SOURCE_LOOKUP_DEFERRED","","SOURCE_LOOKUP_DEFERRED","external_source_infrastructure_deferred","70","","25","",""
"VTK012422","BKR1","Palheta Guitarra Mul Med 1cmc4 D Addario .70mm 10un","","","SOURCE_LOOKUP_DEFERRED","","SOURCE_LOOKUP_DEFERRED","external_source_infrastructure_deferred","70","","25","",""
"VTK012470","BKR1","Palheta Bori Grl At-r16114 Azul Crystal 0,82 Mm R21007 10un","","","SOURCE_LOOKUP_DEFERRED","","SOURCE_LOOKUP_DEFERRED","external_source_infrastructure_deferred","70","","25","",""
"VTK012502","BKR1","Polidor Spray Shine Pw-pl-03 D Addario","","","SOURCE_LOOKUP_DEFERRED","","SOURCE_LOOKUP_DEFERRED","external_source_infrastructure_deferred","70","","25","",""
"VTK012543","BKR1","Palheta Bori Grl At-r16109 S.t.d 0,89 Mm (roxo) R21013 10un","","","SOURCE_LOOKUP_DEFERRED","","SOURCE_LOOKUP_DEFERRED","external_source_infrastructure_deferred","70","","25","",""
"VTK012590","BKR1","Palheta Nylon Jazz Iii Preta Pct C/4 Un 47r3s Dunlop (1939)","7897626819399","","SOURCE_FOUND_SECONDARY","","P0_MANUAL_IDENTITY","official_source_not_confirmed","100","60","55","",""
"VTK012613","BKR1","Palheta Royal Tenor Rkb0125 D Addario","","","SOURCE_LOOKUP_DEFERRED","","SOURCE_LOOKUP_DEFERRED","external_source_infrastructure_deferred","70","","25","",""
"VTK012628","BKR1","Palheta Guitarra Dur Prec 6dbu5 D Addario 1.00mm 10un","","","SOURCE_LOOKUP_DEFERRED","","SOURCE_LOOKUP_DEFERRED","external_source_infrastructure_deferred","70","","25","",""
"VTK012632","BKR1","Painel Multicabo 36 Vias Xlr Sem Conectores Wireconex","7898640363523","","SOURCE_FOUND_SECONDARY","","P0_MANUAL_IDENTITY","official_source_not_confirmed","100","60","55","",""
"VTK012668","BKR1","Palheta Guitarra Med 1ccf4 D Addario .70mm 10un","","","SOURCE_LOOKUP_DEFERRED","","SOURCE_LOOKUP_DEFERRED","external_source_infrastructure_deferred","70","","25","",""
"VTK012669","BKR1","Palheta Guitarra Dur Prec 6dbk7 D Addario 1.50mm 10un","","","SOURCE_LOOKUP_DEFERRED","","SOURCE_LOOKUP_DEFERRED","external_source_infrastructure_deferred","70","","25","",""
"VTK012670","BKR1","Palheta Guitarra Color 1cap7 D Addario 1.25mm 10un","","","SOURCE_LOOKUP_DEFERRED","","SOURCE_LOOKUP_DEFERRED","external_source_infrastructure_deferred","70","","25","",""
"VTK012684","BKR1","Palheta Nylon Jazz Iii Vermelha Pct C/4 Un 47r3n Dunlop (1827)","7897626818279","","SOURCE_FOUND_SECONDARY","","P0_MANUAL_IDENTITY","official_source_not_confirmed","100","60","55","",""
"VTK012687","BKR1","Cabo De Microfone Pro Balanceado Emborrachado Xlr Xlr 0,40 Cm Mpbe-0,40 Wireconex","","","SOURCE_LOOKUP_DEFERRED","","SOURCE_LOOKUP_DEFERRED","external_source_infrastructure_deferred","85","","35","",""
"VTK012699","BKR1","Painel Medusa 28 Furos Xlr Com Conectores Wireconex","","","SOURCE_LOOKUP_DEFERRED","","SOURCE_LOOKUP_DEFERRED","external_source_infrastructure_deferred","85","","35","",""
"VTK012729","BKR1","Cabo P10 Prowire Em L Tweed Lilás/prata 6,10m Wireconex","","","SOURCE_LOOKUP_DEFERRED","","SOURCE_LOOKUP_DEFERRED","external_source_infrastructure_deferred","85","","35","",""
"VTK012763","BKR1","Palheta Guitarra Shl Hvy 1csh6 D Addario 1.00mm 10un","","","SOURCE_LOOKUP_DEFERRED","","SOURCE_LOOKUP_DEFERRED","external_source_infrastructure_deferred","70","","25","",""
"VTK012764","BKR1","Palheta Guitarra Dur Prec 6dpr6 D Addario 1.20mm 10un","","","SOURCE_LOOKUP_DEFERRED","","SOURCE_LOOKUP_DEFERRED","external_source_infrastructure_deferred","70","","25","",""
"VTK012765","BKR1","Adaptador Rca Macho P/xlr 3p Macho Niq. Wc 243 Ad 02 Unidades Wireconex","","","SOURCE_LOOKUP_DEFERRED","","SOURCE_LOOKUP_DEFERRED","external_source_infrastructure_deferred","85","","35","",""
"VTK012772","BKR1","Caixa De Som Passiva 8 Polegadas 100 W Rms - Attack Vrf810","","","SOURCE_LOOKUP_DEFERRED","","SOURCE_LOOKUP_DEFERRED","external_source_infrastructure_deferred","85","","35","",""
"VTK012839","BKR1","Cabo De Extensão Power Play P10  5 Metros Phbe-5 Wireconex","7898640361581","","SOURCE_FOUND_SECONDARY","","P0_MANUAL_IDENTITY","official_source_not_confirmed","100","60","55","",""
"VTK012842","BKR1","Painel Speakon 8 Polos Wp08 Spk Ep Wireconex","7898640363790","","SOURCE_FOUND_SECONDARY","","P0_MANUAL_IDENTITY","official_source_not_confirmed","100","60","55","",""
"VTK012861","BKR1","Alto-falante 18 Pol 800w Rms 8 Ohms 18lf1610b8 Atk","7898640360638","","SOURCE_FOUND_SECONDARY","","P0_MANUAL_IDENTITY","official_source_not_confirmed","100","60","55","",""
"VTK012864","BKR1","Alto-falante 18 Pol 1500w Rms 8 Ohms 18lf3000b8 Atk","7898640362106","","SOURCE_FOUND_SECONDARY","","P0_MANUAL_IDENTITY","official_source_not_confirmed","100","60","55","",""
"VTK012865","BKR1","Alto-falante Profissional 400w 18 Pol 8 Ohms 18wf810b8 Atk","7898640362144","","SOURCE_FOUND_SECONDARY","","P0_MANUAL_IDENTITY","official_source_not_confirmed","90","60","45","",""
"VTK012866","BKR1","Alto-falante 12 Pol 1300w Rms 4 Ohms Wf3004600b4/a Atk","7898640360676","","SOURCE_FOUND_SECONDARY","","P0_MANUAL_IDENTITY","official_source_not_confirmed","100","60","55","",""
"VTK012869","BKR1","Alto-falante 12 Pol 1000w Rms 4 Ohms Wf3002000b4/a Atk","7898640360706","","SOURCE_FOUND_SECONDARY","","P0_MANUAL_IDENTITY","official_source_not_confirmed","100","60","55","",""
"VTK012895","BKR1","Caixa Retorno Attack Vsm112 - Monitor Palco Passivo 12 Polegadas 300 W Rms","7898640362021","","SOURCE_FOUND_SECONDARY","","P0_MANUAL_IDENTITY","official_source_not_confirmed","90","60","45","",""
"VTK012896","BKR1","Caixa Ativa 12"" 200w Rms Mk1225a Bt Mark Audio","","","SOURCE_LOOKUP_DEFERRED","","SOURCE_LOOKUP_DEFERRED","external_source_infrastructure_deferred","85","","35","",""
"VTK012909","BKR1","Capa P/ Violão Clássico Simples 2 Alças - Nylon 600 - Preto Bkr 1","7898946772609","","SOURCE_FOUND_SECONDARY","","P0_MANUAL_IDENTITY","official_source_not_confirmed","100","60","55","",""
"VTK012911","BKR1","Capa P/ Violão Folk Extra Bolso Cargo - Nylon 600 - Marrom Bkr 1","7898663801019","","SOURCE_FOUND_SECONDARY","","P0_MANUAL_IDENTITY","official_source_not_confirmed","100","60","55","",""
"VTK013007","BKR1","Kit 10 Conectores P10 Stereo Metal Com Mola Wc 244 Wireconex","7898640365176","","SOURCE_FOUND_SECONDARY","","P0_MANUAL_IDENTITY","official_source_not_confirmed","100","60","55","",""
"VTK013008","BKR1","Conector P10 Mono Preto Wc153 10 Un Wireconex","7898640365206","","SOURCE_FOUND_SECONDARY","","P0_MANUAL_IDENTITY","official_source_not_confirmed","100","60","55","",""
"VTK013085","BKR1","Suporte De Parede Com Angulação Para Attack Vs83/vsc83a - Branco","7898640363240","","SOURCE_LOOKUP_DEFERRED","","SOURCE_LOOKUP_DEFERRED","external_source_infrastructure_deferred","100","","35","",""
"VTK013087","BKR1","Divisor De Antena 1x2 5-900mhz Storm 10 Unidades","7898566200278","","SOURCE_LOOKUP_DEFERRED","","SOURCE_LOOKUP_DEFERRED","external_source_infrastructure_deferred","100","","35","",""
"VTK013088","BKR1","Divisor De Antena 1x3 5-900mhz Storm 10 Unidades","7898566200308","","SOURCE_FOUND_SECONDARY","","P0_MANUAL_IDENTITY","official_source_not_confirmed","90","60","45","",""
"VTK017155","Hayamax","Suporte Multifuncional Ask PNT1 Simples Preto","7898960877915","","SOURCE_LOOKUP_DEFERRED","","SOURCE_LOOKUP_DEFERRED","external_source_infrastructure_deferred","100","","50","",""
"VTK017179","Evolusom","Teclado Logitech K120 Usb Preto","097855088758","","SOURCE_FOUND_SECONDARY","","P0_MANUAL_IDENTITY","official_source_not_confirmed","100","60","55","",""
"VTK017202","Evolusom","Tesoura Seccon Corta Kevlar 5,8"" Ct-c151n","","","SOURCE_LOOKUP_DEFERRED","","SOURCE_LOOKUP_DEFERRED","external_source_infrastructure_deferred","85","","35","",""
"VTK017210","Evolusom","Terminal De Fio Permak Encaixe Macho","","","SOURCE_LOOKUP_DEFERRED","","SOURCE_LOOKUP_DEFERRED","external_source_infrastructure_deferred","85","","35","",""
"VTK017211","Evolusom","Suporte Para Microfone De Bateria/precussão Ask B10","7898939972504","","SOURCE_FOUND_SECONDARY","","P0_MANUAL_IDENTITY","official_source_not_confirmed","100","60","55","",""
"VTK017215","Evolusom","Arandela Fiamon Sem Falante Redonda Branca 6""","7898478322921","","SOURCE_LOOKUP_DEFERRED","","SOURCE_LOOKUP_DEFERRED","external_source_infrastructure_deferred","100","","35","",""
"VTK017233","Evolusom","Suporte Antena 10-a Telha Brasilit 32mm Tubo 3/ 4 Prata Cromo","","","SOURCE_LOOKUP_DEFERRED","","SOURCE_LOOKUP_DEFERRED","external_source_infrastructure_deferred","85","","35","",""
"VTK017234","Evolusom","Suporte Antena Cromo 211-b Emenda Tubo 1""","","","SOURCE_LOOKUP_DEFERRED","","SOURCE_LOOKUP_DEFERRED","external_source_infrastructure_deferred","85","","35","",""
"VTK017235","Evolusom","Suporte Antena 313-af Telha Francesa Tubo 3/ 4 Com Suporte Prata Cromo","","","SOURCE_LOOKUP_DEFERRED","","SOURCE_LOOKUP_DEFERRED","external_source_infrastructure_deferred","85","","35","",""
"VTK017236","Evolusom","Alto Falante 5"" Pioneer Ts-1360br 100rms/ Par","4988028352812","","SOURCE_FOUND_SECONDARY","","P0_MANUAL_IDENTITY","official_source_not_confirmed","90","60","45","",""
"VTK017524","Evolusom","Tela Plástica Permak  6""  Para Alto Falante Tipo Arlem 115 - PC / 2","","","SOURCE_LOOKUP_DEFERRED","","SOURCE_LOOKUP_DEFERRED","external_source_infrastructure_deferred","85","","35","",""
"VTK017531","Evolusom","Terminal De Fio Aberto Forquilha1/8 Permak Para Módulo - 100un.","","","SOURCE_LOOKUP_DEFERRED","","SOURCE_LOOKUP_DEFERRED","external_source_infrastructure_deferred","85","","35","",""
"VTK017538","Evolusom","Trafo Audio Frahm Linha T5i 70/ 210v","","","SOURCE_LOOKUP_DEFERRED","","SOURCE_LOOKUP_DEFERRED","external_source_infrastructure_deferred","85","","35","",""
"VTK017548","Evolusom","Conector Klc Com Uhf Macho R Red Rg/rgcc 58 Km-16","","","SOURCE_LOOKUP_DEFERRED","","SOURCE_LOOKUP_DEFERRED","external_source_infrastructure_deferred","85","","35","",""
"VTK017562","Evolusom","Carregador Veicular Elgin Usb 12v - 2 Saídas","7897013561269","","SOURCE_LOOKUP_DEFERRED","","SOURCE_LOOKUP_DEFERRED","external_source_infrastructure_deferred","100","","35","",""
"VTK017567","Evolusom","Combo Teclado E Mouse Sem Fio Logitech Mk270 Preto/cinza","097855088864","","SOURCE_FOUND_SECONDARY","","P0_MANUAL_IDENTITY","official_source_not_confirmed","100","60","55","",""
"VTK017698","Evolusom","Fonte Chaveada Mxt Para Cftv Com Led 12v 2a","7899471878965","","SOURCE_FOUND_SECONDARY","","P0_MANUAL_IDENTITY","official_source_not_confirmed","100","60","55","",""
"VTK017740","Evolusom","Suporte Antena 207-b Tripe Laje Tubo 1"" Prata Cromo","","","SOURCE_LOOKUP_DEFERRED","","SOURCE_LOOKUP_DEFERRED","external_source_infrastructure_deferred","85","","35","",""
"VTK017771","Evolusom","Refil De Tinta Epson T544422 Amarelo","010343988569","","SOURCE_FOUND_SECONDARY","","P0_MANUAL_IDENTITY","official_source_not_confirmed","100","60","55","",""
"VTK017783","Evolusom","Quantum Qps Plus4004 Sensor De Estacion. C/ 4 Sensores Sonoros","7898382148075","","SOURCE_FOUND_SECONDARY","","P0_MANUAL_IDENTITY","official_source_not_confirmed","90","60","60","",""
"VTK017826","Evolusom","Rele De Buzina Permak Universal 5 Terminais","","","SOURCE_LOOKUP_DEFERRED","","SOURCE_LOOKUP_DEFERRED","external_source_infrastructure_deferred","85","","35","",""
"VTK017848","Evolusom","Cabo Alarme Telecam 100 Metros 50 X 10 Vias Cca Liga Cobre","7898619565781","","SOURCE_FOUND_SECONDARY","","P0_MANUAL_IDENTITY","official_source_not_confirmed","100","60","55","",""
"VTK017866","Evolusom","Alça Pré Formada Para Cabo 9,60/ 10,40 Acpo6104 Preto - PC / 10","","","SOURCE_LOOKUP_DEFERRED","","SOURCE_LOOKUP_DEFERRED","external_source_infrastructure_deferred","85","","35","",""
"VTK017869","Evolusom","Lanterna Rayovac Indestrutível Diy3aaa-bc","10012800537195","","SOURCE_LOOKUP_DEFERRED","","SOURCE_LOOKUP_DEFERRED","external_source_infrastructure_deferred","100","","35","",""
"VTK017898","Evolusom","Fone Headset Intelbras Ths 55 Conector Usb 4010055","7896637677035","","SOURCE_FOUND_SECONDARY","","P0_MANUAL_IDENTITY","official_source_not_confirmed","90","60","45","",""
"VTK017902","Evolusom","Controle Remoto Mxt 01370 Ar Inverter Springer Midea","","","SOURCE_LOOKUP_DEFERRED","","SOURCE_LOOKUP_DEFERRED","external_source_infrastructure_deferred","85","","35","",""
"VTK017903","Evolusom","Cabo Hdmi X Dvi Nwt Cbhd0001 Macho X Macho Entrada Dvi 18+1 Saída Hdmi 1.4 Com Filtro 2m","","","SOURCE_LOOKUP_DEFERRED","","SOURCE_LOOKUP_DEFERRED","external_source_infrastructure_deferred","85","","35","",""
"VTK017933","Evolusom","Botão De Pânico Ipec Nf","7898663560183","","SOURCE_FOUND_SECONDARY","","P0_MANUAL_IDENTITY","official_source_not_confirmed","90","60","45","",""
"VTK017934","Evolusom","Caixa R.l.p. Vazia Corujinha A.f 6 + Rádio + Duto","","","SOURCE_LOOKUP_DEFERRED","","SOURCE_LOOKUP_DEFERRED","external_source_infrastructure_deferred","85","","35","",""
"VTK017936","Evolusom","Refil Tinta Epson Amarelo T664420-al","010343885325","","SOURCE_FOUND_SECONDARY","","P0_MANUAL_IDENTITY","official_source_not_confirmed","100","60","55","",""
"VTK017939","Evolusom","Caixa Dio 19"" Evus Ev-dio12 12fo Para Rack Preto","","","SOURCE_LOOKUP_DEFERRED","","SOURCE_LOOKUP_DEFERRED","external_source_infrastructure_deferred","85","","35","",""
"VTK017942","Evolusom","Fonte Atx 200w C3 Tech Ps-200v4 C3plus Sem Cabo - Caixa Com 10 Unidades","","","SOURCE_LOOKUP_DEFERRED","","SOURCE_LOOKUP_DEFERRED","external_source_infrastructure_deferred","85","","35","",""
"VTK017944","Evolusom","Antena Aquário Px Viuva Negra Base Prolongada Com Bobina Central","7898127608314","","SOURCE_LOOKUP_DEFERRED","","SOURCE_LOOKUP_DEFERRED","external_source_infrastructure_deferred","100","","35","",""
"VTK017951","Evolusom","Refil De Tinta Epson T504222 Ecotank Ciano","010343988507","","SOURCE_FOUND_SECONDARY","","P0_MANUAL_IDENTITY","official_source_not_confirmed","100","60","55","",""
"VTK017952","Evolusom","Refil De Tinta Epson T504322 Ecotank Magenta","010343988514","","SOURCE_FOUND_SECONDARY","","P0_MANUAL_IDENTITY","official_source_not_confirmed","100","60","55","",""
"VTK017981","Evolusom","Combo Teclado E Mouse Logitech Mk200 Usb Preto","097855067203","","SOURCE_FOUND_SECONDARY","","P0_MANUAL_IDENTITY","official_source_not_confirmed","100","60","55","",""
"VTK017982","Evolusom","Calculadora Pessoal Procalc Pc986-p 8 Dígitos Pink","4891450986039","","SOURCE_FOUND_SECONDARY","","P0_MANUAL_IDENTITY","official_source_not_confirmed","100","60","55","",""
"VTK018024","Evolusom","Teclado Viaweb 16s","7898936319227","","SOURCE_FOUND_SECONDARY","","P0_MANUAL_IDENTITY","official_source_not_confirmed","100","60","55","",""
"VTK018064","Evolusom","Lâmpada Multilaser Super Led H8 20w 6200k Par Au836","","","SOURCE_LOOKUP_DEFERRED","","SOURCE_LOOKUP_DEFERRED","external_source_infrastructure_deferred","85","","35","",""
"VTK018077","Evolusom","Par De Lâmpadas Super Led Cob Multilaser H8 20w 6200k Lumens Au836","7899838803159","","SOURCE_FOUND_SECONDARY","","P0_MANUAL_IDENTITY","official_source_not_confirmed","90","60","45","",""
"VTK018079","Evolusom","Microventilador Nwt 172x150x5mm Tensão 110v/220vac","7898566200605","","SOURCE_LOOKUP_DEFERRED","","SOURCE_LOOKUP_DEFERRED","external_source_infrastructure_deferred","100","","35","",""
"VTK018102","Evolusom","Emenda Mecanica Seccon Para Fibra Optica Universal","","","SOURCE_LOOKUP_DEFERRED","","SOURCE_LOOKUP_DEFERRED","external_source_infrastructure_deferred","85","","35","",""
"VTK018106","Evolusom","Módulo Viaweb Gprs Ip 2.3","7898936319241","","SOURCE_LOOKUP_DEFERRED","","SOURCE_LOOKUP_DEFERRED","external_source_infrastructure_deferred","100","","35","",""
"VTK018111","Evolusom","Combo Teclado + Mouse Wireless Logitech Mk295","097855161062","","SOURCE_FOUND_SECONDARY","","P0_MANUAL_IDENTITY","official_source_not_confirmed","100","60","55","",""
"VTK018113","Evolusom","Antena Aquário Px Viúva Negra 11 Metros Com Base Pu E Bobina Central","7898127608291","","SOURCE_LOOKUP_DEFERRED","","SOURCE_LOOKUP_DEFERRED","external_source_infrastructure_deferred","100","","35","",""
"VTK018128","Evolusom","Microfone Cardioide Leson Sm-58 P4 Ouro Com Suporte E Cabo 5 Metros","","","SOURCE_LOOKUP_DEFERRED","","SOURCE_LOOKUP_DEFERRED","external_source_infrastructure_deferred","85","","35","",""
"VTK018129","Evolusom","Teclado Para Central Monitorada Intelbras Xat 1018 Mt","7896637611749","","SOURCE_FOUND_SECONDARY","","P0_MANUAL_IDENTITY","official_source_not_confirmed","100","60","55","",""
"VTK018134","Evolusom","Cabo Coaxial Cabletech Master 40 40% Rgc 06 Preto 100 Metros","7898414700059","","SOURCE_LOOKUP_DEFERRED","","SOURCE_LOOKUP_DEFERRED","external_source_infrastructure_deferred","90","","40","",""
"VTK018139","Evolusom","Alça Pré Formada Cabo 9,60/ 10,40 Apco6104 Preto - PC / 10","","","SOURCE_LOOKUP_DEFERRED","","SOURCE_LOOKUP_DEFERRED","external_source_infrastructure_deferred","85","","35","",""
"VTK018170","Evolusom","Aro Espaçador Permak Bafles 6x9"" Plástico Para Alto Falante Par","","","SOURCE_LOOKUP_DEFERRED","","SOURCE_LOOKUP_DEFERRED","external_source_infrastructure_deferred","85","","35","",""
"VTK018197","Evolusom","Lâmpada Multilaser Super Led Hb4 30w 6200k Au840 Par","","","SOURCE_LOOKUP_DEFERRED","","SOURCE_LOOKUP_DEFERRED","external_source_infrastructure_deferred","85","","35","",""
"VTK018199","Evolusom","Sensor Ultrasom Locktronic","7898441353204","","SOURCE_FOUND_SECONDARY","","P0_MANUAL_IDENTITY","official_source_not_confirmed","90","60","45","",""
"VTK018201","Evolusom","Plug P10 Duplo Z Mono Pedais","","","SOURCE_LOOKUP_DEFERRED","","SOURCE_LOOKUP_DEFERRED","external_source_infrastructure_deferred","85","","35","",""
"VTK018221","Evolusom","Pino Adaptador Daneva Dn1556 Pote Com 24 Pinos Cores Sortidas","","","SOURCE_LOOKUP_DEFERRED","","SOURCE_LOOKUP_DEFERRED","external_source_infrastructure_deferred","85","","35","",""
"VTK018228","Evolusom","Cabo Multicabo Santo Angelo Sas 20 Vias Cobre Ofhc Metro - PC / 10","","","SOURCE_LOOKUP_DEFERRED","","SOURCE_LOOKUP_DEFERRED","external_source_infrastructure_deferred","85","","35","",""
"VTK018269","Evolusom","Caixa Vazia Para 1 Subwoofer 10"" Invertida Pick-up - PC / 2","","","SOURCE_LOOKUP_DEFERRED","","SOURCE_LOOKUP_DEFERRED","external_source_infrastructure_deferred","85","","35","",""
"VTK018277","Evolusom","Ponta Fenda Para Ferro De Solda Hikari Hk Plus Sc-30","","","SOURCE_LOOKUP_DEFERRED","","SOURCE_LOOKUP_DEFERRED","external_source_infrastructure_deferred","85","","35","",""
"VTK018279","Evolusom","Parafuso Fura Lata 3.5x25mm Cento - CT / 5","","","SOURCE_LOOKUP_DEFERRED","","SOURCE_LOOKUP_DEFERRED","external_source_infrastructure_deferred","70","","25","",""
"VTK018292","Evolusom","Alto Falante Subwoofer Pioneer 12"" Ts-w3090br 600w Rms 2x4 Ohms Bobina Dupla","4988028352720","","SOURCE_FOUND_SECONDARY","","P0_MANUAL_IDENTITY","official_source_not_confirmed","90","60","45","",""
"VTK018293","Evolusom","Lâmpada Multilaser Super Led Cob H1 Com Potência De 20w E Temperatura 6200k - Au832","","","SOURCE_LOOKUP_DEFERRED","","SOURCE_LOOKUP_DEFERRED","external_source_infrastructure_deferred","85","","35","",""
"VTK018297","Evolusom","Cabo Alarme Telecam 50 X 10 Vias Cobre 100 Metros","7898917230725","","SOURCE_FOUND_SECONDARY","","P0_MANUAL_IDENTITY","official_source_not_confirmed","90","60","45","",""
"VTK018304","Evolusom","Chicote Permak Para Cd Honda Civic 2007 A 2011 - 35/d2","7898253495154","","SOURCE_LOOKUP_DEFERRED","","SOURCE_LOOKUP_DEFERRED","external_source_infrastructure_deferred","100","","35","",""
"VTK018306","Evolusom","Parafuso  P/ Alto Falante 2 ""s Cento - CT / 5","","","SOURCE_LOOKUP_DEFERRED","","SOURCE_LOOKUP_DEFERRED","external_source_infrastructure_deferred","70","","25","",""
"VTK018338","Evolusom","Cabo Extensão De Antena Permak 1,50 Metros - PC / 2","","","SOURCE_LOOKUP_DEFERRED","","SOURCE_LOOKUP_DEFERRED","external_source_infrastructure_deferred","85","","35","",""
"VTK018347","Evolusom","Web Cam Logitech C270 Hd 720p 3 Megapixels Com Microfone Cor Chumbo E Preto","097855070739","","SOURCE_FOUND_SECONDARY","","P0_MANUAL_IDENTITY","official_source_not_confirmed","100","60","55","",""
"VTK018351","Evolusom","Cabo Para Microfone Santo Angelo Sc-30 Balanceado Azul 100 Metros","","","SOURCE_LOOKUP_DEFERRED","","SOURCE_LOOKUP_DEFERRED","external_source_infrastructure_deferred","85","","35","",""
"VTK018353","Evolusom","Cabo Multicabo Santo Angelo Sas 12 Vias Cobre Ofhc Metro - PC / 10","","","SOURCE_LOOKUP_DEFERRED","","SOURCE_LOOKUP_DEFERRED","external_source_infrastructure_deferred","85","","35","",""
"VTK018354","Evolusom","Cabo Multicabo Santo Angelo Sas 36 Vias Cobre Ofhc Metro - PC / 10","","","SOURCE_LOOKUP_DEFERRED","","SOURCE_LOOKUP_DEFERRED","external_source_infrastructure_deferred","85","","35","",""
"VTK018382","Evolusom","Suporte Fechadura Hikvision Ds-k4h188-u Formato U","","","SOURCE_LOOKUP_DEFERRED","","SOURCE_LOOKUP_DEFERRED","external_source_infrastructure_deferred","85","","35","",""
"VTK018387","Evolusom","Ultraled Shocklight S11 H13 6000k 12v 35w 4000lm","","","SOURCE_LOOKUP_DEFERRED","","SOURCE_LOOKUP_DEFERRED","external_source_infrastructure_deferred","85","","35","",""
"VTK018397","Evolusom","Parafuso Permak Com Rosca Soberba 13mm -  Cento - PC / 5","","","SOURCE_LOOKUP_DEFERRED","","SOURCE_LOOKUP_DEFERRED","external_source_infrastructure_deferred","85","","35","",""
"VTK018403","Evolusom","Antena Permak Shark Branco Perola 100/m7","","","SOURCE_LOOKUP_DEFERRED","","SOURCE_LOOKUP_DEFERRED","external_source_infrastructure_deferred","75","","40","",""
"VTK018422","Evolusom","Haste Permak Para Antena De Teto Gti 095","7898253494676","","SOURCE_FOUND_SECONDARY","","P0_MANUAL_IDENTITY","official_source_not_confirmed","90","60","45","",""
"VTK018423","Evolusom","Antena Usb Parabólica De Grade Aquário Usb-2510 2.4ghz 25 Dbi E Cabo 10m - PC / 6","","","SOURCE_LOOKUP_DEFERRED","","SOURCE_LOOKUP_DEFERRED","external_source_infrastructure_deferred","85","","35","",""
"VTK018428","Evolusom","Cabo Coaxial Cabletech Std-40+tp3 Branco 100 Metros 801214000p01cb12","7898414700042","","SOURCE_LOOKUP_DEFERRED","","SOURCE_LOOKUP_DEFERRED","external_source_infrastructure_deferred","100","","35","",""
"VTK018434","Evolusom","Tela Para Alto Falante Permak 114/o 12"" Plástica - PC / 2","7898253491392","","SOURCE_LOOKUP_DEFERRED","","SOURCE_LOOKUP_DEFERRED","external_source_infrastructure_deferred","100","","35","",""
"VTK018435","Evolusom","Golden Waffle 2 Britânia 220v","7891356035111","","SOURCE_FOUND_SECONDARY","","P0_MANUAL_IDENTITY","official_source_not_confirmed","90","60","45","",""
"VTK018446","Evolusom","Multiplicador Usb Daneva Carregador 2 Usb Saída 5v 1,5a + 2 Tomadas","7896586816486","","SOURCE_FOUND_SECONDARY","","P0_MANUAL_IDENTITY","official_source_not_confirmed","90","60","45","",""
"VTK018447","Evolusom","Canaleta 40x15x2000 Enerbras Branca Sem Dupla Face Com Divisão - PC / 12","","","SOURCE_LOOKUP_DEFERRED","","SOURCE_LOOKUP_DEFERRED","external_source_infrastructure_deferred","85","","35","",""
"VTK018449","Evolusom","Central Viaweb Vw8z Gprs Ip Caixa Metálica","7898936319029","","SOURCE_FOUND_SECONDARY","","P0_MANUAL_IDENTITY","official_source_not_confirmed","100","60","55","",""
"VTK018450","Evolusom","Teclado Via Web 128 Para Central 128 Plus Lcd","","","SOURCE_LOOKUP_DEFERRED","","SOURCE_LOOKUP_DEFERRED","external_source_infrastructure_deferred","85","","35","",""
"VTK018454","Evolusom","Conector Para Cd Vw Jetta/passat","7898253504511","","SOURCE_FOUND_SECONDARY","","P0_MANUAL_IDENTITY","official_source_not_confirmed","90","60","45","",""
"VTK018460","Evolusom","Refil Tinta Epson Amarelo T673420-al","","","SOURCE_LOOKUP_DEFERRED","","SOURCE_LOOKUP_DEFERRED","external_source_infrastructure_deferred","85","","35","",""
"VTK018461","Evolusom","Refil Tinta Epson Ciano T673220al","","","SOURCE_LOOKUP_DEFERRED","","SOURCE_LOOKUP_DEFERRED","external_source_infrastructure_deferred","85","","35","",""
"VTK018462","Evolusom","Terminal De Bateria Universal Grande Negativo Sapão Super - PC / 10","","","SOURCE_LOOKUP_DEFERRED","","SOURCE_LOOKUP_DEFERRED","external_source_infrastructure_deferred","85","","35","",""
"VTK018467","Evolusom","Parafuso 4,2 X 38 Flangeado Cento - CT / 5","","","SOURCE_LOOKUP_DEFERRED","","SOURCE_LOOKUP_DEFERRED","external_source_infrastructure_deferred","70","","25","",""
"VTK018472","Evolusom","Fusível Mega Permak 150a - PC / 5","","","SOURCE_LOOKUP_DEFERRED","","SOURCE_LOOKUP_DEFERRED","external_source_infrastructure_deferred","85","","35","",""
"VTK018473","Evolusom","Fusivel Permak Mega 200a - PC / 5","","","SOURCE_LOOKUP_DEFERRED","","SOURCE_LOOKUP_DEFERRED","external_source_infrastructure_deferred","85","","35","",""
"VTK018480","Evolusom","Haste Olimpus Curta New Flex M5/m6","7898382147320","","SOURCE_LOOKUP_DEFERRED","","SOURCE_LOOKUP_DEFERRED","external_source_infrastructure_deferred","100","","50","",""
"VTK018517","Evolusom","Contra Frente Plástica Permak Corsa   Montana  Meriva 2 Din Prata 89/m2","7898253497974","","SOURCE_FOUND_SECONDARY","","P0_MANUAL_IDENTITY","official_source_not_confirmed","100","60","55","",""
"VTK018522","Evolusom","Minipa Ez Test Ii Testador De Tensao","7898112605946","","SOURCE_FOUND_SECONDARY","","P0_MANUAL_IDENTITY","official_source_not_confirmed","90","60","45","",""
"VTK018546","Evolusom","Módulo Viaweb Gprs 2.4","7898936319234","","SOURCE_FOUND_SECONDARY","","P0_MANUAL_IDENTITY","official_source_not_confirmed","90","60","45","",""
"VTK018547","Evolusom","Caixa Metálica Universal Para Central Alarme","","","SOURCE_LOOKUP_DEFERRED","","SOURCE_LOOKUP_DEFERRED","external_source_infrastructure_deferred","85","","35","",""
"VTK018548","Evolusom","Caixa R.l.p. Residence Vazia 1 A.f. 12 + Dr + Tw + Rádio + Duto","","","SOURCE_LOOKUP_DEFERRED","","SOURCE_LOOKUP_DEFERRED","external_source_infrastructure_deferred","85","","35","",""
"VTK018550","Evolusom","Interface De Desbloqueio De Central Multimídia Original Bee Link Fiat Argo/cronos 2019","7898441352696","","SOURCE_LOOKUP_DEFERRED","","SOURCE_LOOKUP_DEFERRED","external_source_infrastructure_deferred","100","","35","",""
"VTK018552","Evolusom","Trafo De Linha Frahm T10","","","SOURCE_LOOKUP_DEFERRED","","SOURCE_LOOKUP_DEFERRED","external_source_infrastructure_deferred","85","","35","",""
"VTK018554","Evolusom","Protetor Para Interfone Moros - Preto","","","SOURCE_LOOKUP_DEFERRED","","SOURCE_LOOKUP_DEFERRED","external_source_infrastructure_deferred","85","","35","",""
"VTK018562","Evolusom","Antena Permak Para Palio/ Mobi Com Cabo 3 Metros - Ref. 100/g","7898253502104","","SOURCE_FOUND_SECONDARY","","P0_MANUAL_IDENTITY","official_source_not_confirmed","90","60","45","",""
"VTK018563","Evolusom","Parafuso Permak Com Rosca Roberba 22mm - Cento - PC / 5","","","SOURCE_LOOKUP_DEFERRED","","SOURCE_LOOKUP_DEFERRED","external_source_infrastructure_deferred","85","","35","",""
"VTK018581","Evolusom","Inversor Solar Saj R5-3k-s1-15 Mono 220v 1mppt","","","SOURCE_LOOKUP_DEFERRED","","SOURCE_LOOKUP_DEFERRED","external_source_infrastructure_deferred","85","","35","",""
"VTK018587","Evolusom","Auxiliar De Partida / Acumulador De Bateria Thork 6310","4895239063102","","SOURCE_FOUND_SECONDARY","","P0_MANUAL_IDENTITY","official_source_not_confirmed","100","60","55","",""
"VTK018597","Evolusom","Centralina Tech Line Lw-g5","","","SOURCE_LOOKUP_DEFERRED","","SOURCE_LOOKUP_DEFERRED","external_source_infrastructure_deferred","70","","25","",""
"VTK018598","Evolusom","Arandela Frahm 6"" Coaxial 30w Rms 8r Redonda 30158","7896673801746","","SOURCE_LOOKUP_DEFERRED","","SOURCE_LOOKUP_DEFERRED","external_source_infrastructure_deferred","100","","35","",""
"VTK018608","Evolusom","Chicote Dedicado Positron Pronnect Hyundai Veloster 2013","7897789632309","","SOURCE_LOOKUP_DEFERRED","","SOURCE_LOOKUP_DEFERRED","external_source_infrastructure_deferred","100","","35","",""
"VTK018610","Evolusom","Cabo Multicabo Santo Angelo Sas 6 Vias Cobre Ofhc Metro - PC / 10","","","SOURCE_LOOKUP_DEFERRED","","SOURCE_LOOKUP_DEFERRED","external_source_infrastructure_deferred","85","","35","",""
"VTK018616","Evolusom","Contra Frente Plástica Permak Ka Focus Escot Ranger 2 Din  89/c2","7898253498094","","SOURCE_FOUND_SECONDARY","","P0_MANUAL_IDENTITY","official_source_not_confirmed","100","60","55","",""
"VTK018635","Evolusom","Capota Marítima Concórdia Flash Cover Ba155l Volkwagen Saveiro Cabine Simples Com Gancho 2010+ Baguete","7899630182629","","SOURCE_LOOKUP_DEFERRED","","SOURCE_LOOKUP_DEFERRED","external_source_infrastructure_deferred","100","","35","",""
"VTK018636","Evolusom","Camera Bullet Sohoplus Ip 2 Mp Poe Ip66 Ipc002","7893137226954","","SOURCE_FOUND_SECONDARY","","P0_MANUAL_IDENTITY","official_source_not_confirmed","90","60","45","",""
"VTK018639","Evolusom","Kit Ventilador Universal Para Rack Piso Max Eletron Com 4 Coolers","7908060206284","","SOURCE_LOOKUP_DEFERRED","","SOURCE_LOOKUP_DEFERRED","external_source_infrastructure_deferred","100","","35","",""
"VTK018641","Evolusom","Caixa R.l.p. Vazia Para 1 A.f 12 + 2 Dr +2 Tw + Duto","","","SOURCE_LOOKUP_DEFERRED","","SOURCE_LOOKUP_DEFERRED","external_source_infrastructure_deferred","85","","35","",""
"VTK018642","Evolusom","Caixa R.l.p. Vazia Full Trap 2 A.f. 12""","","","SOURCE_LOOKUP_DEFERRED","","SOURCE_LOOKUP_DEFERRED","external_source_infrastructure_deferred","85","","35","",""
"VTK018660","Evolusom","Elgin Bateria Alcalina 23a 12v Embalagem 50 Uni","","","SOURCE_LOOKUP_DEFERRED","","SOURCE_LOOKUP_DEFERRED","external_source_infrastructure_deferred","85","","35","",""
"VTK018664","Evolusom","Antena Permak Am/fm 2 Estágio Preta","7898253494645","","SOURCE_LOOKUP_DEFERRED","","SOURCE_LOOKUP_DEFERRED","external_source_infrastructure_deferred","100","","35","",""
"VTK018675","Evolusom","Sensor Pet Infravermelho Sulton Spw 400 - 20kg","","","SOURCE_LOOKUP_DEFERRED","","SOURCE_LOOKUP_DEFERRED","external_source_infrastructure_deferred","85","","35","",""
"VTK018700","Evolusom","Arandela Frahm 6"" Coaxial 25 W Rms 8r Metálica 20760","","","SOURCE_LOOKUP_DEFERRED","","SOURCE_LOOKUP_DEFERRED","external_source_infrastructure_deferred","85","","35","",""
"VTK018702","Evolusom","Alto Falante Hinor Hpl 18"" 1000w Rms 8r Subwoofer","7896673801128","","SOURCE_LOOKUP_DEFERRED","","SOURCE_LOOKUP_DEFERRED","external_source_infrastructure_deferred","100","","35","",""
"VTK018714","Evolusom","Contra Frente Plástica Permak Toyota Hilux Sw4 2 Din 89/z3","7898253497813","","SOURCE_FOUND_SECONDARY","","P0_MANUAL_IDENTITY","official_source_not_confirmed","100","60","55","",""
"VTK018721","Evolusom","Caixa Vazia Para 2 Alto Falante 12"" Modelo Turbo, Rasgada, Corvin E Acarpe","","","SOURCE_LOOKUP_DEFERRED","","SOURCE_LOOKUP_DEFERRED","external_source_infrastructure_deferred","85","","35","",""
"VTK018728","Evolusom","Resistência Para Ferro De Solda Hikari Power 60 - 220v","","","SOURCE_LOOKUP_DEFERRED","","SOURCE_LOOKUP_DEFERRED","external_source_infrastructure_deferred","85","","35","",""
"VTK018729","Evolusom","Kit Conforto Linha Fiat Tury Lvx5 Tw2pt","7898096330209","","SOURCE_FOUND_SECONDARY","","P0_MANUAL_IDENTITY","official_source_not_confirmed","90","60","45","",""
"VTK018746","Evolusom","Sub Conjunto Almapy Up 13+ Traseiro Sensorizado","7890000103213","","SOURCE_FOUND_SECONDARY","","P0_MANUAL_IDENTITY","official_source_not_confirmed","90","60","45","",""
"VTK018748","Evolusom","Capota Marítima Flash Cover Ff154 Volkswagen Saveiro Ce Sem Gancho 2010/2020 Force","7899630194554","","SOURCE_LOOKUP_DEFERRED","","SOURCE_LOOKUP_DEFERRED","external_source_infrastructure_deferred","100","","35","",""
"VTK018749","Evolusom","Ultraled Headlight Shocklight H3 (par) 12v 50w 6000k 4000lm","6949999896024","","SOURCE_FOUND_SECONDARY","","P0_MANUAL_IDENTITY","official_source_not_confirmed","90","60","45","",""
"VTK018757","Evolusom","Vídeo Porteiro Hikvision Ds-kd8102-v","","","SOURCE_LOOKUP_DEFERRED","","SOURCE_LOOKUP_DEFERRED","external_source_infrastructure_deferred","85","","35","",""
"VTK018761","Evolusom","Botoeira Ipec Fonte 1a Na/nf","","","SOURCE_LOOKUP_DEFERRED","","SOURCE_LOOKUP_DEFERRED","external_source_infrastructure_deferred","85","","35","",""
"VTK018762","Evolusom","Caixa R.l.p. Vazia 2 A.f 12"" + 2 Dr + 2 Tw + Duto","","","SOURCE_LOOKUP_DEFERRED","","SOURCE_LOOKUP_DEFERRED","external_source_infrastructure_deferred","85","","35","",""
"VTK018767","Evolusom","Kit Ventilador 2 Coolers Para Rack Padrão 19"" X 1u Bivolt","","","SOURCE_LOOKUP_DEFERRED","","SOURCE_LOOKUP_DEFERRED","external_source_infrastructure_deferred","85","","35","",""
"VTK018768","Evolusom","Conversor Balun Max Eletron Câmera Rack Power Rj 45 Bnc + P4 C/2","1000507800010","","SOURCE_LOOKUP_DEFERRED","","SOURCE_LOOKUP_DEFERRED","external_source_infrastructure_deferred","100","","35","",""
"VTK018772","Evolusom","Refil Tinta Epson Magenta T673320-al","","","SOURCE_LOOKUP_DEFERRED","","SOURCE_LOOKUP_DEFERRED","external_source_infrastructure_deferred","85","","35","",""
"VTK018791","Evolusom","Ponta Cônica Hikari 0,4mm Mtlb Para Estação De Solda  933,936, 938 - PC / 10","7899810416070","","SOURCE_LOOKUP_DEFERRED","","SOURCE_LOOKUP_DEFERRED","external_source_infrastructure_deferred","100","","35","",""
"VTK018830","Evolusom","Cabo De Bateria Technoise 70,00mm² Vermelho - Rolo Com 10m","7899924902421","","SOURCE_LOOKUP_DEFERRED","","SOURCE_LOOKUP_DEFERRED","external_source_infrastructure_deferred","100","","35","",""
"VTK018843","Evolusom","Tela Permak 15""  Para Alto Falante Profissional Tipo Pioneer - PC / 2","","","SOURCE_LOOKUP_DEFERRED","","SOURCE_LOOKUP_DEFERRED","external_source_infrastructure_deferred","85","","35","",""
"VTK018849","Evolusom","Chave Cs 301-d Liga Desliga Permak Com Haste Metálica 148/a - PC / 5","","","SOURCE_LOOKUP_DEFERRED","","SOURCE_LOOKUP_DEFERRED","external_source_infrastructure_deferred","85","","50","",""
"VTK018850","Evolusom","Multitoc Mini Camera Dome Ccd P&b","","","SOURCE_LOOKUP_DEFERRED","","SOURCE_LOOKUP_DEFERRED","external_source_infrastructure_deferred","85","","35","",""
"VTK018857","Evolusom","Alto Falante Selenium Jbl Original Pro 2206-h 12"" 8r 600w Rms Woofer","7896359523368","","SOURCE_LOOKUP_DEFERRED","","SOURCE_LOOKUP_DEFERRED","external_source_infrastructure_deferred","100","","35","",""
"VTK018862","Evolusom","Terminal De Fio Aberto Forquilha Permak Para Módulo Pré-isolado Azul","","","SOURCE_LOOKUP_DEFERRED","","SOURCE_LOOKUP_DEFERRED","external_source_infrastructure_deferred","85","","35","",""
"VTK018864","Evolusom","Cabo Coaxial Cabletech Std-40+tp3 Branco Bobina 305 Metros 801214000p01cb22","","","SOURCE_LOOKUP_DEFERRED","","SOURCE_LOOKUP_DEFERRED","external_source_infrastructure_deferred","85","","35","",""
"VTK018868","Evolusom","Contra Frente Plástica Permak Toyota Etios  2 Din Preta","7898253499558","","SOURCE_FOUND_SECONDARY","","P0_MANUAL_IDENTITY","official_source_not_confirmed","100","60","55","",""
"VTK018869","Evolusom","Contra Frente Plástica Permak Honda New Civic 2012 2 Din","7898253495581","","SOURCE_FOUND_SECONDARY","","P0_MANUAL_IDENTITY","official_source_not_confirmed","100","60","55","",""
"VTK018870","Evolusom","Contra Frente Plástica Permak Fiat Stilo 2 Din Preta","7898253497981","","SOURCE_FOUND_SECONDARY","","P0_MANUAL_IDENTITY","official_source_not_confirmed","100","60","55","",""
"VTK018883","Evolusom","Alça Pré Formada Para Cabo 10,00/ 10,80mm Apco6108 Cinza - PC / 10","","","SOURCE_LOOKUP_DEFERRED","","SOURCE_LOOKUP_DEFERRED","external_source_infrastructure_deferred","85","","35","",""
"VTK018905","Evolusom","Cabinho Auto Tiaflex 0,50 Mm Vermelho 100 Metros 105006","7898429980613","","SOURCE_FOUND_SECONDARY","","P0_MANUAL_IDENTITY","official_source_not_confirmed","90","60","45","",""
"VTK018908","Evolusom","Cabo De Guitarra Tiaflex 100 Metros 0,20 Mm Preto 902010","7898429982341","","SOURCE_FOUND_SECONDARY","","P0_MANUAL_IDENTITY","official_source_not_confirmed","90","60","45","",""
"VTK018909","Evolusom","Sub Conjunto Almapy Novo Palio 12+ Dnt Sensorizado","7890000100724","","SOURCE_LOOKUP_DEFERRED","","SOURCE_LOOKUP_DEFERRED","external_source_infrastructure_deferred","100","","35","",""
"VTK018911","Evolusom","Capota Marítima Flash Cover Ff123 Nissan Frontier Sel D40 Cabine Dupla 2009/2015 Force","7899630194240","","SOURCE_LOOKUP_DEFERRED","","SOURCE_LOOKUP_DEFERRED","external_source_infrastructure_deferred","100","","35","",""
"VTK018912","Evolusom","Haste Curta Olimpus Da Antena Para Onix","7898382141144","","SOURCE_LOOKUP_DEFERRED","","SOURCE_LOOKUP_DEFERRED","external_source_infrastructure_deferred","100","","35","",""
"VTK018918","Evolusom","Video Porteiro Hikvision Ds-kh8300-t","","","SOURCE_LOOKUP_DEFERRED","","SOURCE_LOOKUP_DEFERRED","external_source_infrastructure_deferred","85","","35","",""
"VTK018924","Evolusom","Telefone Celular Fixo Intelbras Gsm Cfa 4211 4114211","7896637677004","","SOURCE_FOUND_SECONDARY","","P0_MANUAL_IDENTITY","official_source_not_confirmed","100","60","55","",""
"VTK018934","Evolusom","Suporte Para Caixa Acústica Ask Ou Cubo Com Regulagem Inclinação","7898939971378","","SOURCE_FOUND_SECONDARY","","P0_MANUAL_IDENTITY","official_source_not_confirmed","90","60","45","",""
"VTK018935","Evolusom","Antena Permak Shark Preta 100/m","7898253505662","","SOURCE_LOOKUP_DEFERRED","","SOURCE_LOOKUP_DEFERRED","external_source_infrastructure_deferred","100","","35","",""
"VTK018936","Evolusom","Antena Permak Shark Prata 100/m2","7898253505686","","SOURCE_LOOKUP_DEFERRED","","SOURCE_LOOKUP_DEFERRED","external_source_infrastructure_deferred","100","","35","",""
"VTK018943","Evolusom","Controlador Acesso Ip Wide Cx-7006","7898954353630","","SOURCE_FOUND_SECONDARY","","P0_MANUAL_IDENTITY","official_source_not_confirmed","90","60","45","",""
"VTK018944","Evolusom","Central Laço Indutivo Citrox 2 Pontos Cx-7602","7898954353074","","SOURCE_FOUND_SECONDARY","","P0_MANUAL_IDENTITY","official_source_not_confirmed","90","60","45","",""
"VTK018968","Evolusom","Antena Olimpus New Flex Fiat Traseira 12+","7898382149959","","SOURCE_LOOKUP_DEFERRED","","SOURCE_LOOKUP_DEFERRED","external_source_infrastructure_deferred","100","","35","",""
"VTK018995","Evolusom","Fusível Permak Mega 250a - PC / 5","","","SOURCE_LOOKUP_DEFERRED","","SOURCE_LOOKUP_DEFERRED","external_source_infrastructure_deferred","85","","35","",""
"VTK019015","Evolusom","Tela Permak 10""  Para Alto Falante Profissional  Tipo Pioneer 114/h - PC / 2","","","SOURCE_LOOKUP_DEFERRED","","SOURCE_LOOKUP_DEFERRED","external_source_infrastructure_deferred","85","","35","",""
"VTK019016","Evolusom","Cabo Coaxial Cabletech Rge-58 75% Preto 100 Metros","7898414700073","","SOURCE_LOOKUP_DEFERRED","","SOURCE_LOOKUP_DEFERRED","external_source_infrastructure_deferred","90","","40","",""
"VTK019018","Evolusom","Alto Falante Eros Neo E-515-neo-4 15"" 4r 500w Rms","7899021996743","","SOURCE_LOOKUP_DEFERRED","","SOURCE_LOOKUP_DEFERRED","external_source_infrastructure_deferred","100","","35","",""
"VTK019020","Evolusom","Antena Parabólica De Grade Para Internet Aquário Mm-2420f10 2.4ghz 20 Dbi Polarização Vertical E Horizontal Com Dipolo, Kit Para Instalação E Cabo 10m - PC / 6","","","SOURCE_LOOKUP_DEFERRED","","SOURCE_LOOKUP_DEFERRED","external_source_infrastructure_deferred","70","","25","",""
"VTK019030","Evolusom","Contra Frente Plástica Permak Corsa  Montana  Meriva 2 Din Cinza 89/m3","7898253497998","","SOURCE_FOUND_SECONDARY","","P0_MANUAL_IDENTITY","official_source_not_confirmed","100","60","55","",""
"VTK019032","Evolusom","Reparo Para Alto Falante Eros E-hammer 12"" 4.7k 8r 980010084","","","SOURCE_LOOKUP_DEFERRED","","SOURCE_LOOKUP_DEFERRED","external_source_infrastructure_deferred","85","","35","",""
"VTK019033","Evolusom","Combo Teclado E Mouse Wireless Logitech Mk220 Usb Preto Sem Fio","097855088826","","SOURCE_FOUND_SECONDARY","","P0_MANUAL_IDENTITY","remote_listing_exists","100","60","40","",""
"VTK019036","Evolusom","Cabo Multicabo Santo Angelo Sas 28 Vias Cobre Ofhc Metro - PC / 10","","","SOURCE_LOOKUP_DEFERRED","","SOURCE_LOOKUP_DEFERRED","external_source_infrastructure_deferred","85","","35","",""
"VTK019037","Evolusom","Headset Logitech H390 Usb","","","SOURCE_LOOKUP_DEFERRED","","SOURCE_LOOKUP_DEFERRED","external_source_infrastructure_deferred","85","","35","",""
"VTK019041","Evolusom","Antena Parabólica De Grade Para Internet Aquário Mm-2420 Com 2.4 Ghz E Ganho De 20 Dbi - PC / 6","","","SOURCE_LOOKUP_DEFERRED","","SOURCE_LOOKUP_DEFERRED","external_source_infrastructure_deferred","85","","35","",""
"VTK019044","Evolusom","Cabo Flexível Remoto Technoise 100% Cobre Azul 1.50 Mm Rolo 100 Metros","7898530518873","","SOURCE_LOOKUP_DEFERRED","","SOURCE_LOOKUP_DEFERRED","external_source_infrastructure_deferred","100","","35","",""
"VTK019063","Evolusom","Arandela Redonda Fiamon 6"" Difusor 30rms 8r Preta","","","SOURCE_LOOKUP_DEFERRED","","SOURCE_LOOKUP_DEFERRED","external_source_infrastructure_deferred","85","","35","",""
"VTK019080","Evolusom","Alca Pre Formada Para Cabo 10,00/ 10,80mm Apco6108 - PC / 10","","","SOURCE_LOOKUP_DEFERRED","","SOURCE_LOOKUP_DEFERRED","external_source_infrastructure_deferred","85","","35","",""
"VTK019089","Evolusom","Capota Marítima Concórdia Flash Cover Ba130l Mitsubishi L200 Triton 2009/2017 Baguete","7899630182377","","SOURCE_LOOKUP_DEFERRED","","SOURCE_LOOKUP_DEFERRED","external_source_infrastructure_deferred","100","","35","",""
"VTK019090","Evolusom","Capota Marítima Concórdia Flash Cover Ba093l Volkswagen Saveiro Sem Grade 1982/1997 Baguete","7899630182087","","SOURCE_LOOKUP_DEFERRED","","SOURCE_LOOKUP_DEFERRED","external_source_infrastructure_deferred","100","","35","",""
"VTK019094","Evolusom","Capota Marítima Flash Cover Ff194 Toyota Hilux Cabine Dupla 2016+ Force","7899630194882","","SOURCE_LOOKUP_DEFERRED","","SOURCE_LOOKUP_DEFERRED","external_source_infrastructure_deferred","100","","35","",""
"VTK019095","Evolusom","Capota Marítima Flash Cover Ff126 Fiat Strada Cabine Estendida Com Gancho Com Step 1998/2013 Force","7899630194271","","SOURCE_LOOKUP_DEFERRED","","SOURCE_LOOKUP_DEFERRED","external_source_infrastructure_deferred","100","","35","",""
"VTK019096","Evolusom","Ultra Led Shocklight (par) H27 12v 50w 6000k 4000lm","6949999896093","","SOURCE_LOOKUP_DEFERRED","","SOURCE_LOOKUP_DEFERRED","external_source_infrastructure_deferred","100","","35","",""
"VTK019099","Evolusom","Capota Marítima Flash Cover Ff147 Fiat Strada Cabine Dupla Sem Gancho Com Step 2010/2013 Force","7899630194486","","SOURCE_LOOKUP_DEFERRED","","SOURCE_LOOKUP_DEFERRED","external_source_infrastructure_deferred","100","","35","",""
"VTK019100","Evolusom","Camera Dome Hikvision 3.0 Ds-2ce16c2t-vfir 2.8-12mm 960p","7898957865710","","SOURCE_FOUND_SECONDARY","","P0_MANUAL_IDENTITY","official_source_not_confirmed","100","60","55","",""
"VTK019108","Evolusom","Capota Marítima Flash Cover Ff173 Volkswagen Amarok Cabine Simples 2010+ Force","7899630194684","","SOURCE_LOOKUP_DEFERRED","","SOURCE_LOOKUP_DEFERRED","external_source_infrastructure_deferred","100","","35","",""
"VTK019111","Evolusom","Alarme Ipec Porta Aberta","","","SOURCE_LOOKUP_DEFERRED","","SOURCE_LOOKUP_DEFERRED","external_source_infrastructure_deferred","85","","35","",""
"VTK019117","Evolusom","Expansor Corneta Fiamon 1450 Red. Curta Bicolor Amarelo Fluorescente","7898478324987","","SOURCE_LOOKUP_DEFERRED","","SOURCE_LOOKUP_DEFERRED","external_source_infrastructure_deferred","100","","35","",""
"VTK019123","Evolusom","Plug P10 Duplo Z Mono Pedais","","","SOURCE_LOOKUP_DEFERRED","","SOURCE_LOOKUP_DEFERRED","external_source_infrastructure_deferred","85","","35","",""
"VTK019126","Evolusom","Fechadura Solenoide De Embutir Intelbras Fs 1010","7896637671330","","SOURCE_FOUND_SECONDARY","","P0_MANUAL_IDENTITY","official_source_not_confirmed","90","60","45","",""
"VTK019131","Evolusom","Laço Indutivo Citrox 1,90x0,80 Cx-4001","7898954353265","","SOURCE_FOUND_SECONDARY","","P0_MANUAL_IDENTITY","official_source_not_confirmed","90","60","45","",""
"VTK019185","Evolusom","Micro Inversor Solar Deye Sun-m225g4 2,25kw","","","SOURCE_LOOKUP_DEFERRED","","SOURCE_LOOKUP_DEFERRED","external_source_infrastructure_deferred","85","","35","",""
"VTK019219","Evolusom","Espaguete Liso Permak 12mm 100m","7899079103070","","SOURCE_FOUND_SECONDARY","","P0_MANUAL_IDENTITY","official_source_not_confirmed","90","60","45","",""
"VTK019227","Evolusom","Tela Plástica Permak  15""  Para Alto Falante Tipo Arlem 121/a - PC / 2","","","SOURCE_LOOKUP_DEFERRED","","SOURCE_LOOKUP_DEFERRED","external_source_infrastructure_deferred","85","","35","",""
"VTK019282","Evolusom","Caixa Vazia Para 2 Cornetas E 1 Tweeter Trapezoidal Acarpetada - PC / 2","","","SOURCE_LOOKUP_DEFERRED","","SOURCE_LOOKUP_DEFERRED","external_source_infrastructure_deferred","85","","35","",""
"VTK019287","Evolusom","Caixa Vazia Para 2 Cornetas E 2 Tweeters Retangular Acarpetada - PC / 2","","","SOURCE_LOOKUP_DEFERRED","","SOURCE_LOOKUP_DEFERRED","external_source_infrastructure_deferred","85","","35","",""
"VTK019301","Evolusom","Caixa Vazia Para 2 Alto Falantes 6x9"" Retangular Acarpetada - PC / 2","","","SOURCE_LOOKUP_DEFERRED","","SOURCE_LOOKUP_DEFERRED","external_source_infrastructure_deferred","85","","35","",""
"VTK019385","Evolusom","Caixa Vazia Para 2 Alto Falantes De 12"" E 2 Dutos 3"" Acarpetada","","","SOURCE_LOOKUP_DEFERRED","","SOURCE_LOOKUP_DEFERRED","external_source_infrastructure_deferred","85","","35","",""
"VTK019386","Evolusom","Caixa Vazia Para 1 Alto Falante 12"" E 1 Duto 3"" Acarpetada - PC / 2","","","SOURCE_LOOKUP_DEFERRED","","SOURCE_LOOKUP_DEFERRED","external_source_infrastructure_deferred","85","","35","",""
"VTK019535","Evolusom","Controle Remoto Fks Cr962 Canivete","","","SOURCE_LOOKUP_DEFERRED","","SOURCE_LOOKUP_DEFERRED","external_source_infrastructure_deferred","85","","35","",""
"VTK019545","Evolusom","Caixa Vazia Para 2 Drivers E 1 Tweeter Quadrada Acarpetada - PC / 2","","","SOURCE_LOOKUP_DEFERRED","","SOURCE_LOOKUP_DEFERRED","external_source_infrastructure_deferred","85","","35","",""
"VTK019632","Evolusom","Fonte Chaveada Para Cftv 9v 1a","7899471878941","","SOURCE_FOUND_SECONDARY","","P0_MANUAL_IDENTITY","official_source_not_confirmed","100","60","55","",""
"VTK019776","Evolusom","Caixa Vazia Para 2 Alto Falantes 6x9"" Invertida Pick-up - PC / 2","","","SOURCE_LOOKUP_DEFERRED","","SOURCE_LOOKUP_DEFERRED","external_source_infrastructure_deferred","85","","35","",""
"VTK019777","Evolusom","Caixa Vazia Para 1 Alto Falante 12"" Invertida Pick-up - PC / 2","","","SOURCE_LOOKUP_DEFERRED","","SOURCE_LOOKUP_DEFERRED","external_source_infrastructure_deferred","85","","35","",""
"VTK019952","Evolusom","Telefone Sem Fio Intelbras Ts5121 Ramal Digital","7896637647571","","SOURCE_FOUND_SECONDARY","","P0_MANUAL_IDENTITY","official_source_not_confirmed","100","60","55","",""
"VTK020602","Evolusom","Cabo Para Microfone Mono Tiaflex  Espiralado 100 Metros 1x0,20 Mm 502010","7898429981450","","SOURCE_LOOKUP_DEFERRED","","SOURCE_LOOKUP_DEFERRED","external_source_infrastructure_deferred","90","","40","",""
"VTK020645","Evolusom","Capota Marítima Flash Cover Ff130 Mitsubishi L200 Triton 2009/2017 Force","7899630194318","","SOURCE_LOOKUP_DEFERRED","","SOURCE_LOOKUP_DEFERRED","external_source_infrastructure_deferred","100","","35","",""
"VTK020653","Evolusom","Capota Marítima Flash Cover Ff155 Volkwagen Saveiro Cabine Simples Com Gancho 2010+ Force","7899630194561","","SOURCE_LOOKUP_DEFERRED","","SOURCE_LOOKUP_DEFERRED","external_source_infrastructure_deferred","100","","35","",""
"VTK020654","Evolusom","Capota Marítima Flash Cover Ff156 Volkswagen Saveiro Cabine Simples Sem Gancho 2010+ Force","7899630194578","","SOURCE_LOOKUP_DEFERRED","","SOURCE_LOOKUP_DEFERRED","external_source_infrastructure_deferred","100","","35","",""
"VTK020656","Evolusom","Capota Marítima Flash Cover Ff176 Ford Ranger Xls Cabine Dupla 2012/2023 Force","7899630194714","","SOURCE_LOOKUP_DEFERRED","","SOURCE_LOOKUP_DEFERRED","external_source_infrastructure_deferred","100","","35","",""
"VTK020660","Evolusom","Capota Marítima Flash Cover Ff042 Fiat Strada Cabine Estendida Sem Gancho Com Step 1998/2013 Force","7899630193625","","SOURCE_LOOKUP_DEFERRED","","SOURCE_LOOKUP_DEFERRED","external_source_infrastructure_deferred","100","","35","",""
"VTK020904","Evolusom","Rack Piso 19"" Max Eletron 16u X 470mm Preto","7908060203368","","SOURCE_FOUND_SECONDARY","","P0_MANUAL_IDENTITY","official_source_not_confirmed","90","60","45","",""
"VTK021001","Evolusom","Alto Falante Pioneer 6x9"" Ts-6960br 200rms Par","4988028352850","","SOURCE_FOUND_SECONDARY","","P0_MANUAL_IDENTITY","official_source_not_confirmed","100","60","55","",""
"VTK021012","Evolusom","Telefone Intelbras Gondola Tc-20 Preto Com Fio 4090401","7896637613262","","SOURCE_FOUND_SECONDARY","","P0_MANUAL_IDENTITY","official_source_not_confirmed","100","60","55","",""
"VTK021013","Evolusom","Telefone Intelbras Pleno Preto Sem Chave Com Fio 4080051","7896637609296","","SOURCE_FOUND_SECONDARY","","P0_MANUAL_IDENTITY","official_source_not_confirmed","100","60","55","",""
"VTK021063","Evolusom","Combo Teclado E Mouse Wireless Logitech Mk235 Compact Usb Preto Sem Fio","097855120205","","SOURCE_FOUND_SECONDARY","","P0_MANUAL_IDENTITY","remote_listing_exists","100","60","40","",""
"VTK021065","Evolusom","Caixa Rlp Vazia Para 1 Alto Falante 10"" Dutada Carpet","","","SOURCE_LOOKUP_DEFERRED","","SOURCE_LOOKUP_DEFERRED","external_source_infrastructure_deferred","85","","35","",""
"VTK021108","Evolusom","Telefone Headset Intelbras Hsb-50 Para Telemarketing Com Fio 4013330","7896637637961","","SOURCE_FOUND_SECONDARY","","P0_MANUAL_IDENTITY","official_source_not_confirmed","90","60","45","",""
"VTK021164","Evolusom","Alto Falante Subwoofer 12"" Pioneer Ts-w3060br 350w Rms 4 Ohms Bobina Simples","4988028352713","","SOURCE_FOUND_SECONDARY","","P0_MANUAL_IDENTITY","official_source_not_confirmed","100","60","55","",""
"VTK021438","Evolusom","Bandeja Fixa Max Eletron 19"" 1u X 350mm Frontal","7908060203627","","SOURCE_FOUND_SECONDARY","","P0_MANUAL_IDENTITY","official_source_not_confirmed","90","60","45","",""
"VTK021723","Evolusom","Parafuso 4,2 X 22 Flangeado Cento - CT / 5","","","SOURCE_LOOKUP_DEFERRED","","SOURCE_LOOKUP_DEFERRED","external_source_infrastructure_deferred","70","","25","",""
"VTK021891","Evolusom","Mini Rack Max Eletron 19"" 05 X 350mm Porta Perfurada - Preto","7908060206222","","SOURCE_FOUND_SECONDARY","","P0_MANUAL_IDENTITY","official_source_not_confirmed","100","60","55","",""
"VTK022010","Evolusom","Haste Permak M5 M6 Etios/ Freemont/ Captiva","7898253501565","","SOURCE_FOUND_SECONDARY","","P0_MANUAL_IDENTITY","official_source_not_confirmed","90","60","60","",""
"VTK022455","Evolusom","Roteador Wi-fi Tp-link Ec220g5 Ac1200 Giga 4 Antenas Dual","7898544553648","","SOURCE_FOUND_SECONDARY","","P0_MANUAL_IDENTITY","official_source_not_confirmed","100","60","55","",""
"VTK022504","Evolusom","Caixa Vazia 1 Alto-falante 8"" Dutada","","","SOURCE_LOOKUP_DEFERRED","","SOURCE_LOOKUP_DEFERRED","external_source_infrastructure_deferred","85","","35","",""
"VTK023153","Evolusom","Caixa Vazia 02 Alto Falantes 12"" + 04 Cornetas  + 02 Tweeters Turbo","","","SOURCE_LOOKUP_DEFERRED","","SOURCE_LOOKUP_DEFERRED","external_source_infrastructure_deferred","85","","35","",""
"VTK023558","Evolusom","Mouse Sem Fio Logitech M220 Silent Preto","097855201225","","SOURCE_FOUND_SECONDARY","","P0_MANUAL_IDENTITY","official_source_not_confirmed","100","60","55","",""
"VTK023678","Evolusom","Tela Permak 12""  Para Alto Falante Profissional Tipo Pioneer 14/i - PC / 2","","","SOURCE_LOOKUP_DEFERRED","","SOURCE_LOOKUP_DEFERRED","external_source_infrastructure_deferred","85","","35","",""
"VTK025247","Hayamax","ALMOFADA THUNDER TGC12 BR","7890000784603","","SOURCE_FOUND_SECONDARY","","P0_MANUAL_IDENTITY","official_source_not_confirmed","75","60","50","",""
"VTK025858","Hayamax","Cadeira Gamer Fortrek Vickers Preta","7898554606587","","SOURCE_FOUND_SECONDARY","","P0_MANUAL_IDENTITY","possible_remote_listing_requires_review","100","60","55","",""
"VTK025859","Hayamax","Cadeira Gamer Fortrek Vickers Preta/Vermelha","7898554606594","","SOURCE_FOUND_SECONDARY","","P0_MANUAL_IDENTITY","possible_remote_listing_requires_review","100","60","55","",""
"VTK025860","Hayamax","Cadeira Gamer Fortrek Vickers Preta/Verde","7898554606617","","SOURCE_FOUND_SECONDARY","","P0_MANUAL_IDENTITY","possible_remote_listing_requires_review","100","60","55","",""
"VTK025861","Hayamax","Cadeira Gamer Fortrek Vickers Preta/Rosa","7898554606624","","SOURCE_FOUND_SECONDARY","","P0_MANUAL_IDENTITY","possible_remote_listing_requires_review","100","60","55","",""
"VTK025953","Hayamax","Liquidificador Portátil Arno Lightmix LP00","3016661179594","","SOURCE_FOUND_SECONDARY","","P0_MANUAL_IDENTITY","official_source_not_confirmed","100","60","55","",""
"VTK025954","Hayamax","Panela de Pressão Rochedo Trendy Fechamento Externo Inox 6L","3045384363973","","SOURCE_FOUND_SECONDARY","","P0_MANUAL_IDENTITY","official_source_not_confirmed","100","60","55","",""
"VTK025955","Hayamax","Liquidificador Arno Power Mix LQ11 550W Vermelho 220V","7895500767361","","SOURCE_LOOKUP_DEFERRED","","P0_MANUAL_IDENTITY","possible_remote_listing_requires_review","100","","35","",""
"VTK025957","Hayamax","Liquidificador Arno Power Mix LQ11 550W Vermelho 127V","7895500767354","","SOURCE_LOOKUP_DEFERRED","","P0_MANUAL_IDENTITY","possible_remote_listing_requires_review","100","","35","",""
"VTK025958","Hayamax","Frigideira Redonda Rochedo Robusta 26cm Grafite - CXM / 3","17702073029055","","SOURCE_LOOKUP_DEFERRED","","SOURCE_LOOKUP_DEFERRED","external_source_infrastructure_deferred","100","","35","",""
"VTK025961","Hayamax","Frigideira Redonda Rochedo Robusta 18m Grafite - CXM / 3","17702073029024","","SOURCE_LOOKUP_DEFERRED","","SOURCE_LOOKUP_DEFERRED","external_source_infrastructure_deferred","100","","35","",""
"VTK025996","BKR1","Controle Compatível Novo Px32 4 B Direct","","","SOURCE_LOOKUP_DEFERRED","","SOURCE_LOOKUP_DEFERRED","external_source_infrastructure_deferred","85","","35","",""
"VTK025997","BKR1","Controle Compatível Pxn52 4 B Direct","","","SOURCE_LOOKUP_DEFERRED","","SOURCE_LOOKUP_DEFERRED","external_source_infrastructure_deferred","85","","35","",""
"VTK025998","BKR1","Capa Chave Canivete Compatível Gm 2 B Cruze 2012 A 2018","","","SOURCE_LOOKUP_DEFERRED","","SOURCE_LOOKUP_DEFERRED","external_source_infrastructure_deferred","85","","35","",""
"VTK025999","BKR1","Encordoamento Guitarra Elétrica 009 Aço Níquel Sx","6940651411548","","SOURCE_LOOKUP_DEFERRED","","SOURCE_LOOKUP_DEFERRED","external_source_infrastructure_deferred","100","","35","",""
"VTK026000","BKR1","Encordoamento Violão Aço 010 Light Sx","6940651411517","","SOURCE_FOUND_SECONDARY","","P0_MANUAL_IDENTITY","official_source_not_confirmed","100","60","55","",""
"VTK026001","BKR1","Encordoamento Guitarra Elétrica 010 Aço Níquel Sx","6940651411555","","SOURCE_FOUND_SECONDARY","","P0_MANUAL_IDENTITY","official_source_not_confirmed","100","60","55","",""
"VTK026002","BKR1","Capa Chave Canivete Compatível Gm 3 B Cruze 2012 A 2018","","","SOURCE_LOOKUP_DEFERRED","","SOURCE_LOOKUP_DEFERRED","external_source_infrastructure_deferred","85","","35","",""
"VTK026003","BKR1","Suporte De Instrumentos P/display Spd-01","7898572860541","","SOURCE_FOUND_SECONDARY","","P0_MANUAL_IDENTITY","official_source_not_confirmed","90","60","45","",""
"VTK026004","BKR1","Super Chip Xhorse Vvdi Xt27a","","","SOURCE_LOOKUP_DEFERRED","","SOURCE_LOOKUP_DEFERRED","external_source_infrastructure_deferred","85","","35","",""
"VTK026005","BKR1","Chip De Vidro Id48 Oe002","","","SOURCE_LOOKUP_DEFERRED","","SOURCE_LOOKUP_DEFERRED","external_source_infrastructure_deferred","85","","35","",""
"VTK026006","BKR1","Capa Chave Canivete Compatível Vw 2 B G5","","","SOURCE_LOOKUP_DEFERRED","","SOURCE_LOOKUP_DEFERRED","external_source_infrastructure_deferred","85","","35","",""
"VTK026007","BKR1","Banqueta Para Teclado Gbt-15 Saty","7898572882208","","SOURCE_FOUND_SECONDARY","","P0_MANUAL_IDENTITY","official_source_not_confirmed","100","60","55","",""
"VTK026008","BKR1","Suporte De Parede Para Caixa Acústica Spc25 Saty","7898572863009","","SOURCE_FOUND_SECONDARY","","P0_MANUAL_IDENTITY","official_source_not_confirmed","90","60","45","",""
"VTK026009","BKR1","Capa Chave Canivete Compatível Fiat 500 3 B","","","SOURCE_LOOKUP_DEFERRED","","SOURCE_LOOKUP_DEFERRED","external_source_infrastructure_deferred","85","","35","",""
"VTK026010","BKR1","Controle 4 B Universal Wr912","","","SOURCE_LOOKUP_DEFERRED","","SOURCE_LOOKUP_DEFERRED","external_source_infrastructure_deferred","85","","35","",""
"VTK026011","BKR1","Controle Compatível Ford 3 B + P 2002 A 2013","","","SOURCE_LOOKUP_DEFERRED","","SOURCE_LOOKUP_DEFERRED","external_source_infrastructure_deferred","85","","35","",""
"VTK026012","BKR1","Tripé De Caixa Sts-100 Saty","7898572881102","","SOURCE_LOOKUP_DEFERRED","","SOURCE_LOOKUP_DEFERRED","external_source_infrastructure_deferred","100","","35","",""
"VTK026013","BKR1","Suporte Para Celular Sc-01 Saty","7898572860039","","SOURCE_FOUND_SECONDARY","","P0_MANUAL_IDENTITY","official_source_not_confirmed","90","60","45","",""
"VTK026014","BKR1","Capa Chave Canivete Compatível Vw 3 B G5","","","SOURCE_LOOKUP_DEFERRED","","SOURCE_LOOKUP_DEFERRED","external_source_infrastructure_deferred","85","","35","",""
"VTK026015","BKR1","Capa Chave Canivete Compatível Vw 2 B G6","","","SOURCE_LOOKUP_DEFERRED","","SOURCE_LOOKUP_DEFERRED","external_source_infrastructure_deferred","85","","35","",""
"VTK026016","BKR1","Capa Controle Compatível Ford 3 B + P 2002 A 2013","","","SOURCE_LOOKUP_DEFERRED","","SOURCE_LOOKUP_DEFERRED","external_source_infrastructure_deferred","85","","35","",""
"VTK026017","BKR1","Capa Chave Canivete Compatível Hyundai 2 B + P Hb20","","","SOURCE_LOOKUP_DEFERRED","","SOURCE_LOOKUP_DEFERRED","external_source_infrastructure_deferred","85","","35","",""
"VTK026018","BKR1","Suporte De Parede C/espelho P/instrumentos Spg20","7898572860602","","SOURCE_FOUND_SECONDARY","","P0_MANUAL_IDENTITY","official_source_not_confirmed","100","60","55","",""
"VTK026019","BKR1","Suporte Descanso P/8 Microfones Sdm-08","7898572866055","","SOURCE_FOUND_SECONDARY","","P0_MANUAL_IDENTITY","official_source_not_confirmed","100","60","55","",""
"VTK026020","BKR1","Capa Controle Compatível Ford 2 B + P 2002 A 2013","","","SOURCE_LOOKUP_DEFERRED","","SOURCE_LOOKUP_DEFERRED","external_source_infrastructure_deferred","85","","35","",""
"VTK026021","BKR1","Controle Compatível Ford 2 B + P 2002 A 2013","","","SOURCE_LOOKUP_DEFERRED","","SOURCE_LOOKUP_DEFERRED","external_source_infrastructure_deferred","85","","35","",""
"VTK026022","BKR1","Controle Compatível Toyota 3 B Corolla 2002 A 2008","","","SOURCE_LOOKUP_DEFERRED","","SOURCE_LOOKUP_DEFERRED","external_source_infrastructure_deferred","85","","35","",""
"VTK026023","BKR1","Chave Canivete Compatível Citroen 3 B Direct (sem Lamina)","","","SOURCE_LOOKUP_DEFERRED","","SOURCE_LOOKUP_DEFERRED","external_source_infrastructure_deferred","85","","35","",""
"VTK026024","BKR1","Controle Compatível Fiat 2 B Preta Direct","","","SOURCE_LOOKUP_DEFERRED","","SOURCE_LOOKUP_DEFERRED","external_source_infrastructure_deferred","85","","35","",""
"VTK026025","BKR1","Chave Canivete Compatível Fiat 500 3 B Direct","","","SOURCE_LOOKUP_DEFERRED","","SOURCE_LOOKUP_DEFERRED","external_source_infrastructure_deferred","85","","35","",""
"VTK026026","BKR1","Chave Canivete Compatível Bmw 3 B Universal (sem Lamina)","","","SOURCE_LOOKUP_DEFERRED","","SOURCE_LOOKUP_DEFERRED","external_source_infrastructure_deferred","85","","35","",""
"VTK026027","BKR1","Chave Canivete Compatível Citroen 3b Universal (sem Lamina)","","","SOURCE_LOOKUP_DEFERRED","","SOURCE_LOOKUP_DEFERRED","external_source_infrastructure_deferred","85","","35","",""
"VTK026028","BKR1","Prolongador Para Sub Prs-130 Saty","7898572863467","","SOURCE_FOUND_SECONDARY","","P0_MANUAL_IDENTITY","official_source_not_confirmed","100","60","55","",""
"VTK026029","BKR1","Suporte Microfone Girafa Gm-10 Saty","7898572889207","","SOURCE_FOUND_SECONDARY","","P0_MANUAL_IDENTITY","official_source_not_confirmed","100","60","55","",""
"VTK026030","BKR1","Capa Controle Compatível Toyota 3 B Corolla 2002 A 2008","","","SOURCE_LOOKUP_DEFERRED","","SOURCE_LOOKUP_DEFERRED","external_source_infrastructure_deferred","85","","35","",""
"VTK026031","BKR1","Capa Controle Compatível Px32 3 B","","","SOURCE_LOOKUP_DEFERRED","","SOURCE_LOOKUP_DEFERRED","external_source_infrastructure_deferred","85","","35","",""
"VTK026032","BKR1","Capa Controle Compatível Pxn62 4 B","","","SOURCE_LOOKUP_DEFERRED","","SOURCE_LOOKUP_DEFERRED","external_source_infrastructure_deferred","85","","35","",""
"VTK026033","BKR1","Capa Controle Compatível Pxn58 4 B","","","SOURCE_LOOKUP_DEFERRED","","SOURCE_LOOKUP_DEFERRED","external_source_infrastructure_deferred","85","","35","",""
"VTK026034","BKR1","Chave Canivete Compatível Vw 3 B G5 Direct","","","SOURCE_LOOKUP_DEFERRED","","SOURCE_LOOKUP_DEFERRED","external_source_infrastructure_deferred","85","","35","",""
"VTK026035","BKR1","Espaleira Scarlett Plastico 4/4 E 3/4 Ajustavel Preta","7898672372227","","SOURCE_FOUND_SECONDARY","","P0_MANUAL_IDENTITY","official_source_not_confirmed","100","60","55","",""
"VTK026036","BKR1","Capa Controle Compatível Px40 4 B","","","SOURCE_LOOKUP_DEFERRED","","SOURCE_LOOKUP_DEFERRED","external_source_infrastructure_deferred","85","","35","",""
"VTK026037","BKR1","Caixa Ativa 15"" Dsp Dmk15a Mark Audio","7898640366234","","SOURCE_FOUND_SECONDARY","","P0_MANUAL_IDENTITY","official_source_not_confirmed","100","60","55","",""
"VTK026038","BKR1","Capa Controle Compatível Px42 4 B","","","SOURCE_LOOKUP_DEFERRED","","SOURCE_LOOKUP_DEFERRED","external_source_infrastructure_deferred","85","","35","",""
"VTK026039","BKR1","Capa Controle Compatível Novo Px32 4 B","","","SOURCE_LOOKUP_DEFERRED","","SOURCE_LOOKUP_DEFERRED","external_source_infrastructure_deferred","85","","35","",""
"VTK017799","Evolusom","Mouse Logitech Silent M110 Usb Preto","097855181138","4","SOURCE_FOUND_OFFICIAL","https://www.logitechstore.com.br/mouse-com-fio-usb-logitech-m110-preto/?srsltid=AfmBOoqv9POCk7YAvET5MTcvl6qm5_sPO7fs6HNvudx9kSkyynkPJk-o","P0_MANUAL_IDENTITY","remote_listing_exists","100","100","85","","Mouse com Fio Logitech M110 Silent USB Preto"
"VTK005426","Hayamax","Kit Cabo Para Pedal Hayonik Linha Player 15cm Sortido Com 20","7899638110396","8","SOURCE_FOUND_OFFICIAL","https://hayonik.com.br/kit-cabo-para-pedal-15cm-hayonik-sortido-com-20","P0_MANUAL_TECH","publication_requirements_incomplete","100","100","80","CABLE_AND_ADAPTER_TYPE",""
"VTK001286","Hayamax","Assento p/ Cadeira TGC12 Preto/Vermelho ThunderX3","7890000785495","8","SOURCE_IDENTITY_MISMATCH","https://thunderx3.com.br/pagina/contato","P0_MANUAL_IDENTITY","possible_remote_listing_requires_review","85","0","35","BACKREST_HEIGHT|SEAT_DEPTH|OFFICE_CHAIR_WIDTH|MAX_CHAIR_HEIGHT|REQUIRES_ASSEMBLY|IS_GAMER|IS_ERGONOMIC|IS_SWIVEL|INCLUDES_ASSEMBLY_MANUAL",""
"VTK000486","Hayamax","Carregador de Pilhas TNHC-6GAE4 CB (C/4 Pilhas AA 2600mAh) Toshiba","4904530109270","15","SOURCE_FOUND_OFFICIAL","https://www.toshibaenergia.com.br/carregador-de-pilha-com-4-pilhas-TNHC-6GAE4-aa-aaa-toshiba","P0_MANUAL_TECH","publication_requirements_incomplete","100","100","80","PRODUCT_TYPE",""
