sku,pricing_group_id,product_name,ml_item_ids,exclusion_reasons,current_price,current_margin_pct,visits_150d,sales_150d,has_promotion,has_quantity_pricing,has_ml_price_automation,evidence
VTK012453,VTK012453|MLB4857625911,Cabo 2 Rca Transparente 01m Automotivo Storm,"[""MLB4857625911""]","[""EXCLUIDO_TRAFEGO_ACIMA_LIMITE""]",48.43,38.0222,6,0,false,false,false,"{""prices"":[200],""sale_prices"":[200],""visits"":[200],""sync"":null,""offer_source"":""automatic"",""target_error"":null}"
VTK012298,VTK012298|MLB4857625759,Cabo Usb A Macho Para Usb B Macho 2.0 3m Storm,"[""MLB4857625759""]","[""EXCLUIDO_TRAFEGO_ACIMA_LIMITE""]",51,35.9358,10,0,false,false,false,"{""prices"":[200],""sale_prices"":[200],""visits"":[200],""sync"":null,""offer_source"":""automatic"",""target_error"":null}"
VTK000256,VTK000256|MLB22368278,"Cabo Adaptador Serial RS-232 x USB A Macho 0,8m CBUS0016 Preto Storm","[""MLB7149373354"",""MLB4857624541""]","[""EXCLUIDO_TRAFEGO_ACIMA_LIMITE""]",52.26,33.8483,9,0,false,false,false,"{""prices"":[200,200],""sale_prices"":[200,200],""visits"":[200,200],""sync"":{""status"":200,""sync_status"":""SYNC"",""relations"":[""MLB4857624541""]},""offer_source"":""automatic"",""target_error"":null}"
VTK003190,VTK003190|MLB4857637411,Video Balun VDBL0001 Storm,"[""MLB4857637411""]","[""EXCLUIDO_TRAFEGO_ACIMA_LIMITE""]",55.29,32.889,6,0,false,false,false,"{""prices"":[200],""sale_prices"":[200],""visits"":[200],""sync"":null,""offer_source"":""automatic"",""target_error"":null}"
VTK000201,VTK000201|MLB4857637045,Conversor HDMI x VGA Com Áudio Branco Storm,"[""MLB4857637045""]","[""EXCLUIDO_TRAFEGO_ACIMA_LIMITE""]",55.3,32.8792,9,0,false,false,false,"{""prices"":[200],""sale_prices"":[200],""visits"":[200],""sync"":null,""offer_source"":""automatic"",""target_error"":null}"
VTK003650,VTK003650|MLB7111713532,Cabo 2RCA X 2RCA 5m Injetado Storm,"[""MLB7111713532""]","[""EXCLUIDO_TRAFEGO_ACIMA_LIMITE""]",55.91,32.4851,7,0,false,false,false,"{""prices"":[200],""sale_prices"":[200],""visits"":[200],""sync"":null,""offer_source"":""automatic"",""target_error"":null}"
VTK021130,VTK021130|MLB4965927843,Controle Remoto Mxt 01347 Tv Led Lg Akb 75095308,"[""MLB4965927843""]","[""EXCLUIDO_TRAFEGO_ACIMA_LIMITE""]",56.35,31.7503,6,0,false,false,false,"{""prices"":[200],""sale_prices"":[200],""visits"":[200],""sync"":null,""offer_source"":""automatic"",""target_error"":null}"
VTK006576,VTK006576|MLB4857635801,Chave Anti Vandalismo Led Azul On/Off Prata Storm,"[""MLB4857635801""]","[""EXCLUIDO_TRAFEGO_ACIMA_LIMITE""]",63.27,28.3371,6,0,false,false,false,"{""prices"":[200],""sale_prices"":[200],""visits"":[200],""sync"":null,""offer_source"":""automatic"",""target_error"":null}"
VTK018130,VTK018130|MLB7311575302,Sirene Bitonal Fks 12v Preta,"[""MLB7311575302""]","[""EXCLUIDO_TRAFEGO_ACIMA_LIMITE""]",59.35,27.9636,8,0,false,false,false,"{""prices"":[200],""sale_prices"":[200],""visits"":[200],""sync"":null,""offer_source"":""automatic"",""target_error"":null}"
VTK017959,VTK017959|MLB7332760652,Cabo De áudio Tcw 1 Rca Fêmea + 2 Rca Macho 4mm Com 10 Peças,"[""MLB7332760652""]","[""EXCLUIDO_TRAFEGO_ACIMA_LIMITE""]",64.22,27.8621,9,0,false,false,false,"{""prices"":[200],""sale_prices"":[200],""visits"":[200],""sync"":null,""offer_source"":""automatic"",""target_error"":null}"
VTK018118,VTK018118|MLB36922061,Refil De Tinta Magenta Multilaser Epson T664 100ml,"[""MLB4942212903"",""MLB4937563951""]","[""EXCLUIDO_TRAFEGO_ACIMA_LIMITE""]",61.73,27.1463,10,0,false,false,false,"{""prices"":[200,200],""sale_prices"":[200,200],""visits"":[200,200],""sync"":{""status"":200,""sync_status"":""SYNC"",""relations"":[""MLB4937563951""]},""offer_source"":""automatic"",""target_error"":null}"
VTK017885,VTK017885|MLB4981504807,Termopar Tipo K Minipa Mtk-01 Com Blister,"[""MLB4981504807""]","[""EXCLUIDO_TRAFEGO_ACIMA_LIMITE""]",61.84,27.0972,8,0,false,false,false,"{""prices"":[200],""sale_prices"":[200],""visits"":[200],""sync"":null,""offer_source"":""automatic"",""target_error"":null}"
VTK017751,VTK017751|MLB7311573580,Fonte Chaveada 6v 1a Plug P4 C+ 2.1 X 5.5 Mm,"[""MLB7311573580""]","[""EXCLUIDO_TRAFEGO_ACIMA_LIMITE""]",57.94,27.0339,6,0,false,false,false,"{""prices"":[200],""sale_prices"":[200],""visits"":[200],""sync"":null,""offer_source"":""automatic"",""target_error"":null}"
VTK003102,VTK003102|MLB7111711922,"Garra de Jacaré 15,5cm 500A GRJC0021 Vermelho Storm - PCT / 2","[""MLB7111711922""]","[""EXCLUIDO_TRAFEGO_ACIMA_LIMITE""]",67.13,26.5099,7,0,false,false,false,"{""prices"":[200],""sale_prices"":[200],""visits"":[200],""sync"":null,""offer_source"":""automatic"",""target_error"":null}"
VTK003191,VTK003191|MLB4857623165,"Garra de Jacaré 15,5cm 500A GRJC0022 Preto Storm - PCT / 2","[""MLB4857623165""]","[""EXCLUIDO_TRAFEGO_ACIMA_LIMITE""]",67.13,26.5099,21,0,false,false,false,"{""prices"":[200],""sale_prices"":[200],""visits"":[200],""sync"":null,""offer_source"":""automatic"",""target_error"":null}"
VTK017456,VTK017456|MLB7332785636,Cabo Y Rca Blindado Nwt 1mx2f 20cm - Azul,"[""MLB7332785636""]","[""EXCLUIDO_TRAFEGO_ACIMA_LIMITE""]",66.35,26.3199,14,0,false,false,false,"{""prices"":[200],""sale_prices"":[200],""visits"":[200],""sync"":null,""offer_source"":""automatic"",""target_error"":null}"
VTK002875,VTK002875|MLB35892706,"Pilha Alcalina 1,5V C (C/2 Pilhas) Panasonic - CAR / 2","[""MLB4886661521"",""MLB4857635903""]","[""EXCLUIDO_TRAFEGO_ACIMA_LIMITE""]",63.21,26.2725,29,1,false,false,false,"{""prices"":[200,200],""sale_prices"":[200,200],""visits"":[200,200],""sync"":{""status"":200,""sync_status"":""SYNC"",""relations"":[""MLB4857635903""]},""offer_source"":""automatic"",""target_error"":null}"
VTK001211,VTK001211|MLB4857623001,Plug Jack Cannon Fêmea Metálico Preto Storm - PCT / 5,"[""MLB4857623001""]","[""EXCLUIDO_TRAFEGO_ACIMA_LIMITE""]",67.68,26.2674,6,0,false,false,false,"{""prices"":[200],""sale_prices"":[200],""visits"":[200],""sync"":null,""offer_source"":""automatic"",""target_error"":null}"
VTK018231,VTK018231|MLB7239066650,Resistencia Para Ferro De Solda Hikari Power 30 127v Conjunto 2 Peças,"[""MLB7239066650""]","[""EXCLUIDO_TRAFEGO_ACIMA_LIMITE""]",63.99,26.0406,8,0,false,false,false,"{""prices"":[200],""sale_prices"":[200],""visits"":[200],""sync"":null,""offer_source"":""automatic"",""target_error"":null}"
VTK004940,VTK004940|MLB4937552207,Patch Cord Cat6 10m Azul PlusCable,"[""MLB4937552207""]","[""EXCLUIDO_TRAFEGO_ACIMA_LIMITE""]",69.29,25.0118,6,0,false,false,false,"{""prices"":[200],""sale_prices"":[200],""visits"":[200],""sync"":null,""offer_source"":""automatic"",""target_error"":null}"
VTK018566,VTK018566|MLB7332762800,Controle Remoto Original Para Smart Box Stv-3000 Ace-stv30-cnt,"[""MLB7332762800""]","[""EXCLUIDO_TRAFEGO_ACIMA_LIMITE""]",70.71,24.4343,7,0,false,false,false,"{""prices"":[200],""sale_prices"":[200],""visits"":[200],""sync"":null,""offer_source"":""automatic"",""target_error"":null}"
VTK012651,VTK012651|MLB4857635575,Calculadora Mesa Visor 12 Dig. - Verde Mv4126 Elgin,"[""MLB4857635575""]","[""EXCLUIDO_TRAFEGO_ACIMA_LIMITE""]",68.24,24.1503,24,0,false,false,false,"{""prices"":[200],""sale_prices"":[200],""visits"":[200],""sync"":null,""offer_source"":""automatic"",""target_error"":null}"
VTK003188,VTK003188|MLB7111710272,Plug RCA Com Mola Niquel PGRC0024 Storm - PCT / 10,"[""MLB7111710272""]","[""EXCLUIDO_TRAFEGO_ACIMA_LIMITE""]",73.51,23.9248,9,0,false,false,false,"{""prices"":[200],""sale_prices"":[200],""visits"":[200],""sync"":null,""offer_source"":""automatic"",""target_error"":null}"
VTK017371,VTK017371|MLB7332095162,Teclado Evus Tc-04 Multimidia Abnt2,"[""MLB7332095162""]","[""EXCLUIDO_TRAFEGO_ACIMA_LIMITE""]",68.91,23.8725,7,1,false,false,false,"{""prices"":[200],""sale_prices"":[200],""visits"":[200],""sync"":null,""offer_source"":""automatic"",""target_error"":null}"
VTK018075,VTK018075|MLB7238889012,Antena Digital Interna Slim Aquário Dtv-250,"[""MLB7238889012""]","[""EXCLUIDO_TRAFEGO_ACIMA_LIMITE""]",72.56,23.6925,18,0,false,false,false,"{""prices"":[200],""sale_prices"":[200],""visits"":[200],""sync"":null,""offer_source"":""automatic"",""target_error"":null}"
VTK012683,VTK012683|MLB24275598,Correia Qr V 04 Basso,"[""MLB4880581737"",""MLB7111664314""]","[""EXCLUIDO_TRAFEGO_ACIMA_LIMITE""]",74.2,23.6702,6,0,false,false,false,"{""prices"":[200,200],""sale_prices"":[200,200],""visits"":[200,200],""sync"":{""status"":200,""sync_status"":""SYNC"",""relations"":[""MLB7111664314""]},""offer_source"":""automatic"",""target_error"":null}"
VTK018090,VTK018090|MLB36507266,Ponta Fenda Para Ferro De Solda Hikari Hk Plus Sc-40 Com 4 Peças,"[""MLB5048998199"",""MLB4937563737""]","[""EXCLUIDO_TRAFEGO_ACIMA_LIMITE""]",76.9,22.8996,8,0,false,false,false,"{""prices"":[200,200],""sale_prices"":[200,200],""visits"":[200,200],""sync"":{""status"":200,""sync_status"":""SYNC"",""relations"":[""MLB4937563737""]},""offer_source"":""automatic"",""target_error"":null}"
VTK017781,VTK017781|MLB7332773180,Cabo Y Rca Blindado Nwt 1mx2f 20cm - Vermelho,"[""MLB7332773180""]","[""EXCLUIDO_TRAFEGO_ACIMA_LIMITE""]",76.43,22.8893,15,0,false,false,false,"{""prices"":[200],""sale_prices"":[200],""visits"":[200],""sync"":null,""offer_source"":""automatic"",""target_error"":null}"
VTK001690,VTK001690|MLB64984251,Conector F para Cabo RGC59 com Anel Latão Genérico - CEM / 100,"[""MLB7111652234"",""MLB7149332276""]","[""EXCLUIDO_TRAFEGO_ACIMA_LIMITE""]",77.09,22.6687,6,0,false,false,false,"{""prices"":[200,200],""sale_prices"":[200,200],""visits"":[200,200],""sync"":{""status"":200,""sync_status"":""SYNC"",""relations"":[""MLB7149332276""]},""offer_source"":""automatic"",""target_error"":null}"
VTK000216,VTK000216|MLB5156958987,Ponteira Cônica Para Ferro de Solda 40W CP40S PLUS Hikari - PCT / 4,"[""MLB5156958987""]","[""EXCLUIDO_TRAFEGO_ACIMA_LIMITE""]",85.45,22.2333,7,0,false,false,false,"{""prices"":[200],""sale_prices"":[200],""visits"":[200],""sync"":null,""offer_source"":""automatic"",""target_error"":null}"
VTK017910,VTK017910|MLB4937566873,Ssd Kingston Nv3 M.2 2280 Nvme 4.0 1tb,"[""MLB4937566873""]","[""EXCLUIDO_TRAFEGO_ACIMA_LIMITE""]",2209.33,21.6885,30,0,false,false,false,"{""prices"":[200],""sale_prices"":[200],""visits"":[200],""sync"":null,""offer_source"":""automatic"",""target_error"":null}"
VTK019022,VTK019022|MLB7332764720,Antena Usb Parábola Grade Aquário Usb-2010 2.4 Ghz 20 Dbi Plug And Play Cabo 10m - PC / 6,"[""MLB7332764720""]","[""EXCLUIDO_TRAFEGO_ACIMA_LIMITE""]",1202.98,21.6619,16,0,false,false,false,"{""prices"":[200],""sale_prices"":[200],""visits"":[200],""sync"":null,""offer_source"":""automatic"",""target_error"":null}"
VTK012352,VTK012352|MLB4857624695,Painel Rack 1u 8 Xlr Wp08 Wireconex,"[""MLB4857624695""]","[""EXCLUIDO_TRAFEGO_ACIMA_LIMITE""]",80.54,21.5536,12,0,false,false,false,"{""prices"":[200],""sale_prices"":[200],""visits"":[200],""sync"":null,""offer_source"":""automatic"",""target_error"":null}"
VTK005357,VTK005357|MLB7331721260,"Alto-Falante 5"" JBL Multisystem 5TRMS80 (PAR)","[""MLB7331721260""]","[""EXCLUIDO_TRAFEGO_ACIMA_LIMITE""]",421.7,21.5309,7,0,false,false,false,"{""prices"":[200],""sale_prices"":[200],""visits"":[200],""sync"":null,""offer_source"":""automatic"",""target_error"":null}"
VTK018829,VTK018829|MLB4937552987,Refletor Led Elgin 400w 6500k Preto,"[""MLB4937552987""]","[""EXCLUIDO_TRAFEGO_ACIMA_LIMITE""]",419.72,21.5057,12,0,false,false,false,"{""prices"":[200],""sale_prices"":[200],""visits"":[200],""sync"":null,""offer_source"":""automatic"",""target_error"":null}"
VTK018479,VTK018479|MLB45626741,Cabo Hdmi Aquário 4k20 4k Macho X Macho 2.0 20m,"[""MLB7298190078"",""MLB4937477311""]","[""EXCLUIDO_TRAFEGO_ACIMA_LIMITE""]",286.25,21.4406,26,0,false,false,false,"{""prices"":[200,200],""sale_prices"":[200,200],""visits"":[200,200],""sync"":{""status"":200,""sync_status"":""SYNC"",""relations"":[""MLB4937477311""]},""offer_source"":""automatic"",""target_error"":null}"
VTK017364,VTK017364|MLB7332095092,Parafuso Longo Olhal M12 X 250mm Galvanizado Fosco - PC / 10,"[""MLB7332095092""]","[""EXCLUIDO_TRAFEGO_ACIMA_LIMITE""]",288.21,21.443,7,0,false,false,false,"{""prices"":[200],""sale_prices"":[200],""visits"":[200],""sync"":null,""offer_source"":""automatic"",""target_error"":null}"
VTK012626,VTK012626|MLB49659681,Escova Secadora Della Preta Bivolt 1100w Agratto,"[""MLB4972532847"",""MLB7111644566""]","[""EXCLUIDO_TRAFEGO_ACIMA_LIMITE""]",199.34,21.4192,12,1,false,false,false,"{""prices"":[200,200],""sale_prices"":[200,200],""visits"":[200,200],""sync"":{""status"":200,""sync_status"":""SYNC"",""relations"":[""MLB7111644566""]},""offer_source"":""automatic"",""target_error"":null}"
VTK018089,VTK018089|MLB4981496363,Trava Elétrica Soft Aa420012 Novo Uno / Palio / Strada / Celta 2 Portas,"[""MLB4981496363""]","[""EXCLUIDO_TRAFEGO_ACIMA_LIMITE""]",195.75,21.4123,6,0,false,false,false,"{""prices"":[200],""sale_prices"":[200],""visits"":[200],""sync"":null,""offer_source"":""automatic"",""target_error"":null}"
VTK001146,VTK001146|MLB4857530863,Mangueira Poliéster 15 Metros KM315CLP Preta/Laranja Kepper,"[""MLB4857530863""]","[""EXCLUIDO_TRAFEGO_ACIMA_LIMITE""]",281.33,21.2941,10,0,false,false,false,"{""prices"":[200],""sale_prices"":[200],""visits"":[200],""sync"":null,""offer_source"":""automatic"",""target_error"":null}"
VTK012262,VTK012262|MLB33527832,Palheta Tradicional 2 Para Sax Alto Sr212 Vandoren 01 Unidade,"[""MLB4880562787"",""MLB7111709784""]","[""EXCLUIDO_TRAFEGO_ACIMA_LIMITE""]",70.8,21.1523,6,0,false,false,false,"{""prices"":[200,200],""sale_prices"":[200,200],""visits"":[200,200],""sync"":{""status"":200,""sync_status"":""SYNC"",""relations"":[""MLB7111709784""]},""offer_source"":""automatic"",""target_error"":null}"
VTK012245,VTK012245|MLB69816394,Pilhas Alcalina Philips Aaa Lr03p16bp/59,"[""MLB7149366562"",""MLB7111652224""]","[""EXCLUIDO_TRAFEGO_ACIMA_LIMITE""]",70.25,21.1507,6,0,false,false,false,"{""prices"":[200,200],""sale_prices"":[200,200],""visits"":[200,200],""sync"":{""status"":200,""sync_status"":""SYNC"",""relations"":[""MLB7111652224""]},""offer_source"":""automatic"",""target_error"":null}"
VTK017352,VTK017352|MLB27661698,Base Para Notebook Evus Bpn-03 Twins,"[""MLB4981311687"",""MLB7313273030""]","[""EXCLUIDO_TRAFEGO_ACIMA_LIMITE""]",94.33,21.0857,14,1,false,false,false,"{""prices"":[200,200],""sale_prices"":[200,200],""visits"":[200,200],""sync"":{""status"":200,""sync_status"":""SYNC"",""relations"":[""MLB7313273030""]},""offer_source"":""automatic"",""target_error"":null}"
VTK003105,VTK003105|MLB20458119,Pilha Auditiva 312 (Cartela C/6 Unid.) Duracell,"[""MLB7149405082"",""MLB4857622801""]","[""EXCLUIDO_TRAFEGO_ACIMA_LIMITE"",""MARGEM_PREMIUM_PRESERVADA""]",66.7,20.8235,28,2,false,false,false,"{""prices"":[200,200],""sale_prices"":[200,200],""visits"":[200,200],""sync"":{""status"":200,""sync_status"":""SYNC"",""relations"":[""MLB4857622801""]},""offer_source"":""automatic"",""target_error"":null}"
VTK012916,VTK012916|MLB4937519569,Encordoamento Giannini P/contra Baixo Pesado 0.045 Geebrs/5,"[""MLB4937519569""]","[""EXCLUIDO_TRAFEGO_ACIMA_LIMITE""]",227.3,20.2249,13,0,false,false,false,"{""prices"":[200],""sale_prices"":[200],""visits"":[200],""sync"":null,""offer_source"":""automatic"",""target_error"":null}"
VTK002431,VTK002431|MLB17387038,Microfone Vocal Leson SM58 P4BK Profissional Preto Fosco,"[""MLB7316881386"",""MLB7111656332""]","[""EXCLUIDO_TRAFEGO_ACIMA_LIMITE""]",221.85,20.1871,22,0,false,false,false,"{""prices"":[200,200],""sale_prices"":[200,200],""visits"":[200,200],""sync"":{""status"":200,""sync_status"":""SYNC"",""relations"":[""MLB7111656332""]},""offer_source"":""automatic"",""target_error"":null}"
VTK017769,VTK017769|MLB22541077,Módulo Mini Gbic Tp-link Tl-sm311ls Sfp Monomodo,"[""MLB4937547837"",""MLB7391077812""]","[""EXCLUIDO_ANUNCIO_NAO_ATIVO""]",,,,,,,,{}
VTK018344,VTK018344|MLB4981290297,Microfone Csr Ht-58-a Profissional Sem Chave Anti Queda,"[""MLB4981290297""]","[""EXCLUIDO_TRAFEGO_ACIMA_LIMITE""]",223.52,20.0651,7,0,false,false,false,"{""prices"":[200],""sale_prices"":[200],""visits"":[200],""sync"":null,""offer_source"":""automatic"",""target_error"":null}"
VTK017599,VTK017599|MLB27070506,Interfone Hdl Az-s01 Ajuste Volume E Toque Branco,"[""MLB7285976496"",""MLB4971957699""]","[""EXCLUIDO_TRAFEGO_ACIMA_LIMITE""]",221.78,20.0528,9,0,false,false,false,"{""prices"":[200,200],""sale_prices"":[200,200],""visits"":[200,200],""sync"":{""status"":200,""sync_status"":""SYNC"",""relations"":[""MLB4971957699""]},""offer_source"":""automatic"",""target_error"":null}"
VTK017575,VTK017575|MLB4994951959,Corneta Jbl Hl14-50 Trio Branca,"[""MLB4994951959""]","[""EXCLUIDO_TRAFEGO_ACIMA_LIMITE""]",220.09,20.0379,13,0,false,false,false,"{""prices"":[200],""sale_prices"":[200],""visits"":[200],""sync"":null,""offer_source"":""automatic"",""target_error"":null}"
VTK003936,VTK003936|MLB22785885,Liquidificador Agratto LQLF-01 Leitoso 850W Cristal 127v,"[""MLB4801121037"",""MLB4801081999""]","[""EXCLUIDO_TRAFEGO_ACIMA_LIMITE""]",201.02,20.0291,40,0,false,false,false,"{""prices"":[200,200],""sale_prices"":[200,200],""visits"":[200,200],""sync"":{""status"":200,""sync_status"":""SYNC"",""relations"":[""MLB4801081999""]},""offer_source"":""automatic"",""target_error"":null}"
VTK021397,VTK021397|MLB23083565,Autotransformador Blindado Indusat 750va Tripolar,"[""MLB4971945377"",""MLB4961750989""]","[""EXCLUIDO_TRAFEGO_ACIMA_LIMITE""]",185.75,19.9428,21,0,false,false,false,"{""prices"":[200,200],""sale_prices"":[200,200],""visits"":[200,200],""sync"":{""status"":200,""sync_status"":""SYNC"",""relations"":[""MLB4961750989""]},""offer_source"":""automatic"",""target_error"":null}"
VTK019526,VTK019526|MLB45966810,Módulo Para Porteiro Residencial Intelbras Ipr 8000n Módulo Interno,"[""MLB7529393556"",""MLB4965919583""]","[""EXCLUIDO_TRAFEGO_ACIMA_LIMITE""]",206.82,19.9305,6,0,false,false,false,"{""prices"":[200,200],""sale_prices"":[200,200],""visits"":[200,200],""sync"":{""status"":200,""sync_status"":""SYNC"",""relations"":[""MLB4965919583""]},""offer_source"":""automatic"",""target_error"":null}"
VTK003138,VTK003138|MLB4981289061,Cabo Speakon Macho Para Speakon Macho 10m CBSP0002 Storm,"[""MLB4981289061""]","[""EXCLUIDO_TRAFEGO_ACIMA_LIMITE""]",80.19,19.9104,8,0,false,false,false,"{""prices"":[200],""sale_prices"":[200],""visits"":[200],""sync"":null,""offer_source"":""automatic"",""target_error"":null}"
VTK017283,VTK017283|MLB4994950779,Caixa De Atendimento óptico Evus 1x24 Ftth (cto Inteligente),"[""MLB4994950779""]","[""EXCLUIDO_TRAFEGO_ACIMA_LIMITE""]",204.34,19.9104,16,0,false,false,false,"{""prices"":[200],""sale_prices"":[200],""visits"":[200],""sync"":null,""offer_source"":""automatic"",""target_error"":null}"
VTK017229,VTK017229|MLB28723580,"Alto Falante Pioneer 6"" Ts-1760br 100rms Par","[""MLB4942206393"",""MLB4937384875""]","[""EXCLUIDO_TRAFEGO_ACIMA_LIMITE""]",236.93,19.9053,12,0,false,false,false,"{""prices"":[200,200],""sale_prices"":[200,200],""visits"":[200,200],""sync"":{""status"":200,""sync_status"":""SYNC"",""relations"":[""MLB4937384875""]},""offer_source"":""automatic"",""target_error"":null}"
VTK012025,VTK012025|MLB16144736,Pilha Comum Aaa Palito Panasonic Sm-4 R03ual/4b400,"[""MLB4857626071"",""MLB7316880258""]","[""EXCLUIDO_TRAFEGO_ACIMA_LIMITE"",""MARGEM_PREMIUM_PRESERVADA""]",32.32,19.8612,6,2,false,false,false,"{""prices"":[200,200],""sale_prices"":[200,200],""visits"":[200,200],""sync"":{""status"":200,""sync_status"":""SYNC"",""relations"":[""MLB7316880258""]},""offer_source"":""automatic"",""target_error"":null}"
VTK018520,VTK018520|MLB21618342,Cabo Santo Angelo Rca Paredão 5 Metros Estéreo Vermelho Cristal,"[""MLB4937490735"",""MLB4942206195""]","[""EXCLUIDO_TRAFEGO_ACIMA_LIMITE"",""MARGEM_PREMIUM_PRESERVADA""]",228.94,19.8414,90,2,false,false,false,"{""prices"":[200,200],""sale_prices"":[200,200],""visits"":[200,200],""sync"":{""status"":200,""sync_status"":""SYNC"",""relations"":[""MLB4942206195""]},""offer_source"":""automatic"",""target_error"":null}"
VTK017552,VTK017552|MLB4937525717,Jogo De Potes Tramontina Mixcolor 02 Peças 2l Preto,"[""MLB4937525717""]","[""EXCLUIDO_TRAFEGO_ACIMA_LIMITE""]",80.57,19.8025,15,0,false,false,false,"{""prices"":[200],""sale_prices"":[200],""visits"":[200],""sync"":null,""offer_source"":""automatic"",""target_error"":null}"
VTK018637,VTK018637|MLB23774141,Pistola De Cola Quente Hikari Hpc-280 280w Bivolt 21k913,"[""MLB4942205823"",""MLB4937531879""]","[""EXCLUIDO_TRAFEGO_ACIMA_LIMITE""]",219.34,19.7598,10,0,false,false,false,"{""prices"":[200,200],""sale_prices"":[200,200],""visits"":[200,200],""sync"":{""status"":200,""sync_status"":""SYNC"",""relations"":[""MLB4937531879""]},""offer_source"":""automatic"",""target_error"":null}"
VTK003764,VTK003764|MLB21835569,Pilha Alcalina C MN1400 (C/2 Pilhas) Duracell,"[""MLB4880581637"",""MLB7111664536""]","[""EXCLUIDO_TRAFEGO_ACIMA_LIMITE"",""MARGEM_PREMIUM_PRESERVADA""]",66.88,19.631,21,2,false,false,false,"{""prices"":[200,200],""sale_prices"":[200,200],""visits"":[200,200],""sync"":{""status"":200,""sync_status"":""SYNC"",""relations"":[""MLB7111664536""]},""offer_source"":""automatic"",""target_error"":null}"
VTK017186,VTK017186|MLB24431932,Ferro De Solda Hikari Power 25w 127v,"[""MLB7239010048"",""MLB7247346062""]","[""EXCLUIDO_TRAFEGO_ACIMA_LIMITE""]",85.57,19.4437,6,0,false,false,false,"{""prices"":[200,200],""sale_prices"":[200,200],""visits"":[200,200],""sync"":{""status"":200,""sync_status"":""SYNC"",""relations"":[""MLB7247346062""]},""offer_source"":""automatic"",""target_error"":null}"
VTK017962,VTK017962|MLB26404747,Ferro De Solda Hikari 30 Power 25w 220v,"[""MLB4942204211"",""MLB7239021130""]","[""EXCLUIDO_TRAFEGO_ACIMA_LIMITE""]",85.57,19.4437,6,0,false,false,false,"{""prices"":[200,200],""sale_prices"":[200,200],""visits"":[200,200],""sync"":{""status"":200,""sync_status"":""SYNC"",""relations"":[""MLB7239021130""]},""offer_source"":""automatic"",""target_error"":null}"
VTK021105,VTK021105|MLB7332781214,"Caixa Rlp Vazia Para 1 Alto Falante 12""+1 Driver + 1 Tweeter Acarpetada Duto Rasgado","[""MLB7332781214""]","[""EXCLUIDO_TRAFEGO_ACIMA_LIMITE""]",202.89,19.4022,23,0,false,false,false,"{""prices"":[200],""sale_prices"":[200],""visits"":[200],""sync"":null,""offer_source"":""automatic"",""target_error"":null}"
VTK012015,VTK012015|MLB37002392,Conector Xlr Femea Wc 1003 Fl Bk Ni 3p 5un Wireconex,"[""MLB7111709738"",""MLB7330397152""]","[""EXCLUIDO_TRAFEGO_ACIMA_LIMITE""]",85.79,19.3309,11,0,false,false,false,"{""prices"":[200,200],""sale_prices"":[200,200],""visits"":[200,200],""sync"":{""status"":200,""sync_status"":""SYNC"",""relations"":[""MLB7330397152""]},""offer_source"":""automatic"",""target_error"":null}"
VTK017209,VTK017209|MLB27345235,Fita Para Rotulador Brother Hammer M-k231 12mm Preto Sobre Branco,"[""MLB4994943851"",""MLB5005543119""]","[""EXCLUIDO_TRAFEGO_ACIMA_LIMITE""]",80.87,19.2607,42,0,false,false,false,"{""prices"":[200,200],""sale_prices"":[200,200],""visits"":[200,200],""sync"":{""status"":200,""sync_status"":""SYNC"",""relations"":[""MLB5005543119""]},""offer_source"":""automatic"",""target_error"":null}"
VTK017806,VTK017806|MLB38736114,Cabo Optico Splitter Evus Opf-plc1x4-sc/apc Plc 1x4 1m G657a1,"[""MLB5005555393"",""MLB4995161953""]","[""EXCLUIDO_ANUNCIO_NAO_ATIVO""]",,,,,,,,{}
VTK002570,VTK002570|MLB37817404,Encordoamento Para Viola Brasileira Cebolão MI/Boiadeira EJ82C D Addario,"[""MLB4857531013"",""MLB7149375074""]","[""EXCLUIDO_INCONCLUSIVO"",""SEM_REDUCAO_NECESSARIA"",""EXCLUIDO_PREJUIZO_CALCULADO""]",175.82,17.6194,0,0,false,false,false,"{""prices"":[200,200],""sale_prices"":[200,200],""visits"":[200,200],""sync"":{""status"":200,""sync_status"":""SYNC"",""relations"":[""MLB7149375074""]},""offer_source"":""automatic"",""target_error"":""FAIXA_NAO_ESTABILIZADA""}"
VTK018148,VTK018148|MLB62620234,Telefone Sem Fio Intelbras Ts 3110 Branco/vermelho 4123101,"[""MLB4966508585"",""MLB7313972378""]","[""EXCLUIDO_TRAFEGO_ACIMA_LIMITE"",""MARGEM_PREMIUM_PRESERVADA""]",299,15.8639,1443,3,false,false,false,"{""prices"":[200,200],""sale_prices"":[200,200],""visits"":[200,200],""sync"":{""status"":200,""sync_status"":""SYNC"",""relations"":[""MLB7313972378""]},""offer_source"":""automatic"",""target_error"":null}"
VTK005769,VTK005769|MLB4857635919,Chave Anti Vandalismo On/Off Preta Storm,"[""MLB4857635919""]","[""EXCLUIDO_TRAFEGO_ACIMA_LIMITE""]",42,15.7915,17,0,false,false,false,"{""prices"":[200],""sale_prices"":[200],""visits"":[200],""sync"":null,""offer_source"":""automatic"",""target_error"":null}"
VTK003684,VTK003684|MLB24720143,"Pilha Alcalina 1,5v AA MN1500 (C/8 Pilhas) Duracell","[""MLB7111708258"",""MLB7149327868""]","[""EXCLUIDO_TRAFEGO_ACIMA_LIMITE"",""MARGEM_PREMIUM_PRESERVADA""]",80.63,15.2744,28,2,false,false,false,"{""prices"":[200,200],""sale_prices"":[200,200],""visits"":[200,200],""sync"":{""status"":200,""sync_status"":""SYNC"",""relations"":[""MLB7149327868""]},""offer_source"":""automatic"",""target_error"":null}"
VTK018795,VTK018795|MLB7332776554,Calota Grid Aro 14p 378cb Prata Onix/prisma 2021 - PC / 4,"[""MLB7332776554""]","[""EXCLUIDO_TRAFEGO_ACIMA_LIMITE""]",118.04,14.8675,6,0,false,false,false,"{""prices"":[200],""sale_prices"":[200],""visits"":[200],""sync"":null,""offer_source"":""automatic"",""target_error"":null}"
VTK012377,VTK012377|MLB7227306662,Kit 10 Conectores P10 Stereo Femea Painel Wc 345 Wireconex,"[""MLB7227306662""]","[""EXCLUIDO_TRAFEGO_ACIMA_LIMITE""]",84.61,14.6845,16,0,false,false,false,"{""prices"":[200],""sale_prices"":[200],""visits"":[200],""sync"":null,""offer_source"":""automatic"",""target_error"":null}"
VTK000449,VTK000449|MLB20610291,"Pilha Alcalina 1,5V AA LR6 (C/20 Pilhas) Panasonic - BLI / 20","[""MLB7111706994"",""MLB7313983342""]","[""EXCLUIDO_TRAFEGO_ACIMA_LIMITE""]",101.8,14.6454,9,0,false,false,false,"{""prices"":[200,200],""sale_prices"":[200,200],""visits"":[200,200],""sync"":{""status"":200,""sync_status"":""SYNC"",""relations"":[""MLB7313983342""]},""offer_source"":""automatic"",""target_error"":null}"
VTK003143,VTK003143|MLB7111651918,Plug RCA Metal Com Anel Vermelho PGRC0025 Storm - PCT / 10,"[""MLB7111651918""]","[""EXCLUIDO_TRAFEGO_ACIMA_LIMITE""]",80.38,14.637,21,0,false,false,false,"{""prices"":[200],""sale_prices"":[200],""visits"":[200],""sync"":null,""offer_source"":""automatic"",""target_error"":null}"
VTK000791,VTK000791|MLB22354707,"Suporte Para TV Fixo Universal 37-80"" SAV-1006 Aquário","[""MLB6573096520"",""MLB6655134296""]","[""EXCLUIDO_TRAFEGO_ACIMA_LIMITE""]",115.84,14.3641,7,0,false,false,false,"{""prices"":[200,200],""sale_prices"":[200,200],""visits"":[200,200],""sync"":{""status"":200,""sync_status"":""SYNC"",""relations"":[""MLB6655134296""]},""offer_source"":""automatic"",""target_error"":null}"
VTK012124,VTK012124|MLB38806334,Kit 10 Conectores P10 Mono Cachimbo Wc 167 Wireconex,"[""MLB7330116996"",""MLB7111708216""]","[""EXCLUIDO_TRAFEGO_ACIMA_LIMITE"",""MARGEM_PREMIUM_PRESERVADA""]",86.77,14.2393,78,2,false,false,false,"{""prices"":[200,200],""sale_prices"":[200,200],""visits"":[200,200],""sync"":{""status"":200,""sync_status"":""SYNC"",""relations"":[""MLB7111708216""]},""offer_source"":""automatic"",""target_error"":null}"
VTK000302,VTK000302|MLB70109117,Encordoamento para Violão Aço .010 Extra Leve Earthwood 2006 Erniel Ball,"[""MLB7086773274"",""MLB4837725139""]","[""EXCLUIDO_TRAFEGO_ACIMA_LIMITE"",""MARGEM_PREMIUM_PRESERVADA""]",116,13.9615,190,5,false,false,false,"{""prices"":[200,200],""sale_prices"":[200,200],""visits"":[200,200],""sync"":{""status"":200,""sync_status"":""SYNC"",""relations"":[""MLB4837725139""]},""offer_source"":""automatic"",""target_error"":null}"
VTK012008,VTK012008|MLB24084250,Cabo De Audio P2 P10 3 Metros P2ts 03 Wireconex,"[""MLB7149332364"",""MLB7111652080""]","[""EXCLUIDO_TRAFEGO_ACIMA_LIMITE""]",62,13.8007,6,0,false,false,false,"{""prices"":[200,200],""sale_prices"":[200,200],""visits"":[200,200],""sync"":{""status"":200,""sync_status"":""SYNC"",""relations"":[""MLB7111652080""]},""offer_source"":""automatic"",""target_error"":null}"
VTK017872,VTK017872|MLB5034706797,Reparo Jbl Rpst330 Para Super Tweeter St330 Poly T,"[""MLB5034706797""]","[""EXCLUIDO_TRAFEGO_ACIMA_LIMITE""]",106.58,13.7893,8,0,false,false,false,"{""prices"":[200],""sale_prices"":[200],""visits"":[200],""sync"":null,""offer_source"":""automatic"",""target_error"":null}"
VTK003616,VTK003616|MLB31256021,Cabo HDMI 4K C/ Filtro 10m CBHM0022 Preto STORM,"[""MLB4880564203"",""MLB7111661980""]","[""EXCLUIDO_TRAFEGO_ACIMA_LIMITE""]",89.62,13.6788,9,0,false,false,false,"{""prices"":[200,200],""sale_prices"":[200,200],""visits"":[200,200],""sync"":{""status"":200,""sync_status"":""SYNC"",""relations"":[""MLB7111661980""]},""offer_source"":""automatic"",""target_error"":null}"
VTK011999,VTK011999|MLB4857627437,Corda Avulsa 3ª Sol Encapada Aço Bronze P/violão Sg,"[""MLB4857627437""]","[""EXCLUIDO_TRAFEGO_ACIMA_LIMITE""]",25,13.6601,18,0,false,false,false,"{""prices"":[200],""sale_prices"":[200],""visits"":[200],""sync"":null,""offer_source"":""automatic"",""target_error"":null}"
VTK017645,VTK017645|MLB7311573484,Calota Aro 14p 879cp-gft Mod Kwid Zen 2020,"[""MLB7311573484""]","[""EXCLUIDO_TRAFEGO_ACIMA_LIMITE""]",62.77,13.624,6,0,false,false,false,"{""prices"":[200],""sale_prices"":[200],""visits"":[200],""sync"":null,""offer_source"":""automatic"",""target_error"":null}"
VTK012658,VTK012658|MLB42121979,Correia Ex 43 Porus Off White Basso,"[""MLB7111662056"",""MLB4880564131""]","[""EXCLUIDO_TRAFEGO_ACIMA_LIMITE""]",85.5,13.5651,10,0,false,false,false,"{""prices"":[200,200],""sale_prices"":[200,200],""visits"":[200,200],""sync"":{""status"":200,""sync_status"":""SYNC"",""relations"":[""MLB4880564131""]},""offer_source"":""automatic"",""target_error"":null}"
VTK017821,VTK017821|MLB5034759581,Reparo Jbl Selenium Rpst302-x Para Super Tweeter St302-x,"[""MLB5034759581""]","[""EXCLUIDO_TRAFEGO_ACIMA_LIMITE""]",101.89,13.4285,9,0,false,false,false,"{""prices"":[200],""sale_prices"":[200],""visits"":[200],""sync"":null,""offer_source"":""automatic"",""target_error"":null}"
VTK002219,VTK002219|MLB7111650126,Conector Cannon Macho PGCN0013 Preto Storm - PCT / 10,"[""MLB7111650126""]","[""EXCLUIDO_TRAFEGO_ACIMA_LIMITE""]",83.93,13.4038,6,0,false,false,false,"{""prices"":[200],""sale_prices"":[200],""visits"":[200],""sync"":null,""offer_source"":""automatic"",""target_error"":null}"
VTK017837,VTK017837|MLB36159363,Ponta Fenda Para Ferro De Solda Hikari Hk Plus Sc-60 Com 4 Peças,"[""MLB4965988433"",""MLB5109036709""]","[""EXCLUIDO_TRAFEGO_ACIMA_LIMITE""]",90.19,13.3497,7,0,false,false,false,"{""prices"":[200,200],""sale_prices"":[200,200],""visits"":[200,200],""sync"":{""status"":200,""sync_status"":""SYNC"",""relations"":[""MLB5109036709""]},""offer_source"":""automatic"",""target_error"":null}"
VTK012110,VTK012110|MLB39929514,Cabos Para Instrumentos P10 P10 5 Metros Gte-05 Kng Wireconex,"[""MLB7111651722"",""MLB7149366888""]","[""EXCLUIDO_ANUNCIO_NAO_ATIVO""]",,,,,,,,{}
VTK012714,VTK012714|MLB73771565,"Cabo P10 Prowire Tweed Preto 3,05m (10ft) Wireconex","[""MLB7111664004"",""MLB4898613341""]","[""EXCLUIDO_ANUNCIO_NAO_ATIVO""]",,,,,,,,{}
VTK003109,VTK003109|MLB7111645478,Conector Cannon Fêmea 3 Polos Metal JCCN0017 Storm - PCT / 10,"[""MLB7111645478""]","[""EXCLUIDO_TRAFEGO_ACIMA_LIMITE""]",108.41,12.9513,9,0,false,false,false,"{""prices"":[200],""sale_prices"":[200],""visits"":[200],""sync"":null,""offer_source"":""automatic"",""target_error"":null}"
VTK012493,VTK012493|MLB24402672,Correia Qs 04 Preto Basso,"[""MLB7111661588"",""MLB7149329432""]","[""EXCLUIDO_TRAFEGO_ACIMA_LIMITE""]",89.44,12.823,14,0,false,false,false,"{""prices"":[200,200],""sale_prices"":[200,200],""visits"":[200,200],""sync"":{""status"":200,""sync_status"":""SYNC"",""relations"":[""MLB7149329432""]},""offer_source"":""automatic"",""target_error"":null}"
VTK003675,VTK003675|MLB7111661804,Plug P10 Mono 90º Metal Ponta Gold Storm - PCT / 10,"[""MLB7111661804""]","[""EXCLUIDO_TRAFEGO_ACIMA_LIMITE""]",89.5,12.8095,8,0,false,false,false,"{""prices"":[200],""sale_prices"":[200],""visits"":[200],""sync"":null,""offer_source"":""automatic"",""target_error"":null}"
VTK012056,VTK012056|MLB7111649436,"Cabo Extensão Fone De Ouvido Phc05 P10 1/4 Trs X P2 3,5 Wireconex","[""MLB7111649436""]","[""EXCLUIDO_TRAFEGO_ACIMA_LIMITE""]",78.9,12.7296,6,0,false,false,false,"{""prices"":[200],""sale_prices"":[200],""visits"":[200],""sync"":null,""offer_source"":""automatic"",""target_error"":null}"
VTK009683,VTK009683|MLB39074483,Capa Protetora Para Violão Preta Thomaz,"[""MLB4786778603"",""MLB4772728821""]","[""EXCLUIDO_ANUNCIO_NAO_ATIVO""]",,,,,,,,{}
VTK005803,VTK005803|MLB71699940,Mangueira Látex 13 Metros KM215CA Azul Kepper,"[""MLB4857530911"",""MLB7313984006""]","[""EXCLUIDO_TRAFEGO_ACIMA_LIMITE""]",140.31,12.5375,14,0,false,false,false,"{""prices"":[200,200],""sale_prices"":[200,200],""visits"":[200,200],""sync"":{""status"":200,""sync_status"":""SYNC"",""relations"":[""MLB7313984006""]},""offer_source"":""automatic"",""target_error"":null}"
VTK012477,VTK012477|MLB7111648848,Cabo Flat Para Pedal Emborrachado 6 Polegadas Wireconex,"[""MLB7111648848""]","[""EXCLUIDO_TRAFEGO_ACIMA_LIMITE"",""MARGEM_PREMIUM_PRESERVADA""]",112.74,12.3284,22,2,false,false,false,"{""prices"":[200],""sale_prices"":[200],""visits"":[200],""sync"":null,""offer_source"":""automatic"",""target_error"":null}"
VTK012611,VTK012611|MLB4937865089,Breu Vr200 Claro D Addario,"[""MLB4937865089""]","[""EXCLUIDO_TRAFEGO_ACIMA_LIMITE""]",63,12.2995,6,0,false,false,false,"{""prices"":[200],""sale_prices"":[200],""visits"":[200],""sync"":null,""offer_source"":""automatic"",""target_error"":null}"
VTK012120,VTK012120|MLB69000973,Conector Xlr Macho Wc 1033 10 Unidades Painel Wireconex,"[""MLB5079124731"",""MLB7145205372""]","[""EXCLUIDO_TRAFEGO_ACIMA_LIMITE""]",114.45,12.1845,8,1,false,false,false,"{""prices"":[200,200],""sale_prices"":[200,200],""visits"":[200,200],""sync"":{""status"":200,""sync_status"":""SYNC"",""relations"":[""MLB7145205372""]},""offer_source"":""automatic"",""target_error"":null}"
VTK012393,VTK012393|MLB22707637,Cabo De áudio P2 P2 3 Metros P2p2 03 Wireconex,"[""MLB7149327814"",""MLB7111708684""]","[""EXCLUIDO_TRAFEGO_ACIMA_LIMITE""]",66,11.9928,7,0,false,false,false,"{""prices"":[200,200],""sale_prices"":[200,200],""visits"":[200,200],""sync"":{""status"":200,""sync_status"":""SYNC"",""relations"":[""MLB7111708684""]},""offer_source"":""automatic"",""target_error"":null}"
VTK012052,VTK012052|MLB7111713604,Bateria Para Aparelho Auditivo 675 Pr44 Elgin 06 Unidades,"[""MLB7111713604""]","[""EXCLUIDO_TRAFEGO_ACIMA_LIMITE""]",38.77,11.5607,31,0,false,false,false,"{""prices"":[200],""sale_prices"":[200],""visits"":[200],""sync"":null,""offer_source"":""automatic"",""target_error"":null}"
VTK003874,VTK003874|MLB22742907,"Cabo XLR Macho x XLR Fêmea 6,10m Ninja LW B Santo Angelo","[""MLB4842210865"",""MLB7150323360""]","[""EXCLUIDO_TRAFEGO_ACIMA_LIMITE"",""MARGEM_PREMIUM_PRESERVADA""]",137.66,11.2473,29,2,false,false,false,"{""prices"":[200,200],""sale_prices"":[200,200],""visits"":[200,200],""sync"":{""status"":200,""sync_status"":""SYNC"",""relations"":[""MLB7150323360""]},""offer_source"":""automatic"",""target_error"":null}"
VTK000047,VTK000047|MLB29360695,Multímetro Digital Minipa ET-1002,"[""MLB4935791983"",""MLB4841909841""]","[""EXCLUIDO_TRAFEGO_ACIMA_LIMITE"",""MARGEM_PREMIUM_PRESERVADA""]",141.09,10.8956,74,2,false,false,false,"{""prices"":[200,200],""sale_prices"":[200,200],""visits"":[200,200],""sync"":{""status"":200,""sync_status"":""SYNC"",""relations"":[""MLB4841909841""]},""offer_source"":""automatic"",""target_error"":null}"
VTK000398,VTK000398|MLB37700643,Apoio de Pés ABS Preto Multivisão,"[""MLB4841983317"",""MLB7095328042""]","[""EXCLUIDO_TRAFEGO_ACIMA_LIMITE""]",141.85,10.8211,7,0,false,false,false,"{""prices"":[200,200],""sale_prices"":[200,200],""visits"":[200,200],""sync"":{""status"":200,""sync_status"":""SYNC"",""relations"":[""MLB7095328042""]},""offer_source"":""automatic"",""target_error"":null}"
VTK001748,VTK001748|MLB23342418,Timer Digital 24h Bivolt Brasfort,"[""MLB4842175573"",""MLB7101696838""]","[""EXCLUIDO_TRAFEGO_ACIMA_LIMITE"",""MARGEM_PREMIUM_PRESERVADA""]",130.6,10.5034,42,8,false,false,false,"{""prices"":[200,200],""sale_prices"":[200,200],""visits"":[200,200],""sync"":{""status"":200,""sync_status"":""SYNC"",""relations"":[""MLB7101696838""]},""offer_source"":""automatic"",""target_error"":null}"
VTK012545,VTK012545|MLB4857541977,Carregador Rayovac Usb 2aa Sm-4,"[""MLB4857541977""]","[""EXCLUIDO_TRAFEGO_ACIMA_LIMITE""]",133.14,10.3657,27,1,false,false,false,"{""prices"":[200],""sale_prices"":[200],""visits"":[200],""sync"":null,""offer_source"":""automatic"",""target_error"":null}"
VTK018706,VTK018706|MLB7311575674,Protetor De Carter Dhf-240 Stilo 2003,"[""MLB7311575674""]","[""EXCLUIDO_TRAFEGO_ACIMA_LIMITE"",""MARGEM_PREMIUM_PRESERVADA""]",142.66,10.3012,51,2,false,false,false,"{""prices"":[200],""sale_prices"":[200],""visits"":[200],""sync"":null,""offer_source"":""automatic"",""target_error"":null}"
VTK017391,VTK017391|MLB24747787,Grampo Vonder 16mm Para Pinador Elétrico Com 1000 Grampos,"[""MLB7332095530"",""MLB7381240518""]","[""EXCLUIDO_TRAFEGO_ACIMA_LIMITE""]",46.74,10.2864,19,0,false,false,false,"{""prices"":[200,200],""sale_prices"":[200,200],""visits"":[200,200],""sync"":{""status"":200,""sync_status"":""SYNC"",""relations"":[""MLB7381240518""]},""offer_source"":""automatic"",""target_error"":null}"
VTK017219,VTK017219|MLB46421583,Guia Organizador Cabos 2u X 19 Alta Densidade,"[""MLB4981311655"",""MLB7313982634""]","[""EXCLUIDO_ANUNCIO_NAO_ATIVO""]",,,,,,,,{}
VTK017786,VTK017786|MLB4994952445,Calota Grid Aro 14p 094cb-pta Fiat Modelo Palio Attractive 2012/ 13 Cubo Baixo - PC / 4,"[""MLB4994952445""]","[""EXCLUIDO_TRAFEGO_ACIMA_LIMITE""]",109.18,10.0104,8,0,false,false,false,"{""prices"":[200],""sale_prices"":[200],""visits"":[200],""sync"":null,""offer_source"":""automatic"",""target_error"":null}"
VTK000115,VTK000115|MLB34122303,"Bateria Selada 12V 1,3Ah UP1213 Unipower","[""MLB4981704163"",""MLB7086959336""]","[""SEM_MARGEM_PREMIUM_ATUAL"",""EXCLUIDO_TRAFEGO_ACIMA_LIMITE"",""MARGEM_PREMIUM_PRESERVADA""]",94.36,9.888,172,10,false,false,false,"{""prices"":[200,200],""sale_prices"":[200,200],""visits"":[200,200],""sync"":{""status"":200,""sync_status"":""SYNC"",""relations"":[""MLB7086959336""]},""offer_source"":""automatic"",""target_error"":null}"
