sku,pricing_group_id,origin_ml_item_id,ml_item_ids,current_price,experimental_price,sync_confirmed
VTK012344,VTK012344|MLB7111714880,MLB7111714880,"[""MLB7111714880""]",45.17,23.76,true
VTK012481,VTK012481|MLB4857626123,MLB4857626123,"[""MLB4857626123""]",45.77,24.74,true
VTK012271,VTK012271|MLB4857626107,MLB4857626107,"[""MLB4857626107""]",46.1,24.82,true
VTK012412,VTK012412|MLB22343812,MLB4857627495,"[""MLB4857627495"",""MLB7149338600""]",43.68,22.06,true
VTK012177,VTK012177|MLB39242918,MLB4857639801,"[""MLB7149371294"",""MLB4857639801""]",43.82,22.22,true
VTK012316,VTK012316|MLB20628909,MLB4857638159,"[""MLB7149337398"",""MLB4857638159""]",48.61,27.7,true
VTK012346,VTK012346|MLB54220685,MLB7111714526,"[""MLB7111714526"",""MLB4880526301""]",49.55,28.77,true
VTK012028,VTK012028|MLB16236951,MLB4857626165,"[""MLB4857626165"",""MLB7313984020""]",46.93,26.98,true
VTK012208,VTK012208|MLB26242562,MLB7111714314,"[""MLB7149273758"",""MLB7111714314""]",50.46,30.09,true
VTK012507,VTK012507|MLB75104651,MLB4857625681,"[""MLB7149338770"",""MLB4857625681""]",50.61,29.98,true
VTK012345,VTK012345|MLB21465199,MLB4857625685,"[""MLB4857625685"",""MLB4886661609""]",51.26,30.72,true
VTK012126,VTK012126|MLB36777223,MLB4857637599,"[""MLB4880590401"",""MLB4857637599""]",52.57,32.65,true
VTK002430,VTK002430|MLB35749153,MLB4857624969,"[""MLB4857624969"",""MLB7149373024""]",52.82,32.51,true
VTK012451,VTK012451|MLB35276021,MLB7111713758,"[""MLB4880526513"",""MLB7111713758""]",53.7,33.51,true
VTK003606,VTK003606|MLB23159703,MLB4857624907,"[""MLB7149338946"",""MLB4857624907""]",54.74,34.71,true
VTK012174,VTK012174|MLB39460659,MLB7111713750,"[""MLB4880526541"",""MLB7111713750""]",55.55,35.63,true
VTK012104,VTK012104|MLB36351600,MLB7111716064,"[""MLB7111716064"",""MLB5079124601""]",34.07,21.98,true
VTK000060,VTK000060|MLB20580728,MLB4857637125,"[""MLB4857637125"",""MLB7157760958""]",56.5,36.72,true
VTK003622,VTK003622|MLB25948660,MLB4857624585,"[""MLB4857624585"",""MLB7149339142""]",57.39,37.74,true
VTK002271,VTK002271|MLB22490340,MLB4857635411,"[""MLB4880591245"",""MLB4857635411""]",57.87,38.28,true
VTK003213,VTK003213|MLB57351740,MLB4857637215,"[""MLB7149371848"",""MLB4857637215""]",53.9,35.79,true
VTK001624,VTK001624|MLB21603461,MLB4857636931,"[""MLB7313979440"",""MLB4857636931""]",58.9,39.46,true
VTK017853,VTK017853|MLB32476732,MLB4994952921,"[""MLB7381240378"",""MLB4994952921""]",61.19,40.24,true
VTK012068,VTK012068|MLB20312085,MLB4857637203,"[""MLB4857637203"",""MLB5079124789""]",57.96,38.96,true
VTK017708,VTK017708|MLB32224655,MLB4981311917,"[""MLB4981311917"",""MLB4986120857""]",56.64,37.99,true
VTK022016,VTK022016|MLB38302545,MLB4981312713,"[""MLB4981312713"",""MLB7320340216""]",59.28,38.88,true
VTK012478,VTK012478|MLB28360869,MLB4857623631,"[""MLB4880591999"",""MLB4857623631""]",61.23,42.13,true
VTK012476,VTK012476|MLB57293772,MLB7111713078,"[""MLB4880561195"",""MLB7111713078""]",61.74,43.09,true
VTK000054,VTK000054|MLB54675306,MLB5050065065,"[""MLB5050065065"",""MLB7437026210""]",60.58,40.85,true
VTK012402,VTK012402|MLB63263826,MLB4857623495,"[""MLB7149339258"",""MLB4857623495""]",63.13,44.56,true
VTK004830,VTK004830|MLB74554980,MLB4857623581,"[""MLB4857623581"",""MLB7524753486""]",63.27,44.71,true
VTK001490,VTK001490|MLB22319205,MLB4857635453,"[""MLB7149372564"",""MLB4857635453""]",61.83,44.87,true
VTK017576,VTK017576|MLB54493374,MLB7239016738,"[""MLB7314820636"",""MLB7239016738""]",65.06,46.21,true
VTK001628,VTK001628|MLB21618565,MLB4981289011,"[""MLB7317389682"",""MLB4981289011""]",61.9,41.91,true
VTK018376,VTK018376|MLB27679084,MLB7285954282,"[""MLB4971945165"",""MLB7285954282""]",67.59,48.56,true
VTK012076,VTK012076|MLB19605921,MLB7111710088,"[""MLB7111710088"",""MLB4880579793""]",67.35,47.02,true
VTK018063,VTK018063|MLB36263019,MLB7238972410,"[""MLB4942182601"",""MLB7238972410""]",66.55,47.94,true
VTK017224,VTK017224|MLB65281622,MLB7239023028,"[""MLB5034096127"",""MLB7239023028""]",64.62,46.66,true
VTK002207,VTK002207|MLB23218281,MLB7111710058,"[""MLB4880579833"",""MLB7111710058""]",68.6,50.55,true
VTK012309,VTK012309|MLB19546567,MLB7111649116,"[""MLB7111649116"",""MLB7149333170""]",65.43,46.31,true
VTK001438,VTK001438|MLB21441961,MLB4857635177,"[""MLB4882855471"",""MLB4857635177""]",67.96,51.02,true
VTK012529,VTK012529|MLB44377216,MLB4857622071,"[""MLB4880632409"",""MLB4857622071""]",70.44,53.02,true
VTK012548,VTK012548|MLB39188360,MLB7111710862,"[""MLB4880579543"",""MLB7111710862""]",70.44,53.02,true
VTK012810,VTK012810|MLB44380576,MLB4857634579,"[""MLB4857634579"",""MLB4880591321""]",71.74,54.5,true
VTK000019,VTK000019|MLB66334588,MLB7111664762,"[""MLB4880581499"",""MLB7111664762""]",67.28,51.15,true
VTK012115,VTK012115|MLB26003341,MLB4857621823,"[""MLB4857621823"",""MLB7330115638""]",67.37,50.68,true
VTK012098,VTK012098|MLB66065494,MLB7111710226,"[""MLB7111710226"",""MLB7316881074""]",67.44,50.77,true
VTK017592,VTK017592|MLB34493962,MLB4966000715,"[""MLB4966000715"",""MLB4971984035""]",64.31,47.95,true
VTK017162,VTK017162|MLB22546817,MLB4937549367,"[""MLB4942205527"",""MLB4937549367""]",70.7,52.5,true
VTK012657,VTK012657|MLB36208220,MLB4857622009,"[""MLB4857622009"",""MLB7149405114""]",72.44,55.3,true
VTK001491,VTK001491|MLB23275555,MLB4981311011,"[""MLB4981311011"",""MLB4987968089""]",68.24,51.09,true
VTK012908,VTK012908|MLB21714902,MLB7239018872,"[""MLB4987964023"",""MLB7239018872""]",74.65,55.93,true
VTK017239,VTK017239|MLB23048734,MLB7239021514,"[""MLB7391077978"",""MLB7239021514""]",70.88,53.29,true
VTK012680,VTK012680|MLB39282016,MLB4857622743,"[""MLB7391077700"",""MLB4857622743""]",73.68,56.71,true
VTK000275,VTK000275|MLB23666530,MLB7238889146,"[""MLB7238889146"",""MLB4942204851""]",73.53,55.09,true
VTK012153,VTK012153|MLB22707352,MLB7111664722,"[""MLB7111664722"",""MLB7330398336""]",74.33,57.1,true
VTK017347,VTK017347|MLB28470439,MLB7311573318,"[""MLB7314819908"",""MLB7311573318""]",73.86,55.75,true
VTK018384,VTK018384|MLB22770488,MLB7239001698,"[""MLB4942204541"",""MLB7239001698""]",73.13,55.47,true
VTK012169,VTK012169|MLB23198670,MLB7111652398,"[""MLB7316880226"",""MLB7111652398""]",72.2,56.28,true
VTK023354,VTK023354|MLB39642690,MLB7332781300,"[""MLB7332781300"",""MLB5005540513""]",70.49,54.86,true
VTK012535,VTK012535|MLB62818650,MLB4857622923,"[""MLB4857622923"",""MLB7313979402""]",77.08,59.88,true
VTK012085,VTK012085|MLB47703265,MLB7111651766,"[""MLB7111651766"",""MLB4988012017""]",75.3,59.61,true
VTK013012,VTK013012|MLB27121200,MLB7227857914,"[""MLB7330395094"",""MLB7227857914""]",338.31,277.19,true
VTK000086,VTK000086|MLB15233409,MLB7111709552,"[""MLB7111709552"",""MLB7149327760""]",75.36,60.17,true
VTK019104,VTK019104|MLB38739305,MLB7332777862,"[""MLB5005542765"",""MLB7332777862""]",198.75,155.81,true
VTK012253,VTK012253|MLB24157301,MLB7111663188,"[""MLB7111663188"",""MLB4898611575""]",77.04,61.57,true
VTK012419,VTK012419|MLB42006938,MLB7111709620,"[""MLB7111709620"",""MLB4880580805""]",76.34,61.02,true
VTK012395,VTK012395|MLB27976031,MLB7111652216,"[""MLB7157760832"",""MLB7111652216""]",90.38,65.38,true
VTK012610,VTK012610|MLB24600521,MLB7111710242,"[""MLB7111710242"",""MLB4880579709""]",76.6,62.02,true
VTK000761,VTK000761|MLB61083906,MLB4857626069,"[""MLB4857626069"",""MLB7149338638""]",32.51,26.2,true
VTK012280,VTK012280|MLB35655731,MLB7111657460,"[""MLB7111657460"",""MLB4880582965""]",161.76,134.32,true
VTK017861,VTK017861|MLB26409892,MLB7238823730,"[""MLB7238823730"",""MLB4942182987""]",249.72,209.45,true
VTK012673,VTK012673|MLB21618575,MLB7111644302,"[""MLB4880587199"",""MLB7111644302""]",225.14,178.8,true
VTK000278,VTK000278|MLB23774138,MLB7086975852,"[""MLB4852431659"",""MLB7086975852""]",193.68,155.87,true
VTK018451,VTK018451|MLB22595787,MLB7286156942,"[""MLB4971957217"",""MLB7286156942""]",208.13,164.11,true
VTK001131,VTK001131|MLB68935558,MLB4847396967,"[""MLB4880525767"",""MLB4847396967""]",213.98,169.17,true
VTK018179,VTK018179|MLB22400147,MLB7238802910,"[""MLB4942205025"",""MLB7238802910""]",211.06,165.4,true
VTK012666,VTK012666|MLB53774696,MLB4857541521,"[""MLB4880632729"",""MLB4857541521""]",220.09,173.14,true
VTK000499,VTK000499|MLB18380694,MLB4841992283,"[""MLB4841992283"",""MLB7095328008""]",208.94,163.75,true
VTK017349,VTK017349|MLB51915199,MLB7331728896,"[""MLB7331728896"",""MLB5005543193""]",200.8,160.42,true
VTK017214,VTK017214|MLB36639774,MLB7331721376,"[""MLB7331721376"",""MLB7339960260""]",204.55,162.83,true
VTK012077,VTK012077|MLB25871327,MLB7111648906,"[""MLB4880586295"",""MLB7111648906""]",118.88,94.99,true
VTK017181,VTK017181|MLB6162297,MLB4981311607,"[""MLB4981702355"",""MLB4981311607""]",88.14,64.53,true
VTK018643,VTK018643|MLB27398842,MLB4937558181,"[""MLB4942213135"",""MLB4937558181""]",75.62,62.18,true
VTK017345,VTK017345|MLB38736114,MLB4994950929,"[""MLB4994950929"",""MLB5005542855""]",81.11,58.45,true
VTK017537,VTK017537|MLB19474779,MLB7239023352,"[""MLB7239023352"",""MLB7247345856""]",85.96,61.98,true
VTK009688,VTK009688|MLB21393103,MLB4772970809,"[""MLB7192786804"",""MLB4772970809""]",62.43,52.09,true
VTK012811,VTK012811|MLB24286362,MLB7111649260,"[""MLB7149367142"",""MLB7111649260""]",95.07,81.1,true
VTK018526,VTK018526|MLB22707216,MLB4981290407,"[""MLB4981290407"",""MLB7313980660""]",86.99,65.58,true
VTK017606,VTK017606|MLB35060993,MLB4994951981,"[""MLB4994951981"",""MLB5005553293""]",91.47,70.97,true
VTK017218,VTK017218|MLB46421583,MLB4937546181,"[""MLB7381238864"",""MLB4937546181""]",78.27,67.08,true
VTK000627,VTK000627|MLB27113288,MLB7087121826,"[""MLB7104350446"",""MLB7087121826""]",101.04,84.85,true
VTK012200,VTK012200|MLB24593774,MLB7381755840,"[""MLB7381755840"",""MLB7400500962""]",95.8,83.22,true
VTK001707,VTK001707|MLB25256983,MLB7331721088,"[""MLB7331721088"",""MLB5005553223""]",90.25,69.7,true
VTK001157,VTK001157|MLB36086380,MLB7239025646,"[""MLB4942182145"",""MLB7239025646""]",89.8,71.03,true
VTK017389,VTK017389|MLB36745737,MLB4981360153,"[""MLB4981360153"",""MLB7314820690""]",93.78,81.46,true
VTK000541,VTK000541|MLB19807417,MLB4841993159,"[""MLB4841993159"",""MLB7298177172""]",118.39,104.66,true
VTK002473,VTK002473|MLB70179317,MLB7111661812,"[""MLB4880582379"",""MLB7111661812""]",94.64,83.43,true
VTK006301,VTK006301|MLB39929827,MLB6565496964,"[""MLB6565496964"",""MLB4621151913""]",119.85,106.08,true
VTK012526,VTK012526|MLB23009418,MLB7111664270,"[""MLB4880563817"",""MLB7111664270""]",63,56.34,true
VTK012608,VTK012608|MLB23022390,MLB7111709928,"[""MLB4880579851"",""MLB7111709928""]",63,56.34,true
VTK012429,VTK012429|MLB66545754,MLB7111649042,"[""MLB7317385518"",""MLB7111649042""]",102.95,88.88,true
VTK012193,VTK012193|MLB22908463,MLB7111661936,"[""MLB7111661936"",""MLB4880564265""]",92.77,82.65,true
VTK001035,VTK001035|MLB21435137,MLB7087130184,"[""MLB7087130184"",""MLB7095325368""]",115.2,103.39,true
VTK001818,VTK001818|MLB24118613,MLB7111664264,"[""MLB4880563851"",""MLB7111664264""]",82.58,66.19,true
VTK000367,VTK000367|MLB23055399,MLB7087038554,"[""MLB7087038554"",""MLB7101696502""]",113.23,101.42,true
VTK012165,VTK012165|MLB25951626,MLB7111710188,"[""MLB4880561835"",""MLB7111710188""]",57,51.26,true
VTK000399,VTK000399|MLB70090803,MLB7111708266,"[""MLB7111708266"",""MLB7314824296""]",80.8,64.56,true
VTK000505,VTK000505|MLB19675702,MLB7009337154,"[""MLB7149264172"",""MLB7009337154""]",115.65,104.66,true
VTK012426,VTK012426|MLB28374362,MLB7111651960,"[""MLB7149332484"",""MLB7111651960""]",63,57.09,true
VTK012538,VTK012538|MLB25951807,MLB7111664224,"[""MLB4880563883"",""MLB7111664224""]",63,57.09,true
VTK017221,VTK017221|MLB74922157,MLB4937384547,"[""MLB7298177250"",""MLB4937384547""]",63,56.64,true
VTK012428,VTK012428|MLB24311607,MLB7111649586,"[""MLB4882855415"",""MLB7111649586""]",85.56,70.26,true
VTK000009,VTK000009|MLB21348828,MLB4772557417,"[""MLB4772557417"",""MLB4786778733""]",115.06,104.65,true
VTK000390,VTK000390|MLB25516654,MLB4841998927,"[""MLB4841998927"",""MLB7095340348""]",119.53,109.01,true
VTK012491,VTK012491|MLB27389089,MLB4857541933,"[""MLB7149405296"",""MLB4857541933""]",145.5,131.83,true
VTK017329,VTK017329|MLB36002261,MLB4937480137,"[""MLB4981702537"",""MLB4937480137""]",64,57.93,true
VTK012105,VTK012105|MLB29349007,MLB7111716030,"[""MLB4880526015"",""MLB7111716030""]",25.94,23.69,true
VTK012368,VTK012368|MLB22742946,MLB7111651800,"[""MLB4880585645"",""MLB7111651800""]",69,63.1,true
VTK012516,VTK012516|MLB27578504,MLB7111658060,"[""MLB7149329698"",""MLB7111658060""]",107.82,95.65,true
VTK012347,VTK012347|MLB36425561,MLB7111708152,"[""MLB4880581029"",""MLB7111708152""]",70,64.4,true
VTK012438,VTK012438|MLB24911012,MLB7111661928,"[""MLB7313979446"",""MLB7111661928""]",89.33,82.06,true
VTK012788,VTK012788|MLB25233515,MLB7111649230,"[""MLB4880586031"",""MLB7111649230""]",91.6,84.8,true
VTK012296,VTK012296|MLB24347328,MLB7111661598,"[""MLB4880582419"",""MLB7111661598""]",89.68,83.15,true
VTK012566,VTK012566|MLB39929514,MLB7111649152,"[""MLB7111649152"",""MLB7149333140""]",97.74,90.57,true
VTK018239,VTK018239|MLB26849182,MLB4937384359,"[""MLB4942184227"",""MLB4937384359""]",69,63.72,true
VTK012125,VTK012125|MLB22619152,MLB7111657728,"[""MLB4880565027"",""MLB7111657728""]",129.44,117.16,true
VTK000474,VTK000474|MLB27376303,MLB4842009627,"[""MLB4842009627"",""MLB7095391988""]",144.48,133.32,true
VTK012560,VTK012560|MLB27728295,MLB7111706684,"[""MLB7317387488"",""MLB7111706684""]",115.07,107.05,true
VTK001736,VTK001736|MLB32422506,MLB7239009906,"[""MLB4942204387"",""MLB7239009906""]",67,62.1,true
VTK000010,VTK000010|MLB21478839,MLB7076175412,"[""MLB7086773016"",""MLB7076175412""]",131.7,122.88,true
VTK003981,VTK003981|MLB22338422,MLB7111645008,"[""MLB7320341490"",""MLB7111645008""]",131.71,122.31,true
VTK001796,VTK001796|MLB21618608,MLB7111712036,"[""MLB7111712036"",""MLB7316881314""]",53,49.47,true
VTK000036,VTK000036|MLB21618567,MLB7076429362,"[""MLB7076429362"",""MLB7108545962""]",146.05,136.37,true
VTK000050,VTK000050|MLB23132963,MLB7111661992,"[""MLB7111661992"",""MLB4880564181""]",74,69.18,true
VTK017604,VTK017604|MLB24799244,MLB7239070138,"[""MLB4942204073"",""MLB7239070138""]",64,59.51,true
VTK003175,VTK003175|MLB32266157,MLB7111650726,"[""MLB7111650726"",""MLB7151451832""]",67.68,63.03,true
VTK000041,VTK000041|MLB21868235,MLB7009323242,"[""MLB7009323242"",""MLB4801143851""]",131.13,122.31,true
VTK012494,VTK012494|MLB26714215,MLB7111706810,"[""MLB7111706810"",""MLB7149328342""]",97.22,91.21,true
VTK012679,VTK012679|MLB26714213,MLB4857542181,"[""MLB7149374692"",""MLB4857542181""]",135.34,126.42,true
VTK012394,VTK012394|MLB21794269,MLB4857636689,"[""MLB4857636689"",""MLB7149338064""]",45,42.32,true
VTK018723,VTK018723|MLB50745398,MLB4981290435,"[""MLB4981290435"",""MLB7313273036""]",109.17,102.46,true
VTK012004,VTK012004|MLB23160283,MLB7111661840,"[""MLB4880564363"",""MLB7111661840""]",78.9,74.25,true
VTK001738,VTK001738|MLB21701538,MLB7111662740,"[""MLB4880564099"",""MLB7111662740""]",65,61.27,true
VTK017328,VTK017328|MLB35155590,MLB7285976274,"[""MLB7285976274"",""MLB4971957747""]",72,67.53,true
VTK000004,VTK000004|MLB21604990,MLB6955942282,"[""MLB6955942282"",""MLB4786776935""]",126.26,116.68,true
VTK017945,VTK017945|MLB21551509,MLB4937479947,"[""MLB4981702571"",""MLB4937479947""]",78.9,74.67,true
VTK012202,VTK012202|MLB38354413,MLB7111661784,"[""MLB7111661784"",""MLB7400501212""]",78.9,74.85,true
VTK000213,VTK000213|MLB33654106,MLB4857637265,"[""MLB4857637265"",""MLB7149337698""]",35.74,34.08,true
VTK005540,VTK005540|MLB36024781,MLB4857542091,"[""MLB4880632595"",""MLB4857542091""]",133.77,127.59,true
