sku,pricing_group_id,current_price,supplier_cost,fee_amount,shipping_amount,tax_rate,current_profit,current_margin_pct,experimental_price,experimental_profit,experimental_margin_pct,target_margin_pct,price_band
VTK012344,VTK012344|MLB7111714880,45.17,4.09,3.09,12.95,0.082799,18.52,40.9959,23.76,1.66,7.0029,7.000000000000001,
VTK012481,VTK012481|MLB4857626123,45.77,5.04,2.97,12.95,0.082799,18.5,40.4149,24.74,1.73,7.0039,7.000000000000001,
VTK012271,VTK012271|MLB4857626107,46.1,4.85,3.23,12.95,0.082799,18.49,40.1084,24.82,1.74,7.0037,7.000000000000001,
VTK012412,VTK012412|MLB22343812,43.68,2.87,2.87,12.95,0.082799,18.56,42.5022,22.06,1.55,7.0066,7.000000000000001,BELOW_200
VTK012177,VTK012177|MLB39242918,43.82,2.98,2.89,12.95,0.082799,18.57,42.3668,22.22,1.56,7.0279,7.000000000000001,BELOW_200
VTK012109,VTK012109|MLB7111714706,46.43,5.59,3.06,12.95,0.082799,18.47,39.789,25.5,1.79,7.0142,7.000000000000001,BELOW_200
VTK012315,VTK012315|MLB4857638231,47.23,5.78,3.4,12.95,0.082799,18.45,39.0631,26.12,1.83,7.0126,7.000000000000001,BELOW_200
VTK012453,VTK012453|MLB4857625911,48.43,6.76,3.57,12.95,0.082799,18.41,38.0222,27.49,1.93,7.0213,7.000000000000001,BELOW_200
VTK012316,VTK012316|MLB20628909,48.61,6.91,3.6,12.95,0.082799,18.41,37.8643,27.7,1.95,7.0233,7.000000000000001,BELOW_200
VTK012207,VTK012207|MLB7111713960,48.65,7.43,3.36,12.95,0.082799,18.4,37.829,28.03,1.97,7.0123,7.000000000000001,BELOW_200
VTK012346,VTK012346|MLB54220685,49.55,7.68,3.74,12.95,0.082799,18.38,37.0854,28.77,2.02,7.0135,7.000000000000001,BELOW_200
VTK012028,VTK012028|MLB16236951,46.93,6.13,3.78,12.95,0.082799,17.39,37.0638,26.98,1.89,7.001,7.000000000000001,BELOW_200
VTK000401,VTK000401|MLB4857625795,50.34,8.33,3.86,12.95,0.082799,18.35,36.4476,29.68,2.08,7.022,7.000000000000001,BELOW_200
VTK012208,VTK012208|MLB26242562,50.46,7.43,3.61,14.45,0.082799,18.35,36.359,30.09,2.11,7.0049,7.000000000000001,BELOW_200
VTK012507,VTK012507|MLB75104651,50.61,8.55,3.9,12.95,0.082799,18.34,36.2384,29.98,2.1,7.0056,7.000000000000001,BELOW_200
VTK012298,VTK012298|MLB4857625759,51,8.87,3.96,12.95,0.082799,18.33,35.9358,30.43,2.13,7.0145,7.000000000000001,BELOW_200
VTK012345,VTK012345|MLB21465199,51.26,9.08,3.99,12.95,0.082799,18.32,35.7431,30.72,2.15,7.0079,7.000000000000001,BELOW_200
VTK002685,VTK002685|MLB4857625615,51.63,9.9,3.77,12.95,0.082799,18.31,35.4629,31.43,2.21,7.0189,7.000000000000001,BELOW_200
VTK012126,VTK012126|MLB36777223,52.57,10.95,3.75,12.95,0.082799,18.27,34.7569,32.65,2.29,7.0195,7.000000000000001,BELOW_200
VTK002430,VTK002430|MLB35749153,52.82,10.36,4.23,12.95,0.082799,18.27,34.5891,32.51,2.28,7.0191,7.000000000000001,BELOW_200
VTK012479,VTK012479|MLB4857637573,53.23,10.7,4.29,12.95,0.082799,18.25,34.2903,32.98,2.31,7.01,7.000000000000001,BELOW_200
VTK012452,VTK012452|MLB4857624913,53.3,10.76,4.3,12.95,0.082799,18.25,34.236,33.06,2.31,7.002,7.000000000000001,BELOW_200
VTK012451,VTK012451|MLB35276021,53.7,11.08,4.36,12.95,0.082799,18.24,33.9715,33.51,2.35,7.0102,7.000000000000001,BELOW_200
VTK000256,VTK000256|MLB22368278,52.26,10.5,4.25,12.95,0.082799,17.69,33.8483,32.7,2.29,7.0076,7.000000000000001,BELOW_200
VTK003140,VTK003140|MLB4857625235,54.66,10.97,4.5,13.85,0.082799,18.21,33.3121,34.61,2.43,7.0067,7.000000000000001,BELOW_200
VTK003606,VTK003606|MLB23159703,54.74,11.94,4.51,12.95,0.082799,18.2,33.2506,34.71,2.43,7.0117,7.000000000000001,BELOW_200
VTK003146,VTK003146|MLB7111713568,54.81,12.19,3.89,13.85,0.082799,18.2,33.2105,35.33,2.48,7.015,7.000000000000001,BELOW_200
VTK004180,VTK004180|MLB7111713682,55.1,12.23,4.56,12.95,0.082799,18.19,33.0214,35.11,2.46,7.0026,7.000000000000001,BELOW_200
VTK003190,VTK003190|MLB4857637411,55.29,10.89,4.59,14.45,0.082799,18.18,32.889,35.34,2.48,7.0166,7.000000000000001,BELOW_200
VTK000201,VTK000201|MLB4857637045,55.3,12.4,4.6,12.95,0.082799,18.18,32.8792,35.35,2.48,7.0086,7.000000000000001,BELOW_200
VTK000364,VTK000364|MLB7111713696,55.43,12.5,4.61,12.95,0.082799,18.18,32.8063,35.49,2.49,7.0098,7.000000000000001,BELOW_200
VTK012174,VTK012174|MLB39460659,55.55,12.6,4.63,12.95,0.082799,18.18,32.7255,35.63,2.5,7.0109,7.000000000000001,BELOW_200
VTK003650,VTK003650|MLB7111713532,55.91,12.9,4.69,12.95,0.082799,18.16,32.4851,36.05,2.53,7.0141,7.000000000000001,BELOW_200
VTK012104,VTK012104|MLB36351600,34.07,2.81,2.86,12.95,0.082799,11.06,32.4624,21.98,1.54,7.0186,7.000000000000001,BELOW_200
VTK012131,VTK012131|MLB7111713652,53.29,10.45,4.81,13.85,0.082799,17.12,32.1206,34.37,2.41,7.0189,7.000000000000001,BELOW_200
VTK000060,VTK000060|MLB20580728,56.5,13.38,4.77,12.95,0.082799,18.15,32.1183,36.72,2.58,7.0153,7.000000000000001,BELOW_200
VTK021130,VTK021130|MLB4965927843,56.35,10.7,6.38,12.95,0.082799,17.89,31.7503,35.45,2.48,7.0064,7.000000000000001,BELOW_200
VTK012433,VTK012433|MLB4857637065,57.12,13.89,4.87,12.95,0.082799,18.12,31.7313,37.43,2.62,7.0129,7.000000000000001,BELOW_200
VTK012012,VTK012012|MLB4857637259,57.26,14,4.89,12.95,0.082799,18.13,31.6541,37.58,2.63,7.0064,7.000000000000001,BELOW_200
VTK003622,VTK003622|MLB25948660,57.39,14.11,4.91,12.95,0.082799,18.12,31.569,37.74,2.65,7.019,7.000000000000001,BELOW_200
VTK002662,VTK002662|MLB7111713358,57.81,15.03,4.62,12.95,0.082799,18.11,31.3202,38.48,2.7,7.007,7.000000000000001,BELOW_200
VTK002681,VTK002681|MLB7111713364,57.81,15.03,4.62,12.95,0.082799,18.11,31.3202,38.48,2.7,7.007,7.000000000000001,BELOW_200
VTK002271,VTK002271|MLB22490340,57.87,14.5,4.98,12.95,0.082799,18.11,31.2862,38.28,2.68,7.0116,7.000000000000001,BELOW_200
VTK017397,VTK017397|MLB4981504717,58.67,11.9,6.47,13.85,0.082799,18.09,30.8305,38.03,2.67,7.0104,7.000000000000001,BELOW_200
VTK003213,VTK003213|MLB57351740,53.9,12.36,5.01,12.95,0.082799,16.58,30.7628,35.79,2.51,7.002,7.000000000000001,BELOW_200
VTK017244,VTK017244|MLB4994943971,55.46,10.91,6.44,12.95,0.082799,17.03,30.6981,35.77,2.51,7.0162,7.000000000000001,BELOW_200
VTK001624,VTK001624|MLB21603461,58.9,15.35,5.13,12.95,0.082799,18.07,30.6726,39.46,2.76,7.0019,7.000000000000001,BELOW_200
VTK001652,VTK001652|MLB4857624501,59.43,14.88,5.21,13.85,0.082799,18.05,30.3775,40.06,2.81,7.0027,7.000000000000001,BELOW_200
VTK017853,VTK017853|MLB32476732,61.19,14.5,6.64,12.95,0.082799,18.58,30.3598,40.24,2.82,7.0044,7.000000000000001,BELOW_200
VTK012068,VTK012068|MLB20312085,57.96,12.5,5.45,15.05,0.082799,17.5,30.1873,38.96,2.73,7.0065,7.000000000000001,BELOW_200
VTK012106,VTK012106|MLB7111713032,59.76,16.05,5.26,12.95,0.082799,18.04,30.1927,40.44,2.83,7.0089,7.000000000000001,BELOW_200
VTK017708,VTK017708|MLB32224655,56.64,13.53,5.7,12.95,0.082799,16.97,29.9687,37.99,2.67,7.0175,7.000000000000001,BELOW_200
VTK022016,VTK022016|MLB38302545,59.28,12.99,7,12.95,0.082799,17.76,29.9617,38.88,2.72,7.002,7.000000000000001,BELOW_200
VTK001675,VTK001675|MLB4857624429,60.23,16.44,5.33,12.95,0.082799,18.02,29.9238,40.98,2.87,7.0022,7.000000000000001,BELOW_200
VTK000175,VTK000175|MLB4857624323,60.48,16.64,5.36,12.95,0.082799,18.02,29.7948,41.26,2.89,7.0042,7.000000000000001,BELOW_200
VTK017185,VTK017185|MLB4981504493,56.99,11.2,6.76,13.85,0.082799,16.96,29.765,37.55,2.63,7.009,7.000000000000001,BELOW_200
VTK012478,VTK012478|MLB28360869,61.23,17.26,5.48,12.95,0.082799,17.99,29.3815,42.13,2.95,7.0135,7.000000000000001,BELOW_200
VTK001860,VTK001860|MLB4877412775,61.33,16.44,5.49,13.85,0.082799,17.99,29.3315,42.24,2.96,7.0108,7.000000000000001,BELOW_200
VTK017193,VTK017193|MLB4937565215,59.82,14.57,6.66,12.95,0.082799,17.48,29.2154,40.35,2.83,7.0169,7.000000000000001,BELOW_200
VTK002227,VTK002227|MLB4857623595,61.56,17.53,5.52,12.95,0.082799,17.98,29.2074,42.5,2.98,7.0025,7.000000000000001,BELOW_200
VTK012476,VTK012476|MLB57293772,61.74,17.1,4.96,14.45,0.082799,17.98,29.1187,43.09,3.02,7.0013,7.000000000000001,BELOW_200
VTK001841,VTK001841|MLB4857624377,61.95,17.85,5.58,12.95,0.082799,17.97,29.0026,42.95,3.01,7.0088,7.000000000000001,BELOW_200
VTK001623,VTK001623|MLB4857636589,62.09,17.96,5.6,12.95,0.082799,17.97,28.9375,43.1,3.02,7.0032,7.000000000000001,BELOW_200
VTK002509,VTK002509|MLB4857624333,62.22,18.07,5.62,12.95,0.082799,17.96,28.8647,43.26,3.03,7.0141,7.000000000000001,BELOW_200
VTK000054,VTK000054|MLB54675306,60.58,12.5,7.35,14.75,0.082799,17.41,28.7383,40.85,2.86,7.0126,7.000000000000001,BELOW_200
VTK017608,VTK017608|MLB4981461191,62.58,14.99,7.24,13.85,0.082799,17.92,28.6351,42.59,2.98,7.0047,7.000000000000001,BELOW_200
VTK002099,VTK002099|MLB4857624313,62.96,17.78,5.73,13.85,0.082799,17.93,28.4819,44.11,3.09,7.013,7.000000000000001,BELOW_200
VTK012532,VTK012532|MLB4857623587,63.12,19.44,5.35,12.95,0.082799,17.93,28.4051,44.55,3.13,7.0153,7.000000000000001,BELOW_200
VTK012402,VTK012402|MLB63263826,63.13,19.45,5.35,12.95,0.082799,17.93,28.3974,44.56,3.12,7.0091,7.000000000000001,BELOW_200
VTK004830,VTK004830|MLB74554980,63.27,19.56,5.37,12.95,0.082799,17.93,28.3371,44.71,3.13,7.0071,7.000000000000001,BELOW_200
VTK006576,VTK006576|MLB4857635801,63.27,19.56,5.37,12.95,0.082799,17.93,28.3371,44.71,3.13,7.0071,7.000000000000001,BELOW_200
VTK012480,VTK012480|MLB4857623523,63.27,19.56,5.37,12.95,0.082799,17.93,28.3371,44.71,3.13,7.0071,7.000000000000001,BELOW_200
VTK012575,VTK012575|MLB7111712262,63.27,19.56,5.37,12.95,0.082799,17.93,28.3371,44.71,3.13,7.0071,7.000000000000001,BELOW_200
VTK017267,VTK017267|MLB4981460951,59.81,15.5,6.62,12.95,0.082799,16.84,28.1528,41.4,2.9,7.0003,7.000000000000001,BELOW_200
VTK018130,VTK018130|MLB7311575302,59.35,13.9,6.97,13.85,0.082799,16.6,27.9636,40.98,2.87,7.0041,7.000000000000001,BELOW_200
VTK017959,VTK017959|MLB7332760652,64.22,16.5,7.95,12.95,0.082799,17.89,27.8621,44.14,3.09,7.0006,7.000000000000001,BELOW_200
VTK001640,VTK001640|MLB7111712174,64.36,20.47,5.52,12.95,0.082799,17.89,27.7934,45.96,3.22,7.0047,7.000000000000001,BELOW_200
VTK017269,VTK017269|MLB7331728308,60.69,15.9,6.98,12.95,0.082799,16.8,27.6834,42.29,2.96,7.0007,7.000000000000001,BELOW_200
VTK003173,VTK003173|MLB4857623663,64.96,19.42,6.03,13.85,0.082799,17.87,27.504,46.39,3.25,7.0021,7.000000000000001,BELOW_200
VTK017173,VTK017173|MLB4966054577,59.17,12.9,7.38,14.45,0.082799,16.27,27.4974,41,2.88,7.0128,7.000000000000001,BELOW_200
VTK005703,VTK005703|MLB4857635847,65.07,19.56,5.61,14.45,0.082799,17.86,27.4533,46.77,3.28,7.0025,7.000000000000001,BELOW_200
VTK012044,VTK012044|MLB7111711972,61.43,14.95,8.07,12.95,0.082799,16.77,27.3026,42.46,2.98,7.0112,7.000000000000001,BELOW_200
VTK018118,VTK018118|MLB36922061,61.73,14.9,7.76,13.85,0.082799,16.76,27.1463,43.1,3.02,7.0148,7.000000000000001,BELOW_200
VTK017885,VTK017885|MLB4981504807,61.84,16.5,7.39,12.95,0.082799,16.76,27.0972,43.49,3.05,7.0034,7.000000000000001,BELOW_200
VTK001490,VTK001490|MLB22319205,61.83,19.9,5.16,12.95,0.082799,16.75,27.0906,44.87,3.14,7.0086,7.000000000000001,BELOW_200
VTK017751,VTK017751|MLB7311573580,57.94,13.2,7.3,13.85,0.082799,15.66,27.0339,40.55,2.84,7.0123,7.000000000000001,BELOW_200
VTK017576,VTK017576|MLB54493374,65.06,17.9,7.39,13.85,0.082799,17.51,26.919,46.21,3.24,7.012,7.000000000000001,BELOW_200
VTK001621,VTK001621|MLB7111712014,66.26,21.38,6.22,12.95,0.082799,17.83,26.9091,47.87,3.35,7.005,7.000000000000001,BELOW_200
VTK001628,VTK001628|MLB21618565,61.9,14.74,6.92,13.85,0.082799,17.97,29.0327,41.91,2.93,7.0025,7.000000000000001,BELOW_200
VTK002101,VTK002101|MLB4857623367,66.56,20.73,6.27,13.85,0.082799,17.82,26.767,48.22,3.38,7.0071,7.000000000000001,BELOW_200
VTK018376,VTK018376|MLB27679084,67.59,20.9,7.28,12.95,0.082799,18.01,26.6387,48.56,3.41,7.0125,7.000000000000001,BELOW_200
VTK003102,VTK003102|MLB7111711922,67.13,22.77,5.89,12.95,0.082799,17.8,26.5099,49.12,3.44,7.0002,7.000000000000001,BELOW_200
VTK003191,VTK003191|MLB4857623165,67.13,22.77,5.89,12.95,0.082799,17.8,26.5099,49.12,3.44,7.0002,7.000000000000001,BELOW_200
VTK012076,VTK012076|MLB19605921,67.35,26.3,6.58,6.95,0.082799,17.79,26.4209,47.02,3.29,7.0055,7.000000000000001,BELOW_200
VTK012331,VTK012331|MLB7111714826,22,5,1.67,5.65,0.082799,5.8,26.3565,14.55,1.02,7.0242,7.000000000000001,BELOW_200
VTK017456,VTK017456|MLB7332785636,66.35,18.5,8.49,12.95,0.082799,17.46,26.3199,47.14,3.3,7.0039,7.000000000000001,BELOW_200
VTK002875,VTK002875|MLB35892706,63.21,18.67,6.44,13.85,0.082799,16.61,26.2725,45.99,3.22,7.0091,7.000000000000001,BELOW_200
VTK001211,VTK001211|MLB4857623001,67.68,21.65,6.44,13.85,0.082799,17.78,26.2674,49.5,3.47,7.0029,7.000000000000001,BELOW_200
VTK018063,VTK018063|MLB36263019,66.55,19.99,7.67,12.95,0.082799,17.45,26.2235,47.94,3.36,7.0092,7.000000000000001,BELOW_200
VTK018502,VTK018502|MLB4981360557,60.69,14.99,7.78,13.85,0.082799,15.9,26.1999,43.23,3.03,7.0072,7.000000000000001,BELOW_200
VTK018231,VTK018231|MLB7239066650,63.99,18.2,7.82,12.95,0.082799,16.66,26.0406,46,3.22,7.0027,7.000000000000001,BELOW_200
VTK018264,VTK018264|MLB7332135346,63.15,16.9,7.72,13.85,0.082799,16.44,26.0265,45.41,3.18,7.0037,7.000000000000001,BELOW_200
VTK017224,VTK017224|MLB65281622,64.62,17.38,7.7,14.45,0.082799,16.78,25.9629,46.66,3.27,7.0032,7.000000000000001,BELOW_200
VTK004143,VTK004143|MLB4857635323,68.56,23.27,6.57,12.95,0.082799,17.75,25.8905,50.51,3.54,7.0115,7.000000000000001,BELOW_200
VTK002207,VTK002207|MLB23218281,68.6,28,6.57,8.25,0.082799,17.75,25.8775,50.55,3.54,7.0089,7.000000000000001,BELOW_200
VTK000016,VTK000016|MLB4937561455,64.42,17.9,8.32,12.95,0.082799,16.64,25.8312,46.24,3.24,7.003,7.000000000000001,BELOW_200
VTK017346,VTK017346|MLB4994951319,68.67,19.8,8.45,13.85,0.082799,17.66,25.7176,49.69,3.48,7.0002,7.000000000000001,BELOW_200
VTK012309,VTK012309|MLB19546567,65.43,25.9,6.48,6.85,0.082799,16.8,25.6798,46.31,3.24,7.001,7.000000000000001,BELOW_200
VTK000317,VTK000317|MLB7111652126,69.84,29.02,6.76,8.25,0.082799,17.71,25.3553,51.97,3.64,7.0056,7.000000000000001,BELOW_200
VTK000462,VTK000462|MLB4981359145,62.63,16.5,8.19,13.85,0.082799,15.82,25.2609,45.49,3.19,7.0021,7.000000000000001,BELOW_200
VTK001438,VTK001438|MLB21441961,67.96,23.5,5.87,13.85,0.082799,17.17,25.2613,51.02,3.58,7.0135,7.000000000000001,BELOW_200
VTK002225,VTK002225|MLB7111664056,70.13,29.26,6.8,8.25,0.082799,17.7,25.2337,52.31,3.67,7.013,7.000000000000001,BELOW_200
VTK012373,VTK012373|MLB4857635077,70.23,24.79,6.07,13.85,0.082799,17.7,25.2009,52.78,3.7,7.0106,7.000000000000001,BELOW_200
VTK012529,VTK012529|MLB44377216,70.44,25.87,6.1,12.95,0.082799,17.69,25.1094,53.02,3.71,7.0024,7.000000000000001,BELOW_200
VTK012548,VTK012548|MLB39188360,70.44,25.87,6.1,12.95,0.082799,17.69,25.1094,53.02,3.71,7.0024,7.000000000000001,BELOW_200
VTK004940,VTK004940|MLB4937552207,69.29,19.9,9.11,13.85,0.082799,17.33,25.0118,50.59,3.54,7.0073,7.000000000000001,BELOW_200
VTK001408,VTK001408|MLB4857635189,68.68,23.5,5.96,14.45,0.082799,17.15,24.9638,51.84,3.64,7.0141,7.000000000000001,BELOW_200
VTK012810,VTK012810|MLB44380576,71.74,26.95,6.27,12.95,0.082799,17.65,24.6026,54.5,3.82,7.0091,7.000000000000001,BELOW_200
VTK000019,VTK000019|MLB66334588,67.28,24.5,5.88,12.95,0.082799,16.52,24.5572,51.15,3.58,7.0041,7.000000000000001,BELOW_200
VTK012115,VTK012115|MLB26003341,67.37,21.99,7.1,13.85,0.082799,16.52,24.5213,50.68,3.55,7.0019,7.000000000000001,BELOW_200
VTK012098,VTK012098|MLB66065494,67.44,22.95,7.11,12.95,0.082799,16.51,24.4876,50.77,3.56,7.0091,7.000000000000001,BELOW_200
VTK017592,VTK017592|MLB34493962,64.31,19.1,7.67,13.85,0.082799,15.75,24.4839,47.95,3.36,7.0027,7.000000000000001,BELOW_200
VTK017162,VTK017162|MLB22546817,70.7,21.7,8.92,13.85,0.082799,17.28,24.4372,52.5,3.68,7.0058,7.000000000000001,BELOW_200
VTK018566,VTK018566|MLB7332762800,70.71,21.9,9.4,12.95,0.082799,17.28,24.4343,52.24,3.66,7.0088,7.000000000000001,BELOW_200
VTK012657,VTK012657|MLB36208220,72.44,26.64,6.36,13.85,0.082799,17.62,24.3256,55.3,3.87,7.0013,7.000000000000001,BELOW_200
VTK018385,VTK018385|MLB7332100906,66.95,20.9,8.5,12.95,0.082799,16.18,24.16,49.99,3.5,7.0066,7.000000000000001,BELOW_200
VTK001491,VTK001491|MLB23275555,68.24,21.9,8.43,12.95,0.082799,16.48,24.1503,51.09,3.58,7.0071,7.000000000000001,BELOW_200
VTK012651,VTK012651|MLB4857635575,68.24,21,8.43,13.85,0.082799,16.48,24.1503,51.09,3.58,7.0071,7.000000000000001,BELOW_200
VTK012908,VTK012908|MLB21714902,74.65,25.2,9.23,12.95,0.082799,18,24.1149,55.93,3.92,7.0098,7.000000000000001,BELOW_200
VTK017239,VTK017239|MLB23048734,70.88,21.9,8.79,14.45,0.082799,16.97,23.9362,53.29,3.73,7.0084,7.000000000000001,BELOW_200
VTK003188,VTK003188|MLB7111710272,73.51,26.43,7.3,13.85,0.082799,17.59,23.9248,56.17,3.94,7.0092,7.000000000000001,BELOW_200
VTK012680,VTK012680|MLB39282016,73.68,27.67,6.52,13.85,0.082799,17.59,23.8683,56.71,3.97,7.0055,7.000000000000001,BELOW_200
VTK017371,VTK017371|MLB7332095162,68.91,19.9,9.27,14.45,0.082799,16.45,23.8725,51.49,3.61,7.0081,7.000000000000001,BELOW_200
VTK012620,VTK012620|MLB7111711526,73.89,26.14,7.36,14.45,0.082799,17.58,23.7871,56.6,3.97,7.0063,7.000000000000001,BELOW_200
VTK000275,VTK000275|MLB23666530,73.53,22.9,9.92,13.85,0.082799,17.46,23.7405,55.09,3.86,7.0111,7.000000000000001,BELOW_200
VTK017819,VTK017819|MLB4981461981,66.14,19.9,8.47,13.85,0.082799,15.67,23.692,49.84,3.49,7.0034,7.000000000000001,BELOW_200
VTK018075,VTK018075|MLB7238889012,72.56,22.45,9.79,13.85,0.082799,17.19,23.6925,54.41,3.81,7.0044,7.000000000000001,BELOW_200
VTK000008,VTK000008|MLB7111664504,74.17,32.57,7.4,8.25,0.082799,17.57,23.6844,56.92,3.99,7.0054,7.000000000000001,BELOW_200
VTK012683,VTK012683|MLB24275598,74.2,33.81,6.59,8.15,0.082799,17.56,23.6702,57.31,4.01,7.0043,7.000000000000001,BELOW_200
VTK012153,VTK012153|MLB22707352,74.33,28,7.42,12.95,0.082799,17.56,23.6279,57.1,4,7.0038,7.000000000000001,BELOW_200
VTK017347,VTK017347|MLB28470439,73.86,23.9,9.48,13.85,0.082799,17.44,23.6099,55.75,3.91,7.0071,7.000000000000001,BELOW_200
VTK018384,VTK018384|MLB22770488,73.13,23.99,9.15,13.85,0.082799,17.17,23.4766,55.47,3.88,7.003,7.000000000000001,BELOW_200
VTK017350,VTK017350|MLB7331797296,69.29,19.9,9.43,15.05,0.082799,16.13,23.2799,52.39,3.67,7.0089,7.000000000000001,BELOW_200
VTK012430,VTK012430|MLB7111650940,75.79,34,7.64,8.15,0.082799,17.51,23.1059,58.78,4.12,7.012,7.000000000000001,BELOW_200
VTK003286,VTK003286|MLB7111664044,76.13,34.18,7.69,8.25,0.082799,17.5,22.9865,59.17,4.15,7.0115,7.000000000000001,BELOW_200
VTK017342,VTK017342|MLB7331797086,71.32,23.99,9.27,12.95,0.082799,16.35,22.9254,54.55,3.82,7.0024,7.000000000000001,BELOW_200
VTK018090,VTK018090|MLB36507266,76.9,26.9,10,12.95,0.082799,17.61,22.8996,58.85,4.12,7.0056,7.000000000000001,BELOW_200
VTK017781,VTK017781|MLB7332773180,76.43,25.9,10.48,12.95,0.082799,17.49,22.8893,58.23,4.08,7.0019,7.000000000000001,BELOW_200
VTK001690,VTK001690|MLB64984251,77.09,30.26,7.83,12.95,0.082799,17.48,22.6687,60.25,4.22,7.0023,7.000000000000001,BELOW_200
VTK012169,VTK012169|MLB23198670,72.2,25.95,7.88,13.85,0.082799,16.31,22.5954,56.28,3.94,7.0023,7.000000000000001,BELOW_200
VTK009830,VTK009830|MLB4800980893,3064.09,1564.34,442.53,50.75,0.082799,689.72,22.5098,2681.98,402.3,15,15,ABOVE_1000
VTK005799,VTK005799|MLB7111708294,77.83,35.67,7.94,8.15,0.082799,17.45,22.4179,61.1,4.28,7.0016,7.000000000000001,BELOW_200
VTK000216,VTK000216|MLB5156958987,85.45,31.9,10.06,8.15,0.082799,19,22.2333,59.15,4.15,7.0109,7.000000000000001,BELOW_200
VTK017317,VTK017317|MLB4981496075,73.26,23.89,10.18,13.85,0.082799,16.27,22.2049,56.57,3.96,7.0063,7.000000000000001,BELOW_200
VTK003160,VTK003160|MLB7111709792,78.76,36.33,8.08,8.25,0.082799,17.42,22.1178,62.16,4.35,7.002,7.000000000000001,BELOW_200
VTK002189,VTK002189|MLB7111707350,78.79,36.36,8.09,8.25,0.082799,17.41,22.1012,62.21,4.36,7.0114,7.000000000000001,BELOW_200
VTK023354,VTK023354|MLB39642690,70.49,22.7,9.33,14.45,0.082799,15.52,22.0176,54.86,3.84,7.0023,7.000000000000001,BELOW_200
VTK012535,VTK012535|MLB62818650,77.08,27,10.78,12.95,0.082799,16.87,21.8908,59.88,4.19,7.0033,7.000000000000001,BELOW_200
VTK012085,VTK012085|MLB47703265,75.3,33.9,8.35,8.25,0.082799,16.37,21.744,59.61,4.18,7.0105,7.000000000000001,BELOW_200
VTK017910,VTK017910|MLB4937566873,2209.33,1127.9,352.38,21.65,0.082799,479.17,21.6885,1957.68,293.65,15.0001,15,ABOVE_1000
VTK019022,VTK019022|MLB7332764720,1202.98,603,191.97,23.25,0.082799,260.59,21.6619,1066.51,159.98,15.0005,15,ABOVE_1000
VTK018828,VTK018828|MLB7332789378,69.73,23.4,9.81,12.95,0.082799,15.06,21.5905,54.49,3.82,7.0106,7.000000000000001,BELOW_200
VTK018874,VTK018874|MLB7332777004,461.91,231.5,57.27,23.25,0.082799,99.63,21.5687,381.82,38.18,10.0002,10,FROM_200_TO_1000
VTK012352,VTK012352|MLB4857624695,80.54,17,4.14,9.35,0.082799,17.36,21.5536,35.99,2.52,7.0053,7.000000000000001,BELOW_200
VTK018282,VTK018282|MLB7331798958,379.33,174.7,55.92,23.25,0.082799,81.69,21.536,310.66,31.07,10.0009,10,FROM_200_TO_1000
VTK018421,VTK018421|MLB7332787672,421.89,199.95,58.94,24.45,0.082799,90.84,21.5309,346.73,34.68,10.0012,10,FROM_200_TO_1000
VTK005357,VTK005357|MLB7331721260,421.7,209.9,48.99,27.05,0.082799,90.8,21.5309,349.9,34.99,10.0008,10,FROM_200_TO_1000
VTK017892,VTK017892|MLB7332096712,346.06,159,51.03,21.65,0.082799,74.47,21.5182,283.51,28.35,10.001,10,FROM_200_TO_1000
VTK013012,VTK013012|MLB27121200,338.31,153.37,49.89,23.25,0.082799,72.78,21.5135,277.19,27.72,10.0021,10,FROM_200_TO_1000
VTK018829,VTK018829|MLB4937552987,419.72,199.9,57.04,25.55,0.082799,90.26,21.5057,345.68,34.57,10.0008,10,FROM_200_TO_1000
VTK012035,VTK012035|MLB7145207436,324.82,155,40.34,24.45,0.082799,69.75,21.4741,268.96,26.9,10.0001,10,FROM_200_TO_1000
VTK000086,VTK000086|MLB15233409,75.36,34.5,7.82,8.65,0.082799,16.17,21.4616,60.17,4.22,7.0066,7.000000000000001,BELOW_200
VTK018479,VTK018479|MLB45626741,286.25,125.2,42.27,24.45,0.082799,61.37,21.4406,234.86,23.49,10.0013,10,FROM_200_TO_1000
VTK017364,VTK017364|MLB7332095092,288.21,129.1,40.33,24.45,0.082799,61.8,21.443,237.26,23.73,10.0021,10,FROM_200_TO_1000
VTK012626,VTK012626|MLB49659681,199.34,84.9,26.67,21.35,0.082799,42.7,21.4192,156.9,10.99,7.0018,7.000000000000001,BELOW_200
VTK019104,VTK019104|MLB38739305,198.75,84.9,28.05,19.05,0.082799,42.57,21.4182,155.81,10.91,7.0042,7.000000000000001,BELOW_200
VTK018089,VTK018089|MLB4981496363,195.75,83.9,26.2,20.45,0.082799,41.91,21.4123,154.1,10.79,7.0043,7.000000000000001,BELOW_200
VTK018388,VTK018388|MLB4995166689,191.7,88.9,21.37,19.05,0.082799,41.04,21.4082,152.65,10.69,7.0028,7.000000000000001,BELOW_200
VTK017298,VTK017298|MLB7331728364,193.91,87.91,20.88,22.25,0.082799,41.52,21.4102,154.68,10.83,7.0021,7.000000000000001,BELOW_200
VTK017367,VTK017367|MLB7331728968,274.54,119.9,36.31,29.25,0.082799,58.73,21.3929,226.95,22.7,10.0008,10,FROM_200_TO_1000
VTK017933,VTK017933|MLB7432502048,51,21.9,4.52,6.85,0.082799,10.86,21.2985,39.27,2.75,7.009,7.000000000000001,BELOW_200
VTK001146,VTK001146|MLB4857530863,281.33,114.9,31.69,45.25,0.082799,59.91,21.2941,234.76,23.48,10.0015,10,FROM_200_TO_1000
VTK012253,VTK012253|MLB24157301,77.04,35.39,8.62,8.15,0.082799,16.34,21.204,61.57,4.31,7.0038,7.000000000000001,BELOW_200
VTK012419,VTK012419|MLB42006938,76.34,35,8.54,8.15,0.082799,16.18,21.1967,61.02,4.27,7.0056,7.000000000000001,BELOW_200
VTK012262,VTK012262|MLB33527832,70.8,33.57,6.57,8.25,0.082799,14.98,21.1523,57.12,4,7.0058,7.000000000000001,BELOW_200
VTK012245,VTK012245|MLB69816394,70.25,31.59,7.87,8.15,0.082799,14.86,21.1507,56.2,3.94,7.0084,7.000000000000001,BELOW_200
VTK017352,VTK017352|MLB27661698,94.33,34.9,11.75,8.65,0.082799,19.89,21.0857,65.28,4.57,7.0075,7.000000000000001,BELOW_200
VTK012395,VTK012395|MLB27976031,90.38,39.62,7.52,8.25,0.082799,19.03,21.0588,65.38,4.58,7.002,7.000000000000001,BELOW_200
VTK012541,VTK012541|MLB7111709930,88.84,39.62,7.5,8.15,0.082799,18.7,21.0463,65.25,4.57,7.0094,7.000000000000001,BELOW_200
VTK012610,VTK012610|MLB24600521,76.6,31.56,7.13,13.85,0.082799,16.04,20.9381,62.02,4.34,7.0018,7.000000000000001,BELOW_200
VTK000761,VTK000761|MLB61083906,32.51,5.84,3.41,12.95,0.082799,6.8,20.9225,26.2,1.83,7.0025,7.000000000000001,BELOW_200
VTK012280,VTK012280|MLB35655731,161.76,71.32,25.52,16.95,0.082799,33.73,20.8534,134.32,9.41,7.0039,7.000000000000001,BELOW_200
VTK003105,VTK003105|MLB20458119,66.7,25,7.51,12.95,0.082799,13.89,20.8235,53.67,3.76,7.0102,7.000000000000001,BELOW_200
VTK018424,VTK018424|MLB7332774856,251.6,114.9,35.87,21.65,0.082799,51.45,20.4474,210.99,21.1,10.0014,10,FROM_200_TO_1000
VTK017861,VTK017861|MLB26409892,249.72,113.9,35.61,21.65,0.082799,51.04,20.4393,209.45,20.95,10.003,10,FROM_200_TO_1000
VTK017610,VTK017610|MLB4994952001,253.48,122.1,30.05,23.25,0.082799,51.65,20.3783,214.64,21.47,10.0021,10,FROM_200_TO_1000
VTK019158,VTK019158|MLB7311698800,231.44,101.9,32.63,19.05,0.082799,47.07,20.3369,181.28,12.69,7.0001,7.000000000000001,BELOW_200
VTK012673,VTK012673|MLB21618575,225.14,106.5,25.93,19.05,0.082799,45.7,20.3,178.8,12.52,7.002,7.000000000000001,BELOW_200
VTK012916,VTK012916|MLB4937519569,227.3,102.5,26.19,24.35,0.082799,45.97,20.2249,180.65,12.65,7.0014,7.000000000000001,BELOW_200
VTK000278,VTK000278|MLB23774138,193.68,84.2,26.5,21.35,0.082799,39.17,20.223,155.87,10.92,7.0034,7.000000000000001,BELOW_200
VTK017968,VTK017968|MLB4981462239,255.27,121.3,30.36,25.55,0.082799,51.55,20.1928,216.85,21.69,10.0005,10,FROM_200_TO_1000
VTK002431,VTK002431|MLB17387038,221.85,99.95,28.03,20.45,0.082799,44.79,20.1871,175.21,12.27,7.0026,7.000000000000001,BELOW_200
VTK018451,VTK018451|MLB22595787,208.13,92.9,27.08,19.05,0.082799,42.01,20.1824,164.11,11.49,7.0037,7.000000000000001,BELOW_200
VTK018466,VTK018466|MLB7332762044,254.42,122.1,29.22,25.55,0.082799,51.36,20.1861,216.44,21.65,10.0026,10,FROM_200_TO_1000
VTK001131,VTK001131|MLB68935558,213.98,91.9,27.07,24.35,0.082799,43.08,20.1308,169.17,11.85,7.0022,7.000000000000001,BELOW_200
VTK018179,VTK018179|MLB22400147,211.06,89.9,29.77,20.45,0.082799,42.44,20.1098,165.4,11.58,7.0031,7.000000000000001,BELOW_200
VTK018659,VTK018659|MLB7239070270,209.51,92.24,27.26,20.45,0.082799,42.1,20.0962,165.19,11.57,7.0017,7.000000000000001,BELOW_200
VTK018344,VTK018344|MLB4981290297,223.52,99.95,28.24,21.35,0.082799,44.85,20.0651,176.52,12.36,7.0027,7.000000000000001,BELOW_200
VTK017599,VTK017599|MLB27070506,221.78,97.9,28.84,21.35,0.082799,44.47,20.0528,174.81,12.24,7.0032,7.000000000000001,BELOW_200
VTK012666,VTK012666|MLB53774696,220.09,95.9,29.43,21.35,0.082799,44.1,20.0379,173.14,12.12,7.0003,7.000000000000001,BELOW_200
VTK017575,VTK017575|MLB4994951959,220.09,95.9,29.43,21.35,0.082799,44.1,20.0379,173.14,12.12,7.0003,7.000000000000001,BELOW_200
VTK003936,VTK003936|MLB22785885,201.02,84.9,25.44,24.35,0.082799,40.26,20.0291,158.98,11.13,7.0008,7.000000000000001,BELOW_200
VTK017257,VTK017257|MLB4994909013,79.94,29.9,9.58,8.25,0.082799,15.98,19.9916,56.34,3.95,7.0062,7.000000000000001,BELOW_200
VTK017343,VTK017343|MLB7332094562,79.94,29.9,9.58,8.25,0.082799,15.98,19.9916,56.34,3.95,7.0062,7.000000000000001,BELOW_200
VTK000499,VTK000499|MLB18380694,208.94,87.9,29.48,21.35,0.082799,41.68,19.9487,163.75,11.47,7.0025,7.000000000000001,BELOW_200
VTK021397,VTK021397|MLB23083565,185.75,83.9,20.52,24.35,0.082799,37.04,19.9428,152,10.64,7.003,7.000000000000001,BELOW_200
VTK019526,VTK019526|MLB45966810,206.82,89.9,26.91,21.35,0.082799,41.22,19.9305,163.08,11.42,7.002,7.000000000000001,BELOW_200
VTK003138,VTK003138|MLB4981289061,80.19,30.2,10.35,8.15,0.082799,15.97,19.9104,57.48,4.02,7.0012,7.000000000000001,BELOW_200
VTK017283,VTK017283|MLB4994950779,204.34,89.9,22.04,26.35,0.082799,40.68,19.9104,163.23,11.43,7.0016,7.000000000000001,BELOW_200
VTK017229,VTK017229|MLB28723580,236.93,113.9,26.36,25.45,0.082799,47.16,19.9053,202.78,20.28,10.0003,10,FROM_200_TO_1000
VTK017349,VTK017349|MLB51915199,200.8,87.9,21.66,26.35,0.082799,39.92,19.8785,160.42,11.23,7.0008,7.000000000000001,BELOW_200
VTK012025,VTK012025|MLB16144736,32.32,5.75,3.7,12.95,0.082799,6.42,19.8612,26.45,1.86,7.0207,7.000000000000001,BELOW_200
VTK018520,VTK018520|MLB21618342,228.94,97.9,32.28,21.75,0.082799,45.42,19.8414,179.34,12.56,7.0032,7.000000000000001,BELOW_200
VTK017214,VTK017214|MLB36639774,204.55,92.9,22.8,22.25,0.082799,40.53,19.8125,162.83,11.4,7.0022,7.000000000000001,BELOW_200
VTK017552,VTK017552|MLB4937525717,80.57,29.9,9.32,8.65,0.082799,15.95,19.8025,56.51,3.96,7.0021,7.000000000000001,BELOW_200
VTK012049,VTK012049|MLB7276014356,30.93,4.97,3.55,12.95,0.082799,6.12,19.7828,25.34,1.77,7.0019,7.000000000000001,BELOW_200
VTK018345,VTK018345|MLB4981505455,220.85,95.9,29.53,21.75,0.082799,43.67,19.7733,173.73,12.16,7.0001,7.000000000000001,BELOW_200
VTK018637,VTK018637|MLB23774141,219.34,95.1,29.33,21.75,0.082799,43.34,19.7598,172.55,12.08,7.0006,7.000000000000001,BELOW_200
VTK003764,VTK003764|MLB21835569,66.88,29.7,7.69,9.15,0.082799,13.13,19.631,54.94,3.85,7.0066,7.000000000000001,BELOW_200
VTK012077,VTK012077|MLB25871327,118.88,54.22,13.3,12.95,0.082799,23.22,19.5354,94.99,6.66,7.0074,7.000000000000001,BELOW_200
VTK017186,VTK017186|MLB24431932,85.57,33.45,10.47,8.25,0.082799,16.64,19.4437,61.58,4.31,7.0033,7.000000000000001,BELOW_200
VTK017962,VTK017962|MLB26404747,85.57,33.45,10.47,8.25,0.082799,16.64,19.4437,61.58,4.31,7.0033,7.000000000000001,BELOW_200
VTK017181,VTK017181|MLB6162297,88.14,34.9,11.62,8.15,0.082799,17.13,19.4315,64.53,4.52,7.0069,7.000000000000001,BELOW_200
VTK021105,VTK021105|MLB7332781214,202.89,87.9,21.24,29.25,0.082799,39.37,19.4022,163.35,11.44,7.0029,7.000000000000001,BELOW_200
VTK018643,VTK018643|MLB27398842,75.62,28.9,9.33,14.45,0.082799,14.67,19.394,62.18,4.35,7.0031,7.000000000000001,BELOW_200
VTK012015,VTK012015|MLB37002392,85.79,38,8.37,8.15,0.082799,16.58,19.3309,64.35,4.51,7.0029,7.000000000000001,BELOW_200
VTK012017,VTK012017|MLB7111709754,85.79,38,8.37,8.15,0.082799,16.58,19.3309,64.35,4.51,7.0029,7.000000000000001,BELOW_200
VTK017812,VTK017812|MLB7311574210,57.22,11.95,7.96,19.75,0.082799,11.05,19.3199,46.82,3.28,7.014,7.000000000000001,BELOW_200
VTK017209,VTK017209|MLB27345235,80.87,31.9,10.06,8.15,0.082799,15.58,19.2607,59.15,4.15,7.0109,7.000000000000001,BELOW_200
VTK018952,VTK018952|MLB7332777148,65.63,18.6,9.15,17.85,0.082799,12.59,19.1815,53.83,3.77,7.0069,7.000000000000001,BELOW_200
VTK017345,VTK017345|MLB38736114,81.11,31.33,9.94,8.25,0.082799,15.43,19.018,58.45,4.09,7.0041,7.000000000000001,BELOW_200
VTK017537,VTK017537|MLB19474779,85.96,32.9,11.16,8.45,0.082799,16.02,18.6363,61.98,4.34,7.005,7.000000000000001,BELOW_200
VTK012024,VTK012024|MLB4857638613,29,4.22,3.4,12.95,0.082799,5.37,18.5132,24.28,1.7,7.0035,7.000000000000001,BELOW_200
VTK005078,VTK005078|MLB4994950619,81.33,31.9,10.08,8.25,0.082799,15.02,18.4678,59.29,4.15,7.0021,7.000000000000001,BELOW_200
VTK009688,VTK009688|MLB21393103,62.43,15.78,8.59,19.75,0.082799,11.43,18.3084,52.09,3.65,7.0112,7.000000000000001,BELOW_200
VTK012136,VTK012136|MLB7111707586,118.33,41.9,17.82,19.75,0.082799,21.3,18.0002,93.81,6.57,7.0022,7.000000000000001,BELOW_200
VTK018919,VTK018919|MLB7332789868,91.71,39.2,11.89,8.15,0.082799,16.38,17.8561,69.93,4.9,7.0095,7.000000000000001,BELOW_200
VTK012515,VTK012515|MLB7111707166,95.07,46.43,9.33,12.95,0.082799,16.89,17.7609,81.1,5.68,7.0019,7.000000000000001,BELOW_200
VTK012811,VTK012811|MLB24286362,95.07,46.43,9.33,12.95,0.082799,16.89,17.7609,81.1,5.68,7.0019,7.000000000000001,BELOW_200
VTK002570,VTK002570|MLB37817404,175.82,85.74,,,0.082799,30.98,17.6194,,,,,
VTK005071,VTK005071|MLB4937486417,80.71,31.5,10.72,8.25,0.082799,14.15,17.5313,59.58,4.17,7.0031,7.000000000000001,BELOW_200
VTK018526,VTK018526|MLB22707216,86.99,35.5,11.8,8.25,0.082799,14.78,16.9894,65.58,4.6,7.0077,7.000000000000001,BELOW_200
VTK017606,VTK017606|MLB35060993,91.47,39.91,12.06,8.15,0.082799,15.49,16.9307,70.97,4.97,7.0013,7.000000000000001,BELOW_200
VTK017218,VTK017218|MLB46421583,78.27,26.9,12.07,17.85,0.082799,12.95,16.5462,67.08,4.7,7.0087,7.000000000000001,BELOW_200
VTK000627,VTK000627|MLB27113288,101.04,47.9,11.03,12.95,0.082799,16.69,16.517,84.85,5.94,7.0053,7.000000000000001,BELOW_200
VTK012140,VTK012140|MLB7111651752,68.82,33.9,8.35,8.25,0.082799,11.34,16.4734,59.61,4.18,7.0105,7.000000000000001,BELOW_200
VTK012200,VTK012200|MLB24593774,95.8,45.9,11.65,12.95,0.082799,15.61,16.29,83.22,5.83,7.0039,7.000000000000001,BELOW_200
VTK001707,VTK001707|MLB25256983,90.25,38.95,11.85,8.25,0.082799,14.63,16.2159,69.7,4.88,7.0013,7.000000000000001,BELOW_200
VTK023619,VTK023619|MLB4981506115,64.67,23.1,9.5,14.75,0.082799,10.47,16.1922,55.9,3.92,7.0099,7.000000000000001,BELOW_200
VTK012351,VTK012351|MLB7111709972,85.54,37.05,7.35,9.75,0.082799,13.72,16.0396,63.92,4.48,7.0036,7.000000000000001,BELOW_200
VTK018148,VTK018148|MLB62620234,299,155.72,43.57,23.25,0.082799,47.43,15.8639,272.33,27.24,10.002,10,FROM_200_TO_1000
VTK001157,VTK001157|MLB36086380,89.8,39.95,12.08,8.15,0.082799,14.2,15.8114,71.03,4.97,7.0022,7.000000000000001,BELOW_200
VTK005769,VTK005769|MLB4857635919,42,13.9,4.43,12.95,0.082799,6.63,15.7915,36.93,2.59,7.015,7.000000000000001,BELOW_200
VTK017389,VTK017389|MLB36745737,93.78,39.9,14.66,14.45,0.082799,14.78,15.7653,81.46,5.7,7.0002,7.000000000000001,BELOW_200
VTK017521,VTK017521|MLB4966055261,92.63,39.9,14.5,13.85,0.082799,14.54,15.6935,80.57,5.65,7.0079,7.000000000000001,BELOW_200
VTK000541,VTK000541|MLB19807417,118.39,60,11.51,17.15,0.082799,18.41,15.5541,104.66,7.33,7.0052,7.000000000000001,BELOW_200
VTK012549,VTK012549|MLB7111708318,81.04,38.3,8.42,8.15,0.082799,12.54,15.4797,64.77,4.54,7.0048,7.000000000000001,BELOW_200
VTK002473,VTK002473|MLB70179317,94.64,45.15,11.68,13.85,0.082799,14.55,15.3786,83.43,5.84,7.0021,7.000000000000001,BELOW_200
VTK003684,VTK003684|MLB24720143,80.63,37.4,9.02,8.15,0.082799,12.32,15.2744,64.41,4.51,7.0013,7.000000000000001,BELOW_200
VTK006301,VTK006301|MLB39929827,119.85,58.43,13.79,17.65,0.082799,18.27,15.2408,106.08,7.43,7.0006,7.000000000000001,BELOW_200
VTK000385,VTK000385|MLB4841970055,119.04,60.66,13.71,14.95,0.082799,18.1,15.2036,105.43,7.38,7.0043,7.000000000000001,BELOW_200
VTK018069,VTK018069|MLB7332774174,277,140.9,43.43,24.45,0.082799,41.62,15.027,255.49,25.55,10.0013,10,FROM_200_TO_1000
VTK000366,VTK000366|MLB7111662524,83.72,40.5,8.82,8.15,0.082799,12.45,14.8763,67.84,4.75,7.0072,7.000000000000001,BELOW_200
VTK018795,VTK018795|MLB7332776554,118.04,47.8,17.74,22.85,0.082799,17.55,14.8675,104.33,7.31,7.0023,7.000000000000001,BELOW_200
VTK026047,VTK026047|MLB7432492832,89,43.9,10.31,12.95,0.082799,13.21,14.8437,79.27,5.55,7.0032,7.000000000000001,BELOW_200
VTK012526,VTK012526|MLB23009418,63,33,6.48,8.25,0.082799,9.29,14.7439,56.34,3.95,7.0039,7.000000000000001,BELOW_200
VTK012608,VTK012608|MLB23022390,63,33,6.48,8.25,0.082799,9.29,14.7439,56.34,3.95,7.0039,7.000000000000001,BELOW_200
VTK012429,VTK012429|MLB66545754,102.95,49.9,12.44,12.95,0.082799,15.16,14.7284,88.88,6.23,7.0068,7.000000000000001,BELOW_200
VTK012193,VTK012193|MLB22908463,92.77,44,11.57,14.45,0.082799,13.65,14.7148,82.65,5.79,7.0002,7.000000000000001,BELOW_200
VTK017539,VTK017539|MLB7381755980,91.93,45.9,10.67,12.95,0.082799,13.52,14.704,82.06,5.75,7.0043,7.000000000000001,BELOW_200
VTK012377,VTK012377|MLB7227306662,84.61,37,12.18,8.15,0.082799,12.42,14.6845,67.68,4.74,7.0091,7.000000000000001,BELOW_200
VTK012464,VTK012464|MLB7111652116,63,31.9,7.32,8.45,0.082799,9.24,14.6725,56.27,3.95,7.0123,7.000000000000001,BELOW_200
VTK003157,VTK003157|MLB4988488947,100.4,44.36,15.46,12.95,0.082799,14.7,14.6464,85.9,6.02,7.003,7.000000000000001,BELOW_200
VTK000449,VTK000449|MLB20610291,101.8,49.26,12.32,12.95,0.082799,14.91,14.6454,87.97,6.16,7.0028,7.000000000000001,BELOW_200
VTK003143,VTK003143|MLB7111651918,80.38,37.66,8.32,8.25,0.082799,11.77,14.637,64.02,4.49,7.0081,7.000000000000001,BELOW_200
VTK013051,VTK013051|MLB4930465949,84.02,35,12.5,8.25,0.082799,12.25,14.5792,65.81,4.61,7.0006,7.000000000000001,BELOW_200
VTK012839,VTK012839|MLB7432625408,142.74,70,16.61,21.65,0.082799,20.72,14.5124,127.79,8.95,7.0009,7.000000000000001,BELOW_200
VTK001035,VTK001035|MLB21435137,115.2,59.55,11.89,16.15,0.082799,16.71,14.5083,103.39,7.24,7.0022,7.000000000000001,BELOW_200
VTK001818,VTK001818|MLB24118613,82.58,39.22,8.6,8.25,0.082799,11.94,14.4551,66.19,4.63,7.0023,7.000000000000001,BELOW_200
VTK002262,VTK002262|MLB7111649682,81.32,38.43,8.46,8.25,0.082799,11.74,14.4309,65.09,4.56,7.004,7.000000000000001,BELOW_200
VTK012704,VTK012704|MLB7111662686,85.84,43.53,8.12,8.15,0.082799,12.38,14.4233,70.59,4.95,7.0086,7.000000000000001,BELOW_200
VTK012547,VTK012547|MLB7239571716,66,31.49,9.71,8.65,0.082799,9.51,14.4019,58.84,4.12,7.0012,7.000000000000001,BELOW_200
VTK000367,VTK000367|MLB23055399,113.23,56.77,14.2,14.95,0.082799,16.28,14.38,101.42,7.1,7.0043,7.000000000000001,BELOW_200
VTK012165,VTK012165|MLB25951626,57,29.08,5.89,8.45,0.082799,8.2,14.378,51.26,3.59,7.0051,7.000000000000001,BELOW_200
VTK000791,VTK000791|MLB22354707,115.84,56.9,13.51,17.65,0.082799,16.64,14.3641,103.95,7.28,7.0029,7.000000000000001,BELOW_200
VTK000399,VTK000399|MLB70090803,80.8,37.4,9.04,8.25,0.082799,11.55,14.2919,64.56,4.53,7.0107,7.000000000000001,BELOW_200
VTK012124,VTK012124|MLB38806334,86.77,43,9.27,8.15,0.082799,12.36,14.2393,71.32,4.99,7.0011,7.000000000000001,BELOW_200
VTK000505,VTK000505|MLB19675702,115.65,60,11.51,17.15,0.082799,16.2,14.0102,104.66,7.33,7.0052,7.000000000000001,BELOW_200
VTK000302,VTK000302|MLB70109117,116,61.91,12.07,14.95,0.082799,16.2,13.9615,104.98,7.36,7.0062,7.000000000000001,BELOW_200
VTK012426,VTK012426|MLB28374362,63,33.35,6.57,8.45,0.082799,8.74,13.8709,57.09,4,7.0024,7.000000000000001,BELOW_200
VTK012538,VTK012538|MLB25951807,63,33.35,6.57,8.45,0.082799,8.74,13.8709,57.09,4,7.0024,7.000000000000001,BELOW_200
VTK017221,VTK017221|MLB74922157,63,29.9,9.63,8.45,0.082799,8.72,13.8471,56.64,3.97,7.0118,7.000000000000001,BELOW_200
VTK012008,VTK012008|MLB24084250,62,32,7.3,8.25,0.082799,8.56,13.8007,56.13,3.94,7.0116,7.000000000000001,BELOW_200
VTK012365,VTK012365|MLB7111664408,62,32,7.3,8.25,0.082799,8.56,13.8007,56.13,3.94,7.0116,7.000000000000001,BELOW_200
VTK017872,VTK017872|MLB5034706797,106.58,49.99,15.8,12.95,0.082799,14.7,13.7893,92.95,6.51,7.0063,7.000000000000001,BELOW_200
VTK003616,VTK003616|MLB31256021,89.62,45.34,10.57,12.95,0.082799,12.26,13.6788,81.28,5.69,7.005,7.000000000000001,BELOW_200
VTK011999,VTK011999|MLB4857627437,25,3.69,2.61,12.95,0.082799,3.42,13.6601,22.73,1.59,7.0129,7.000000000000001,BELOW_200
VTK017645,VTK017645|MLB7311573484,62.77,18.6,9.63,19.75,0.082799,8.55,13.624,56.64,3.97,7.0118,7.000000000000001,BELOW_200
VTK012658,VTK012658|MLB42121979,85.5,43.14,8.07,8.25,0.082799,11.6,13.5651,70.19,4.92,7.0045,7.000000000000001,BELOW_200
VTK012428,VTK012428|MLB24311607,85.56,43.19,8.08,8.25,0.082799,11.6,13.5534,70.26,4.92,7.0063,7.000000000000001,BELOW_200
VTK002230,VTK002230|MLB7111661890,90.5,46.06,10.7,12.95,0.082799,12.23,13.5157,82.28,5.76,7.0016,7.000000000000001,BELOW_200
VTK012234,VTK012234|MLB7111662638,90.43,46,10.69,12.95,0.082799,12.24,13.5316,82.2,5.76,7.0048,7.000000000000001,BELOW_200
VTK001499,VTK001499|MLB4897325977,107.27,56.08,11.39,12.95,0.082799,14.49,13.504,94.93,6.65,7.0034,7.000000000000001,BELOW_200
VTK000009,VTK000009|MLB21348828,115.06,58.9,13.6,16.15,0.082799,15.53,13.4933,104.65,7.33,7.0049,7.000000000000001,BELOW_200
VTK000390,VTK000390|MLB25516654,119.53,62.16,12.54,17.65,0.082799,16.08,13.4503,109.01,7.64,7.0066,7.000000000000001,BELOW_200
VTK012717,VTK012717|MLB7111664026,66,34.84,7.81,8.25,0.082799,8.87,13.4322,60.09,4.21,7.011,7.000000000000001,BELOW_200
VTK017821,VTK017821|MLB5034759581,101.89,47.5,15.18,12.95,0.082799,13.68,13.4285,89.27,6.25,7.0042,7.000000000000001,BELOW_200
VTK012491,VTK012491|MLB27389089,145.5,70.88,21.75,19.05,0.082799,19.52,13.4125,131.83,9.23,7.0035,7.000000000000001,BELOW_200
VTK002219,VTK002219|MLB7111650126,83.93,40.37,8.85,8.45,0.082799,11.25,13.4038,68.08,4.77,7.0103,7.000000000000001,BELOW_200
VTK017837,VTK017837|MLB36159363,90.19,38.9,13.9,16.45,0.082799,12.04,13.3497,81.74,5.73,7.0054,7.000000000000001,BELOW_200
VTK017329,VTK017329|MLB36002261,64,30.5,10.43,8.15,0.082799,8.53,13.3295,57.93,4.06,7.0016,7.000000000000001,BELOW_200
VTK012323,VTK012323|MLB7111707118,91.65,47,10.87,12.95,0.082799,12.2,13.3082,83.59,5.85,7.001,7.000000000000001,BELOW_200
VTK012105,VTK012105|MLB29349007,25.94,3.14,3.08,13.85,0.082799,3.43,13.2228,23.69,1.66,7.0021,7.000000000000001,BELOW_200
VTK018171,VTK018171|MLB7285487582,152.76,68.1,24.21,21.65,0.082799,20.16,13.2003,134.52,9.42,7.0014,7.000000000000001,BELOW_200
VTK012368,VTK012368|MLB22742946,69,37,8.2,8.25,0.082799,9.07,13.1404,63.1,4.42,7.0085,7.000000000000001,BELOW_200
VTK012516,VTK012516|MLB27578504,107.82,56.18,11,13.85,0.082799,14.16,13.1361,95.65,6.7,7.0053,7.000000000000001,BELOW_200
VTK001847,VTK001847|MLB7111661560,93.57,49.51,10.31,12.95,0.082799,12.13,12.9679,85.9,6.02,7.0076,7.000000000000001,BELOW_200
VTK012720,VTK012720|MLB7111708162,71,38.44,8.46,8.25,0.082799,9.2,12.9595,65.11,4.56,7.0107,7.000000000000001,BELOW_200
VTK012727,VTK012727|MLB7111662596,71,38.44,8.46,8.25,0.082799,9.2,12.9595,65.11,4.56,7.0107,7.000000000000001,BELOW_200
VTK003109,VTK003109|MLB7111645478,108.41,54.45,12.49,14.45,0.082799,14.04,12.9513,96.07,6.73,7.0016,7.000000000000001,BELOW_200
VTK012441,VTK012441|MLB7111649590,86.04,43.19,9.1,14.75,0.082799,11.08,12.8793,79.14,5.55,7.0081,7.000000000000001,BELOW_200
VTK009697,VTK009697|MLB4773180493,112.6,53.07,16.99,17.15,0.082799,14.48,12.8578,102.94,7.21,7.0056,7.000000000000001,BELOW_200
VTK009697,VTK009697|MLB7210717968,112.6,53.07,16.99,17.15,0.082799,14.48,12.8578,102.94,7.21,7.0056,7.000000000000001,BELOW_200
VTK012347,VTK012347|MLB36425561,70,38.9,7.41,8.25,0.082799,9,12.863,64.4,4.51,7.0058,7.000000000000001,BELOW_200
VTK012438,VTK012438|MLB24911012,89.33,45,10.67,13.85,0.082799,11.47,12.8408,82.06,5.75,7.0043,7.000000000000001,BELOW_200
VTK012493,VTK012493|MLB24402672,89.44,46.43,9.47,13.85,0.082799,11.47,12.823,82.33,5.77,7.0026,7.000000000000001,BELOW_200
VTK003675,VTK003675|MLB7111661804,89.5,45.14,10.69,13.85,0.082799,11.46,12.8095,82.26,5.77,7.0085,7.000000000000001,BELOW_200
VTK012074,VTK012074|MLB4930415681,71,35,11.67,8.25,0.082799,9.09,12.8046,64.83,4.54,7.0072,7.000000000000001,BELOW_200
VTK012056,VTK012056|MLB7111649436,78.9,45,8.36,8.25,0.082799,10.04,12.7296,72.73,5.09,7.0041,7.000000000000001,BELOW_200
VTK012133,VTK012133|MLB7111708632,67,35.96,8.01,8.25,0.082799,8.53,12.735,61.65,4.32,7.0088,7.000000000000001,BELOW_200
VTK012442,VTK012442|MLB7111645502,109.26,56.18,11.6,17.65,0.082799,13.82,12.6473,100.84,7.06,7.0051,7.000000000000001,BELOW_200
VTK005803,VTK005803|MLB71699940,140.31,68.9,21.27,19.05,0.082799,17.59,12.5375,128.93,9.03,7.0048,7.000000000000001,BELOW_200
VTK018755,VTK018755|MLB7332776516,148.92,66.6,23.26,26.05,0.082799,18.62,12.5055,136.82,9.58,7.0034,7.000000000000001,BELOW_200
VTK012041,VTK012041|MLB4857542615,123.96,64,14.53,16.15,0.082799,15.43,12.4487,111.76,7.83,7.0039,7.000000000000001,BELOW_200
VTK012788,VTK012788|MLB25233515,91.6,48.24,9.75,13.85,0.082799,11.39,12.4363,84.8,5.94,7.0008,7.000000000000001,BELOW_200
VTK001809,VTK001809|MLB7111661794,91.96,47.16,11.06,13.85,0.082799,11.38,12.376,85.07,5.96,7.0027,7.000000000000001,BELOW_200
VTK002209,VTK002209|MLB7111661676,92.19,48.27,10.25,13.85,0.082799,11.37,12.3375,85.43,5.98,7.0056,7.000000000000001,BELOW_200
VTK012296,VTK012296|MLB24347328,89.68,46.43,9.56,14.45,0.082799,11.06,12.3343,83.15,5.82,7.003,7.000000000000001,BELOW_200
VTK012477,VTK012477|MLB7111648848,112.74,58,13.57,16.85,0.082799,13.9,12.3284,104.37,7.31,7.0041,7.000000000000001,BELOW_200
VTK012611,VTK012611|MLB4937865089,63,31.49,9.59,8.15,0.082799,7.75,12.2995,58.11,4.07,7.0046,7.000000000000001,BELOW_200
VTK012566,VTK012566|MLB39929514,97.74,52,11.77,12.95,0.082799,11.99,12.2683,90.57,6.35,7.0076,7.000000000000001,BELOW_200
VTK018239,VTK018239|MLB26849182,69,34.9,10.83,8.25,0.082799,8.41,12.1839,63.72,4.46,7.002,7.000000000000001,BELOW_200
VTK018650,VTK018650|MLB7238896344,69,34.9,10.83,8.25,0.082799,8.41,12.1839,63.72,4.46,7.002,7.000000000000001,BELOW_200
VTK012120,VTK012120|MLB69000973,114.45,60,13.8,16.15,0.082799,13.95,12.1845,106.18,7.44,7.0023,7.000000000000001,BELOW_200
VTK012125,VTK012125|MLB22619152,129.44,67.9,16.4,14.95,0.082799,15.75,12.1685,117.16,8.21,7.0048,7.000000000000001,BELOW_200
VTK000474,VTK000474|MLB27376303,144.48,69.9,24,19.05,0.082799,17.56,12.1545,133.32,9.33,7.0009,7.000000000000001,BELOW_200
VTK003124,VTK003124|MLB7111661280,93.32,48.27,11.26,13.85,0.082799,11.34,12.1534,86.62,6.07,7.0046,7.000000000000001,BELOW_200
VTK012710,VTK012710|MLB7111645336,114.77,61.41,12.8,16.15,0.082799,13.93,12.1415,106.66,7.47,7.0031,7.000000000000001,BELOW_200
VTK012560,VTK012560|MLB27728295,115.07,62.23,12.31,16.15,0.082799,13.93,12.105,107.05,7.5,7.002,7.000000000000001,BELOW_200
VTK012722,VTK012722|MLB7111708522,67,36.43,8.1,8.25,0.082799,8.06,12.0335,62.3,4.36,7.0026,7.000000000000001,BELOW_200
VTK012393,VTK012393|MLB22707637,66,35.89,7.98,8.15,0.082799,7.92,11.9928,61.41,4.3,7.0054,7.000000000000001,BELOW_200
VTK001736,VTK001736|MLB32422506,67,33.9,10.56,8.15,0.082799,8.01,11.9589,62.1,4.35,7.0067,7.000000000000001,BELOW_200
VTK000010,VTK000010|MLB21478839,131.7,71.82,14.13,18.15,0.082799,15.68,11.9057,122.88,8.6,7.0023,7.000000000000001,BELOW_200
VTK001084,VTK001084|MLB7111649168,94.83,49.51,11.49,13.85,0.082799,11.29,11.9058,88.35,6.19,7.0053,7.000000000000001,BELOW_200
VTK001122,VTK001122|MLB7258671368,131.71,65,19.57,19.05,0.082799,15.68,11.9057,122.31,8.56,7.0013,7.000000000000001,BELOW_200
VTK003981,VTK003981|MLB22338422,131.71,65,19.57,19.05,0.082799,15.68,11.9057,122.31,8.56,7.0013,7.000000000000001,BELOW_200
VTK001796,VTK001796|MLB21618608,53,23.27,5.69,12.95,0.082799,6.3,11.8805,49.47,3.46,7.004,7.000000000000001,BELOW_200
VTK000036,VTK000036|MLB21618567,146.05,82.9,15.68,16.95,0.082799,17.31,11.8531,136.37,9.55,7.0002,7.000000000000001,BELOW_200
VTK012497,VTK012497|MLB7111709592,65,35,7.29,9.15,0.082799,7.67,11.797,60.72,4.26,7.0093,7.000000000000001,BELOW_200
VTK000050,VTK000050|MLB23132963,74,42.5,7.96,8.15,0.082799,8.71,11.7742,69.18,4.85,7.0053,7.000000000000001,BELOW_200
VTK012615,VTK012615|MLB7111649692,71,40.46,7.63,8.15,0.082799,8.35,11.7553,66.39,4.65,7.0012,7.000000000000001,BELOW_200
VTK012254,VTK012254|MLB7111714512,31.89,8,3.43,13.85,0.082799,3.73,11.7033,29.85,2.1,7.0208,7.000000000000001,BELOW_200
VTK017604,VTK017604|MLB24799244,64,31.45,10.71,8.25,0.082799,7.48,11.6888,59.51,4.17,7.0086,7.000000000000001,BELOW_200
VTK017995,VTK017995|MLB4981462505,109.29,52.9,18.31,14.95,0.082799,12.72,11.6376,101.7,7.12,7.0043,7.000000000000001,BELOW_200
VTK017382,VTK017382|MLB4994951569,107.49,50.59,18.01,16.15,0.082799,12.5,11.6306,100.03,7,7.0001,7.000000000000001,BELOW_200
VTK003175,VTK003175|MLB32266157,67.68,33.8,11.35,8.25,0.082799,7.84,11.5895,63.03,4.42,7.0058,7.000000000000001,BELOW_200
VTK000041,VTK000041|MLB21868235,131.13,66.49,20.18,16.95,0.082799,15.2,11.5886,122.31,8.56,7,7.000000000000001,BELOW_200
VTK012052,VTK012052|MLB7111713604,38.77,11.8,5.08,13.85,0.082799,4.48,11.5607,36.27,2.54,7.0005,7.000000000000001,BELOW_200
VTK012494,VTK012494|MLB26714215,97.22,52.93,10.49,13.85,0.082799,11.21,11.5305,91.21,6.39,7.0044,7.000000000000001,BELOW_200
VTK012679,VTK012679|MLB26714213,135.34,68.09,20.86,18.15,0.082799,15.56,11.4991,126.42,8.85,7.003,7.000000000000001,BELOW_200
VTK003137,VTK003137|MLB7111649008,97.95,52.07,11.95,13.85,0.082799,11.19,11.4205,91.92,6.44,7.0056,7.000000000000001,BELOW_200
VTK012718,VTK012718|MLB7111649510,78,44.27,9.52,8.25,0.082799,8.88,11.3868,73.23,5.13,7.0009,7.000000000000001,BELOW_200
VTK012739,VTK012739|MLB7111649520,78,44.27,9.52,8.25,0.082799,8.88,11.3868,73.23,5.13,7.0009,7.000000000000001,BELOW_200
VTK012067,VTK012067|MLB7111714668,32,6.18,4.2,15.05,0.082799,3.64,11.3763,30.02,2.1,7.0006,7.000000000000001,BELOW_200
VTK012394,VTK012394|MLB21794269,45,18.03,4.87,12.95,0.082799,5.12,11.3757,42.32,2.97,7.0159,7.000000000000001,BELOW_200
VTK012460,VTK012460|MLB7111648658,121.68,58.67,18.27,16.85,0.082799,13.81,11.3476,110.71,7.76,7.0058,7.000000000000001,BELOW_200
VTK017213,VTK017213|MLB4937477631,72,37.4,11.46,8.25,0.082799,8.15,11.3173,67.41,4.72,7.0002,7.000000000000001,BELOW_200
VTK018723,VTK018723|MLB50745398,109.17,54.58,15.37,16.85,0.082799,12.33,11.29,102.46,7.18,7.0051,7.000000000000001,BELOW_200
VTK003874,VTK003874|MLB22742907,137.66,66.95,23.2,19.05,0.082799,15.48,11.2473,128.9,9.03,7.0017,7.000000000000001,BELOW_200
VTK012004,VTK012004|MLB23160283,78.9,45,9.65,8.25,0.082799,8.86,11.2296,74.25,5.2,7.0029,7.000000000000001,BELOW_200
VTK001738,VTK001738|MLB21701538,65,36.71,7.05,8.15,0.082799,7.28,11.2047,61.27,4.29,7.0032,7.000000000000001,BELOW_200
VTK017328,VTK017328|MLB35155590,72,36.9,12.16,8.15,0.082799,8.03,11.1507,67.53,4.73,7.009,7.000000000000001,BELOW_200
VTK012708,VTK012708|MLB4857542233,138.97,70.06,23.48,16.95,0.082799,15.44,11.1095,130.42,9.14,7.0049,7.000000000000001,BELOW_200
VTK026029,VTK026029|MLB5075857033,149,82.86,16.88,19.45,0.082799,16.47,11.0557,140.7,9.86,7.0051,7.000000000000001,BELOW_200
VTK000004,VTK000004|MLB21604990,126.26,70.48,13.42,14.95,0.082799,13.86,10.9741,116.68,8.17,7.0028,7.000000000000001,BELOW_200
VTK012744,VTK012744|MLB7111649808,71,39.97,8.72,8.15,0.082799,7.77,10.9455,67.1,4.7,7.0062,7.000000000000001,BELOW_200
VTK012747,VTK012747|MLB7111707868,71,39.97,8.72,8.15,0.082799,7.77,10.9455,67.1,4.7,7.0062,7.000000000000001,BELOW_200
VTK019071,VTK019071|MLB7332777766,107.41,47.8,17.21,20.75,0.082799,11.71,10.8992,101.23,7.09,7.003,7.000000000000001,BELOW_200
VTK000047,VTK000047|MLB29360695,141.09,71.9,22.61,18.15,0.082799,15.37,10.8956,132.98,9.31,7.0032,7.000000000000001,BELOW_200
VTK017945,VTK017945|MLB21551509,78.9,45.1,9.71,8.45,0.082799,8.56,10.8494,74.67,5.23,7.0046,7.000000000000001,BELOW_200
VTK000398,VTK000398|MLB37700643,141.85,71.9,22.1,19.45,0.082799,15.35,10.8211,133.91,9.38,7.0026,7.000000000000001,BELOW_200
VTK002336,VTK002336|MLB4857530991,126.44,66.83,15.17,16.85,0.082799,13.65,10.7986,116.68,8.17,7.0026,7.000000000000001,BELOW_200
VTK018513,VTK018513|MLB7285499326,107.7,52.73,17.29,16.15,0.082799,11.59,10.7647,101.72,7.13,7.0048,7.000000000000001,BELOW_200
VTK017331,VTK017331|MLB7332784730,123.53,60.9,20.46,14.95,0.082799,13.22,10.699,113.69,7.96,7.0036,7.000000000000001,BELOW_200
VTK009697,VTK009697|MLB4907843137,101,53.07,10.65,14.75,0.082799,10.8,10.6953,92.63,6.49,7.0041,7.000000000000001,BELOW_200
VTK018183,VTK018183|MLB7332099078,100.19,43.4,15.38,17.85,0.082799,10.71,10.6918,90.45,6.33,7.0031,7.000000000000001,BELOW_200
VTK018622,VTK018622|MLB7332775850,100.19,43.4,15.38,17.85,0.082799,10.71,10.6918,90.45,6.33,7.0031,7.000000000000001,BELOW_200
VTK019068,VTK019068|MLB7332777742,100.19,43.4,15.38,17.85,0.082799,10.71,10.6918,90.45,6.33,7.0031,7.000000000000001,BELOW_200
VTK012791,VTK012791|MLB7111707566,73,42.11,7.97,8.65,0.082799,7.8,10.6859,69.33,4.86,7.005,7.000000000000001,BELOW_200
VTK012202,VTK012202|MLB38354413,78.9,45.43,9.73,8.25,0.082799,8.43,10.6846,74.85,5.24,7.0033,7.000000000000001,BELOW_200
VTK001748,VTK001748|MLB23342418,130.6,72.9,14.3,18.15,0.082799,13.72,10.5034,124.36,8.71,7.0052,7.000000000000001,BELOW_200
VTK000213,VTK000213|MLB33654106,35.74,12,3.92,12.95,0.082799,3.72,10.4104,34.08,2.39,7.01,7.000000000000001,BELOW_200
VTK002090,VTK002090|MLB7111650240,94.9,38.91,11.76,25.95,0.082799,9.85,10.3745,90.44,6.33,7.004,7.000000000000001,BELOW_200
VTK012545,VTK012545|MLB4857541977,133.14,66.2,22.76,18.15,0.082799,13.8,10.3657,126.43,8.85,7.0033,7.000000000000001,BELOW_200
VTK012816,VTK012816|MLB7111657598,132.1,66.89,21.35,18.15,0.082799,13.67,10.3446,125.58,8.79,7.0023,7.000000000000001,BELOW_200
VTK012725,VTK012725|MLB7111661750,78.9,45.73,9.79,8.25,0.082799,8.13,10.3044,75.27,5.27,7.0049,7.000000000000001,BELOW_200
VTK018706,VTK018706|MLB7311575674,142.66,72.85,23.07,19.05,0.082799,14.7,10.3012,135.71,9.5,7.0022,7.000000000000001,BELOW_200
VTK017391,VTK017391|MLB24747787,46.74,15.9,7.34,14.45,0.082799,4.81,10.2864,44.49,3.12,7.0025,7.000000000000001,BELOW_200
VTK005540,VTK005540|MLB36024781,133.77,69.9,19.14,19.05,0.082799,13.68,10.2254,127.59,8.94,7.0046,7.000000000000001,BELOW_200
VTK017644,VTK017644|MLB7332095634,109.18,47.8,17.74,22.85,0.082799,10.93,10.0104,104.33,7.31,7.0023,7.000000000000001,BELOW_200
VTK017786,VTK017786|MLB4994952445,109.18,47.8,17.74,22.85,0.082799,10.93,10.0104,104.33,7.31,7.0023,7.000000000000001,BELOW_200
VTK018738,VTK018738|MLB7332776462,109.18,47.8,17.74,22.85,0.082799,10.93,10.0104,104.33,7.31,7.0023,7.000000000000001,BELOW_200
VTK018764,VTK018764|MLB7332789328,109.18,47.8,17.74,22.85,0.082799,10.93,10.0104,104.33,7.31,7.0023,7.000000000000001,BELOW_200
VTK000115,VTK000115|MLB34122303,94.36,50.5,11.77,14.45,0.082799,9.33,9.888,90.57,6.35,7.0076,7.000000000000001,BELOW_200
