sku,identidade_antes,identidade_depois,conflito_antes,conflito_depois,motivos_antes,motivos_depois,avisos,vinculo,fila,regra
VTK018924,IDENTIDADE_INCONCLUSIVA,IDENTIDADE_COHERENTE,PENDENCIA_VALIDACAO,SEM_CONFLITO,EVIDENCIA_IDENTIDADE_INCOMPLETA | CUSTOS_VARIAVEIS_NAO_INFORMADOS | TRIBUTO_ESTIMADO,,APRESENTACAO_NAO_EXPLICITA | CUSTOS_VARIAVEIS_NAO_INFORMADOS | TRIBUTO_ESTIMADO,NOVO_ANUNCIO_CANDIDATO,PRONTOS_PARA_ANALISE,M2M-IDENTITY-v2.1
VTK017284,IDENTIDADE_INCONCLUSIVA,IDENTIDADE_COHERENTE,PENDENCIA_VALIDACAO,SEM_CONFLITO,EVIDENCIA_IDENTIDADE_INCOMPLETA | CUSTOS_VARIAVEIS_NAO_INFORMADOS | TRIBUTO_ESTIMADO,,APRESENTACAO_NAO_EXPLICITA | CUSTOS_VARIAVEIS_NAO_INFORMADOS | TRIBUTO_ESTIMADO,NOVO_ANUNCIO_CANDIDATO,EXPLORATORIOS,M2M-IDENTITY-v2.1
VTK018779,IDENTIDADE_INCONCLUSIVA,IDENTIDADE_COHERENTE,PENDENCIA_VALIDACAO,SEM_CONFLITO,EVIDENCIA_IDENTIDADE_INCOMPLETA | CUSTOS_VARIAVEIS_NAO_INFORMADOS | TRIBUTO_ESTIMADO,,APRESENTACAO_NAO_EXPLICITA | CUSTOS_VARIAVEIS_NAO_INFORMADOS | TRIBUTO_ESTIMADO,NOVO_ANUNCIO_CANDIDATO,EXPLORATORIOS,M2M-IDENTITY-v2.1
VTK017675,IDENTIDADE_INCONCLUSIVA,IDENTIDADE_COHERENTE,PENDENCIA_VALIDACAO,SEM_CONFLITO,EVIDENCIA_IDENTIDADE_INCOMPLETA | CUSTOS_VARIAVEIS_NAO_INFORMADOS | TRIBUTO_ESTIMADO,,APRESENTACAO_NAO_EXPLICITA | CUSTOS_VARIAVEIS_NAO_INFORMADOS | TRIBUTO_ESTIMADO,NOVO_ANUNCIO_CANDIDATO,EXPLORATORIOS,M2M-IDENTITY-v2.1
VTK018412,IDENTIDADE_INCONCLUSIVA,IDENTIDADE_COHERENTE,PENDENCIA_VALIDACAO,SEM_CONFLITO,EVIDENCIA_IDENTIDADE_INCOMPLETA | CUSTOS_VARIAVEIS_NAO_INFORMADOS | TRIBUTO_ESTIMADO,,APRESENTACAO_NAO_EXPLICITA | CUSTOS_VARIAVEIS_NAO_INFORMADOS | TRIBUTO_ESTIMADO,NOVO_ANUNCIO_CANDIDATO,EXPLORATORIOS,M2M-IDENTITY-v2.1
VTK018343,IDENTIDADE_INCONCLUSIVA,IDENTIDADE_COHERENTE,PENDENCIA_VALIDACAO,SEM_CONFLITO,EVIDENCIA_IDENTIDADE_INCOMPLETA | CUSTOS_VARIAVEIS_NAO_INFORMADOS | TRIBUTO_ESTIMADO,,APRESENTACAO_NAO_EXPLICITA | CUSTOS_VARIAVEIS_NAO_INFORMADOS | TRIBUTO_ESTIMADO,NOVO_ANUNCIO_CANDIDATO,EXPLORATORIOS,M2M-IDENTITY-v2.1
VTK018405,IDENTIDADE_INCONCLUSIVA,IDENTIDADE_COHERENTE,PENDENCIA_VALIDACAO,SEM_CONFLITO,EVIDENCIA_IDENTIDADE_INCOMPLETA | CUSTOS_VARIAVEIS_NAO_INFORMADOS | TRIBUTO_ESTIMADO,,APRESENTACAO_NAO_EXPLICITA | CUSTOS_VARIAVEIS_NAO_INFORMADOS | TRIBUTO_ESTIMADO,NOVO_ANUNCIO_CANDIDATO,EXPLORATORIOS,M2M-IDENTITY-v2.1
VTK018564,IDENTIDADE_INCONCLUSIVA,IDENTIDADE_COHERENTE,PENDENCIA_VALIDACAO,SEM_CONFLITO,EVIDENCIA_IDENTIDADE_INCOMPLETA | CUSTOS_VARIAVEIS_NAO_INFORMADOS | TRIBUTO_ESTIMADO,,APRESENTACAO_NAO_EXPLICITA | CUSTOS_VARIAVEIS_NAO_INFORMADOS | TRIBUTO_ESTIMADO,NOVO_ANUNCIO_CANDIDATO,EXPLORATORIOS,M2M-IDENTITY-v2.1
VTK018402,IDENTIDADE_INCONCLUSIVA,IDENTIDADE_COHERENTE,PENDENCIA_VALIDACAO,SEM_CONFLITO,EVIDENCIA_IDENTIDADE_INCOMPLETA | CUSTOS_VARIAVEIS_NAO_INFORMADOS | TRIBUTO_ESTIMADO,,APRESENTACAO_NAO_EXPLICITA | CUSTOS_VARIAVEIS_NAO_INFORMADOS | TRIBUTO_ESTIMADO,NOVO_ANUNCIO_CANDIDATO,EXPLORATORIOS,M2M-IDENTITY-v2.1
VTK018538,IDENTIDADE_INCONCLUSIVA,IDENTIDADE_COHERENTE,PENDENCIA_VALIDACAO,SEM_CONFLITO,EVIDENCIA_IDENTIDADE_INCOMPLETA | CUSTOS_VARIAVEIS_NAO_INFORMADOS | TRIBUTO_ESTIMADO,,APRESENTACAO_NAO_EXPLICITA | CUSTOS_VARIAVEIS_NAO_INFORMADOS | TRIBUTO_ESTIMADO,NOVO_ANUNCIO_CANDIDATO,EXPLORATORIOS,M2M-IDENTITY-v2.1
VTK018319,IDENTIDADE_INCONCLUSIVA,IDENTIDADE_COHERENTE,PENDENCIA_VALIDACAO,SEM_CONFLITO,EVIDENCIA_IDENTIDADE_INCOMPLETA | CUSTOS_VARIAVEIS_NAO_INFORMADOS | TRIBUTO_ESTIMADO,,APRESENTACAO_NAO_EXPLICITA | CUSTOS_VARIAVEIS_NAO_INFORMADOS | TRIBUTO_ESTIMADO,NOVO_ANUNCIO_CANDIDATO,EXPLORATORIOS,M2M-IDENTITY-v2.1
VTK017249,IDENTIDADE_INCONCLUSIVA,IDENTIDADE_COHERENTE,PENDENCIA_VALIDACAO,SEM_CONFLITO,EVIDENCIA_IDENTIDADE_INCOMPLETA | CUSTOS_VARIAVEIS_NAO_INFORMADOS | TRIBUTO_ESTIMADO,,APRESENTACAO_NAO_EXPLICITA | CUSTOS_VARIAVEIS_NAO_INFORMADOS | TRIBUTO_ESTIMADO,NOVO_ANUNCIO_CANDIDATO,EXPLORATORIOS,M2M-IDENTITY-v2.1
VTK002091,IDENTIDADE_INCONCLUSIVA,IDENTIDADE_COHERENTE,PENDENCIA_VALIDACAO,SEM_CONFLITO,EVIDENCIA_IDENTIDADE_INCOMPLETA | CUSTOS_VARIAVEIS_NAO_INFORMADOS | TRIBUTO_ESTIMADO,,APRESENTACAO_NAO_EXPLICITA | CUSTOS_VARIAVEIS_NAO_INFORMADOS | TRIBUTO_ESTIMADO,NOVO_ANUNCIO_CANDIDATO,EXPLORATORIOS,M2M-IDENTITY-v2.1
VTK019530,IDENTIDADE_INCONCLUSIVA,IDENTIDADE_COHERENTE,PENDENCIA_VALIDACAO,SEM_CONFLITO,EVIDENCIA_IDENTIDADE_INCOMPLETA | CUSTOS_VARIAVEIS_NAO_INFORMADOS | TRIBUTO_ESTIMADO,,APRESENTACAO_NAO_EXPLICITA | CUSTOS_VARIAVEIS_NAO_INFORMADOS | TRIBUTO_ESTIMADO,NOVO_ANUNCIO_CANDIDATO,EXPLORATORIOS,M2M-IDENTITY-v2.1
VTK017289,IDENTIDADE_INCONCLUSIVA,IDENTIDADE_COHERENTE,PENDENCIA_VALIDACAO,SEM_CONFLITO,EVIDENCIA_IDENTIDADE_INCOMPLETA | CUSTOS_VARIAVEIS_NAO_INFORMADOS | TRIBUTO_ESTIMADO,,APRESENTACAO_NAO_EXPLICITA | CUSTOS_VARIAVEIS_NAO_INFORMADOS | TRIBUTO_ESTIMADO,NOVO_ANUNCIO_CANDIDATO,EXPLORATORIOS,M2M-IDENTITY-v2.1
VTK018318,IDENTIDADE_DIVERGENTE,IDENTIDADE_COHERENTE,CONFLITO_CONFIRMADO,SEM_CONFLITO,DIVERGENCIA_BRAND | CUSTOS_VARIAVEIS_NAO_INFORMADOS | TRIBUTO_ESTIMADO,,APRESENTACAO_NAO_EXPLICITA | CUSTOS_VARIAVEIS_NAO_INFORMADOS | TRIBUTO_ESTIMADO,NOVO_ANUNCIO_CANDIDATO,EXPLORATORIOS,M2M-IDENTITY-v2.1
VTK026044,IDENTIDADE_INCONCLUSIVA,IDENTIDADE_COHERENTE,PENDENCIA_VALIDACAO,SEM_CONFLITO,EVIDENCIA_IDENTIDADE_INCOMPLETA | CUSTOS_VARIAVEIS_NAO_INFORMADOS | TRIBUTO_ESTIMADO,,APRESENTACAO_NAO_EXPLICITA | CUSTOS_VARIAVEIS_NAO_INFORMADOS | TRIBUTO_ESTIMADO,NOVO_ANUNCIO_CANDIDATO,EXPLORATORIOS,M2M-IDENTITY-v2.1
VTK018303,IDENTIDADE_INCONCLUSIVA,IDENTIDADE_COHERENTE,PENDENCIA_VALIDACAO,SEM_CONFLITO,EVIDENCIA_IDENTIDADE_INCOMPLETA | CUSTOS_VARIAVEIS_NAO_INFORMADOS | TRIBUTO_ESTIMADO,,APRESENTACAO_NAO_EXPLICITA | CUSTOS_VARIAVEIS_NAO_INFORMADOS | TRIBUTO_ESTIMADO,NOVO_ANUNCIO_CANDIDATO,PRONTOS_PARA_ANALISE,M2M-IDENTITY-v2.1
VTK017481,IDENTIDADE_INCONCLUSIVA,IDENTIDADE_COHERENTE,PENDENCIA_VALIDACAO,SEM_CONFLITO,EVIDENCIA_IDENTIDADE_INCOMPLETA | CUSTOS_VARIAVEIS_NAO_INFORMADOS | TRIBUTO_ESTIMADO,,APRESENTACAO_NAO_EXPLICITA | CUSTOS_VARIAVEIS_NAO_INFORMADOS | TRIBUTO_ESTIMADO,NOVO_ANUNCIO_CANDIDATO,EXPLORATORIOS,M2M-IDENTITY-v2.1
VTK017628,IDENTIDADE_INCONCLUSIVA,IDENTIDADE_COHERENTE,PENDENCIA_VALIDACAO,SEM_CONFLITO,EVIDENCIA_IDENTIDADE_INCOMPLETA | CUSTOS_VARIAVEIS_NAO_INFORMADOS | TRIBUTO_ESTIMADO,,APRESENTACAO_NAO_EXPLICITA | CUSTOS_VARIAVEIS_NAO_INFORMADOS | TRIBUTO_ESTIMADO,NOVO_ANUNCIO_CANDIDATO,EXPLORATORIOS,M2M-IDENTITY-v2.1
VTK018081,IDENTIDADE_DIVERGENTE,IDENTIDADE_COHERENTE,CONFLITO_CONFIRMADO,SEM_CONFLITO,DIVERGENCIA_BRAND | CUSTOS_VARIAVEIS_NAO_INFORMADOS | TRIBUTO_ESTIMADO,,APRESENTACAO_NAO_EXPLICITA | CUSTOS_VARIAVEIS_NAO_INFORMADOS | TRIBUTO_ESTIMADO,NOVO_ANUNCIO_CANDIDATO,EXPLORATORIOS,M2M-IDENTITY-v2.1
VTK017877,IDENTIDADE_DIVERGENTE,IDENTIDADE_COHERENTE,CONFLITO_CONFIRMADO,SEM_CONFLITO,DIVERGENCIA_BRAND | CUSTOS_VARIAVEIS_NAO_INFORMADOS | TRIBUTO_ESTIMADO,,APRESENTACAO_NAO_EXPLICITA | CUSTOS_VARIAVEIS_NAO_INFORMADOS | TRIBUTO_ESTIMADO,NOVO_ANUNCIO_CANDIDATO,EXPLORATORIOS,M2M-IDENTITY-v2.1
VTK018404,IDENTIDADE_INCONCLUSIVA,IDENTIDADE_COHERENTE,PENDENCIA_VALIDACAO,SEM_CONFLITO,EVIDENCIA_IDENTIDADE_INCOMPLETA | CUSTOS_VARIAVEIS_NAO_INFORMADOS | TRIBUTO_ESTIMADO,,APRESENTACAO_NAO_EXPLICITA | CUSTOS_VARIAVEIS_NAO_INFORMADOS | TRIBUTO_ESTIMADO,NOVO_ANUNCIO_CANDIDATO,EXPLORATORIOS,M2M-IDENTITY-v2.1
VTK018562,IDENTIDADE_INCONCLUSIVA,IDENTIDADE_COHERENTE,PENDENCIA_VALIDACAO,SEM_CONFLITO,EVIDENCIA_IDENTIDADE_INCOMPLETA | CUSTOS_VARIAVEIS_NAO_INFORMADOS | TRIBUTO_ESTIMADO,,APRESENTACAO_NAO_EXPLICITA | CUSTOS_VARIAVEIS_NAO_INFORMADOS | TRIBUTO_ESTIMADO,NOVO_ANUNCIO_CANDIDATO,EXPLORATORIOS,M2M-IDENTITY-v2.1
VTK026052,IDENTIDADE_INCONCLUSIVA,IDENTIDADE_COHERENTE,PENDENCIA_VALIDACAO,SEM_CONFLITO,EVIDENCIA_IDENTIDADE_INCOMPLETA | CUSTOS_VARIAVEIS_NAO_INFORMADOS | TRIBUTO_ESTIMADO,,APRESENTACAO_NAO_EXPLICITA | CUSTOS_VARIAVEIS_NAO_INFORMADOS | TRIBUTO_ESTIMADO,NOVO_ANUNCIO_CANDIDATO,EXPLORATORIOS,M2M-IDENTITY-v2.1
VTK005849,IDENTIDADE_INCONCLUSIVA,IDENTIDADE_COHERENTE,PENDENCIA_VALIDACAO,SEM_CONFLITO,EVIDENCIA_IDENTIDADE_INCOMPLETA | CUSTOS_VARIAVEIS_NAO_INFORMADOS | TRIBUTO_ESTIMADO,,APRESENTACAO_NAO_EXPLICITA | CUSTOS_VARIAVEIS_NAO_INFORMADOS | TRIBUTO_ESTIMADO,NOVO_ANUNCIO_CANDIDATO,EXPLORATORIOS,M2M-IDENTITY-v2.1
VTK018417,IDENTIDADE_INCONCLUSIVA,IDENTIDADE_COHERENTE,PENDENCIA_VALIDACAO,SEM_CONFLITO,EVIDENCIA_IDENTIDADE_INCOMPLETA | CUSTOS_VARIAVEIS_NAO_INFORMADOS | TRIBUTO_ESTIMADO,,APRESENTACAO_NAO_EXPLICITA | CUSTOS_VARIAVEIS_NAO_INFORMADOS | TRIBUTO_ESTIMADO,NOVO_ANUNCIO_CANDIDATO,EXPLORATORIOS,M2M-IDENTITY-v2.1
VTK012894,IDENTIDADE_INCONCLUSIVA,IDENTIDADE_COHERENTE,PENDENCIA_VALIDACAO,SEM_CONFLITO,EVIDENCIA_IDENTIDADE_INCOMPLETA | CUSTOS_VARIAVEIS_NAO_INFORMADOS | TRIBUTO_ESTIMADO,,APRESENTACAO_NAO_EXPLICITA | CUSTOS_VARIAVEIS_NAO_INFORMADOS | TRIBUTO_ESTIMADO,NOVO_ANUNCIO_CANDIDATO,EXPLORATORIOS,M2M-IDENTITY-v2.1
VTK018798,IDENTIDADE_DIVERGENTE,IDENTIDADE_COHERENTE,CONFLITO_CONFIRMADO,SEM_CONFLITO,DIVERGENCIA_BRAND | CUSTOS_VARIAVEIS_NAO_INFORMADOS | TRIBUTO_ESTIMADO,,APRESENTACAO_NAO_EXPLICITA | CUSTOS_VARIAVEIS_NAO_INFORMADOS | TRIBUTO_ESTIMADO,NOVO_ANUNCIO_CANDIDATO,EXPLORATORIOS,M2M-IDENTITY-v2.1
VTK017306,IDENTIDADE_INCONCLUSIVA,IDENTIDADE_COHERENTE,PENDENCIA_VALIDACAO,SEM_CONFLITO,EVIDENCIA_IDENTIDADE_INCOMPLETA | CUSTOS_VARIAVEIS_NAO_INFORMADOS | TRIBUTO_ESTIMADO,,APRESENTACAO_NAO_EXPLICITA | CUSTOS_VARIAVEIS_NAO_INFORMADOS | TRIBUTO_ESTIMADO,NOVO_ANUNCIO_CANDIDATO,EXPLORATORIOS,M2M-IDENTITY-v2.1
VTK012944,IDENTIDADE_INCONCLUSIVA,IDENTIDADE_COHERENTE,PENDENCIA_VALIDACAO,SEM_CONFLITO,EVIDENCIA_IDENTIDADE_INCOMPLETA | CUSTOS_VARIAVEIS_NAO_INFORMADOS | TRIBUTO_ESTIMADO,,APRESENTACAO_NAO_EXPLICITA | CUSTOS_VARIAVEIS_NAO_INFORMADOS | TRIBUTO_ESTIMADO,NOVO_ANUNCIO_CANDIDATO,PRONTOS_PARA_ANALISE,M2M-IDENTITY-v2.1
VTK023554,IDENTIDADE_INCONCLUSIVA,IDENTIDADE_COHERENTE,PENDENCIA_VALIDACAO,SEM_CONFLITO,EVIDENCIA_IDENTIDADE_INCOMPLETA | CUSTOS_VARIAVEIS_NAO_INFORMADOS | TRIBUTO_ESTIMADO,,APRESENTACAO_NAO_EXPLICITA | CUSTOS_VARIAVEIS_NAO_INFORMADOS | TRIBUTO_ESTIMADO,NOVO_ANUNCIO_CANDIDATO,EXPLORATORIOS,M2M-IDENTITY-v2.1
VTK018671,IDENTIDADE_INCONCLUSIVA,IDENTIDADE_INCONCLUSIVA,PENDENCIA_VALIDACAO,PENDENCIA_VALIDACAO,EVIDENCIA_IDENTIDADE_INCOMPLETA | CUSTOS_VARIAVEIS_NAO_INFORMADOS | TRIBUTO_ESTIMADO,COMPOSICAO_KIT_NAO_COMPROVADA,CUSTOS_VARIAVEIS_NAO_INFORMADOS | TRIBUTO_ESTIMADO,NOVO_ANUNCIO_CANDIDATO,PENDENCIAS_IDENTIDADE,M2M-IDENTITY-v2.1
VTK018071,IDENTIDADE_INCONCLUSIVA,IDENTIDADE_INCONCLUSIVA,PENDENCIA_VALIDACAO,PENDENCIA_VALIDACAO,EVIDENCIA_IDENTIDADE_INCOMPLETA | CUSTOS_VARIAVEIS_NAO_INFORMADOS | TRIBUTO_ESTIMADO,EVIDENCIA_IDENTIDADE_INCOMPLETA,APRESENTACAO_NAO_EXPLICITA | CUSTOS_VARIAVEIS_NAO_INFORMADOS | TRIBUTO_ESTIMADO,NOVO_ANUNCIO_CANDIDATO,PENDENCIAS_IDENTIDADE,M2M-IDENTITY-v2.1
VTK018158,IDENTIDADE_INCONCLUSIVA,IDENTIDADE_INCONCLUSIVA,PENDENCIA_VALIDACAO,PENDENCIA_VALIDACAO,EVIDENCIA_IDENTIDADE_INCOMPLETA | CUSTOS_VARIAVEIS_NAO_INFORMADOS | TRIBUTO_ESTIMADO,EVIDENCIA_IDENTIDADE_INCOMPLETA,APRESENTACAO_NAO_EXPLICITA | CUSTOS_VARIAVEIS_NAO_INFORMADOS | TRIBUTO_ESTIMADO,NOVO_ANUNCIO_CANDIDATO,PENDENCIAS_IDENTIDADE,M2M-IDENTITY-v2.1
VTK017309,IDENTIDADE_INCONCLUSIVA,IDENTIDADE_DIVERGENTE,PENDENCIA_VALIDACAO,CONFLITO_CONFIRMADO,EVIDENCIA_IDENTIDADE_INCOMPLETA | CUSTOS_VARIAVEIS_NAO_INFORMADOS | TRIBUTO_ESTIMADO,DIVERGENCIA_ATRIBUTO_PINS_NUMBER,CUSTOS_VARIAVEIS_NAO_INFORMADOS | TRIBUTO_ESTIMADO,NOVO_ANUNCIO_CANDIDATO,CONFLITOS,M2M-IDENTITY-v2.1
VTK017612,IDENTIDADE_DIVERGENTE,IDENTIDADE_INCONCLUSIVA,CONFLITO_CONFIRMADO,PENDENCIA_VALIDACAO,DIVERGENCIA_BRAND | CUSTOS_VARIAVEIS_NAO_INFORMADOS | TRIBUTO_ESTIMADO,EVIDENCIA_IDENTIDADE_INCOMPLETA,APRESENTACAO_NAO_EXPLICITA | CUSTOS_VARIAVEIS_NAO_INFORMADOS | TRIBUTO_ESTIMADO,NOVO_ANUNCIO_CANDIDATO,PENDENCIAS_IDENTIDADE,M2M-IDENTITY-v2.1
VTK018515,IDENTIDADE_INCONCLUSIVA,IDENTIDADE_INCONCLUSIVA,PENDENCIA_VALIDACAO,PENDENCIA_VALIDACAO,EVIDENCIA_IDENTIDADE_INCOMPLETA | CUSTOS_VARIAVEIS_NAO_INFORMADOS | TRIBUTO_ESTIMADO,EVIDENCIA_IDENTIDADE_INCOMPLETA,APRESENTACAO_NAO_EXPLICITA | CUSTOS_VARIAVEIS_NAO_INFORMADOS | TRIBUTO_ESTIMADO,NOVO_ANUNCIO_CANDIDATO,PENDENCIAS_IDENTIDADE,M2M-IDENTITY-v2.1
VTK017680,IDENTIDADE_INCONCLUSIVA,IDENTIDADE_INCONCLUSIVA,PENDENCIA_VALIDACAO,PENDENCIA_VALIDACAO,EVIDENCIA_IDENTIDADE_INCOMPLETA | CUSTOS_VARIAVEIS_NAO_INFORMADOS | TRIBUTO_ESTIMADO,EVIDENCIA_IDENTIDADE_INCOMPLETA,APRESENTACAO_NAO_EXPLICITA | CUSTOS_VARIAVEIS_NAO_INFORMADOS | TRIBUTO_ESTIMADO,NOVO_ANUNCIO_CANDIDATO,PENDENCIAS_IDENTIDADE,M2M-IDENTITY-v2.1
VTK017308,IDENTIDADE_INCONCLUSIVA,IDENTIDADE_INCONCLUSIVA,PENDENCIA_VALIDACAO,PENDENCIA_VALIDACAO,EVIDENCIA_IDENTIDADE_INCOMPLETA | CUSTOS_VARIAVEIS_NAO_INFORMADOS | TRIBUTO_ESTIMADO,COMPOSICAO_KIT_NAO_COMPROVADA,CUSTOS_VARIAVEIS_NAO_INFORMADOS | TRIBUTO_ESTIMADO,NOVO_ANUNCIO_CANDIDATO,PENDENCIAS_IDENTIDADE,M2M-IDENTITY-v2.1
VTK017291,IDENTIDADE_INCONCLUSIVA,IDENTIDADE_INCONCLUSIVA,PENDENCIA_VALIDACAO,PENDENCIA_VALIDACAO,EVIDENCIA_IDENTIDADE_INCOMPLETA | CUSTOS_VARIAVEIS_NAO_INFORMADOS | TRIBUTO_ESTIMADO,EVIDENCIA_IDENTIDADE_INCOMPLETA,APRESENTACAO_NAO_EXPLICITA | CUSTOS_VARIAVEIS_NAO_INFORMADOS | TRIBUTO_ESTIMADO,NOVO_ANUNCIO_CANDIDATO,PENDENCIAS_IDENTIDADE,M2M-IDENTITY-v2.1
VTK018523,IDENTIDADE_INCONCLUSIVA,IDENTIDADE_INCONCLUSIVA,PENDENCIA_VALIDACAO,PENDENCIA_VALIDACAO,EVIDENCIA_IDENTIDADE_INCOMPLETA | CUSTOS_VARIAVEIS_NAO_INFORMADOS | TRIBUTO_ESTIMADO,ESCOPO_POTENCIA_RMS_NAO_COMPROVADO,CUSTOS_VARIAVEIS_NAO_INFORMADOS | TRIBUTO_ESTIMADO,NOVO_ANUNCIO_CANDIDATO,PENDENCIAS_IDENTIDADE,M2M-IDENTITY-v2.1
VTK018716,IDENTIDADE_INCONCLUSIVA,IDENTIDADE_INCONCLUSIVA,PENDENCIA_VALIDACAO,PENDENCIA_VALIDACAO,EVIDENCIA_IDENTIDADE_INCOMPLETA | CUSTOS_VARIAVEIS_NAO_INFORMADOS | TRIBUTO_ESTIMADO,EVIDENCIA_IDENTIDADE_INCOMPLETA,APRESENTACAO_NAO_EXPLICITA | CUSTOS_VARIAVEIS_NAO_INFORMADOS | TRIBUTO_ESTIMADO,NOVO_ANUNCIO_CANDIDATO,PENDENCIAS_IDENTIDADE,M2M-IDENTITY-v2.1
VTK005172,IDENTIDADE_INCONCLUSIVA,IDENTIDADE_COHERENTE,PENDENCIA_VALIDACAO,PENDENCIA_VALIDACAO,EVIDENCIA_IDENTIDADE_INCOMPLETA | CUSTOS_VARIAVEIS_NAO_INFORMADOS | TRIBUTO_ESTIMADO,REATIVACAO_CANDIDATA,APRESENTACAO_NAO_EXPLICITA | CUSTOS_VARIAVEIS_NAO_INFORMADOS | TRIBUTO_ESTIMADO,REATIVACAO_CANDIDATA,REATIVACOES,M2M-IDENTITY-v2.1
VTK017765,IDENTIDADE_INCONCLUSIVA,IDENTIDADE_INCONCLUSIVA,PENDENCIA_VALIDACAO,PENDENCIA_VALIDACAO,EVIDENCIA_IDENTIDADE_INCOMPLETA | CUSTOS_VARIAVEIS_NAO_INFORMADOS | TRIBUTO_ESTIMADO,EVIDENCIA_IDENTIDADE_INCOMPLETA,APRESENTACAO_NAO_EXPLICITA | CUSTOS_VARIAVEIS_NAO_INFORMADOS | TRIBUTO_ESTIMADO,NOVO_ANUNCIO_CANDIDATO,PENDENCIAS_IDENTIDADE,M2M-IDENTITY-v2.1
VTK018194,IDENTIDADE_INCONCLUSIVA,IDENTIDADE_INCONCLUSIVA,PENDENCIA_VALIDACAO,PENDENCIA_VALIDACAO,EVIDENCIA_IDENTIDADE_INCOMPLETA | CUSTOS_VARIAVEIS_NAO_INFORMADOS | TRIBUTO_ESTIMADO,EVIDENCIA_IDENTIDADE_INCOMPLETA,APRESENTACAO_NAO_EXPLICITA | CUSTOS_VARIAVEIS_NAO_INFORMADOS | TRIBUTO_ESTIMADO,NOVO_ANUNCIO_CANDIDATO,PENDENCIAS_IDENTIDADE,M2M-IDENTITY-v2.1
VTK003338,IDENTIDADE_DIVERGENTE,IDENTIDADE_INCONCLUSIVA,CONFLITO_CONFIRMADO,PENDENCIA_VALIDACAO,DIVERGENCIA_BRAND | CUSTOS_VARIAVEIS_NAO_INFORMADOS | TRIBUTO_ESTIMADO,EVIDENCIA_IDENTIDADE_INCOMPLETA,APRESENTACAO_NAO_EXPLICITA | CUSTOS_VARIAVEIS_NAO_INFORMADOS | TRIBUTO_ESTIMADO,NOVO_ANUNCIO_CANDIDATO,PENDENCIAS_IDENTIDADE,M2M-IDENTITY-v2.1
VTK018617,IDENTIDADE_INCONCLUSIVA,IDENTIDADE_INCONCLUSIVA,PENDENCIA_VALIDACAO,PENDENCIA_VALIDACAO,EVIDENCIA_IDENTIDADE_INCOMPLETA | CUSTOS_VARIAVEIS_NAO_INFORMADOS | TRIBUTO_ESTIMADO,COMPOSICAO_KIT_NAO_COMPROVADA,CUSTOS_VARIAVEIS_NAO_INFORMADOS | TRIBUTO_ESTIMADO,NOVO_ANUNCIO_CANDIDATO,PENDENCIAS_IDENTIDADE,M2M-IDENTITY-v2.1
VTK004080,IDENTIDADE_DIVERGENTE,IDENTIDADE_INCONCLUSIVA,CONFLITO_CONFIRMADO,PENDENCIA_VALIDACAO,DIVERGENCIA_BRAND | CUSTOS_VARIAVEIS_NAO_INFORMADOS | TRIBUTO_ESTIMADO,EQUIVALENCIA_MARCA_NAO_COMPROVADA | EVIDENCIA_IDENTIDADE_INCOMPLETA,APRESENTACAO_NAO_EXPLICITA | CUSTOS_VARIAVEIS_NAO_INFORMADOS | TRIBUTO_ESTIMADO,NOVO_ANUNCIO_CANDIDATO,PENDENCIAS_IDENTIDADE,M2M-IDENTITY-v2.1
VTK018810,IDENTIDADE_INCONCLUSIVA,IDENTIDADE_INCONCLUSIVA,PENDENCIA_VALIDACAO,PENDENCIA_VALIDACAO,EVIDENCIA_IDENTIDADE_INCOMPLETA | CUSTOS_VARIAVEIS_NAO_INFORMADOS | TRIBUTO_ESTIMADO,EVIDENCIA_IDENTIDADE_INCOMPLETA,APRESENTACAO_NAO_EXPLICITA | CUSTOS_VARIAVEIS_NAO_INFORMADOS | TRIBUTO_ESTIMADO,NOVO_ANUNCIO_CANDIDATO,PENDENCIAS_IDENTIDADE,M2M-IDENTITY-v2.1
VTK017722,IDENTIDADE_INCONCLUSIVA,IDENTIDADE_INCONCLUSIVA,PENDENCIA_VALIDACAO,PENDENCIA_VALIDACAO,EVIDENCIA_IDENTIDADE_INCOMPLETA | CUSTOS_VARIAVEIS_NAO_INFORMADOS | TRIBUTO_ESTIMADO,EVIDENCIA_IDENTIDADE_INCOMPLETA,APRESENTACAO_NAO_EXPLICITA | CUSTOS_VARIAVEIS_NAO_INFORMADOS | TRIBUTO_ESTIMADO,NOVO_ANUNCIO_CANDIDATO,PENDENCIAS_IDENTIDADE,M2M-IDENTITY-v2.1
VTK002644,IDENTIDADE_DIVERGENTE,IDENTIDADE_INCONCLUSIVA,CONFLITO_CONFIRMADO,PENDENCIA_VALIDACAO,DIVERGENCIA_BRAND | CUSTOS_VARIAVEIS_NAO_INFORMADOS | TRIBUTO_ESTIMADO,EQUIVALENCIA_MARCA_NAO_COMPROVADA | EVIDENCIA_IDENTIDADE_INCOMPLETA,APRESENTACAO_NAO_EXPLICITA | CUSTOS_VARIAVEIS_NAO_INFORMADOS | TRIBUTO_ESTIMADO,NOVO_ANUNCIO_CANDIDATO,PENDENCIAS_IDENTIDADE,M2M-IDENTITY-v2.1
VTK005761,IDENTIDADE_DIVERGENTE,IDENTIDADE_INCONCLUSIVA,CONFLITO_CONFIRMADO,PENDENCIA_VALIDACAO,DIVERGENCIA_BRAND | CUSTOS_VARIAVEIS_NAO_INFORMADOS | TRIBUTO_ESTIMADO,COR_DO_MODELO_NAO_COMPROVADA | EVIDENCIA_IDENTIDADE_INCOMPLETA,APRESENTACAO_NAO_EXPLICITA | CUSTOS_VARIAVEIS_NAO_INFORMADOS | TRIBUTO_ESTIMADO,NOVO_ANUNCIO_CANDIDATO,PENDENCIAS_IDENTIDADE,M2M-IDENTITY-v2.1
VTK017919,IDENTIDADE_INCONCLUSIVA,IDENTIDADE_INCONCLUSIVA,PENDENCIA_VALIDACAO,PENDENCIA_VALIDACAO,EVIDENCIA_IDENTIDADE_INCOMPLETA | CUSTOS_VARIAVEIS_NAO_INFORMADOS | TRIBUTO_ESTIMADO,EVIDENCIA_IDENTIDADE_INCOMPLETA,APRESENTACAO_NAO_EXPLICITA | CUSTOS_VARIAVEIS_NAO_INFORMADOS | TRIBUTO_ESTIMADO,NOVO_ANUNCIO_CANDIDATO,PENDENCIAS_IDENTIDADE,M2M-IDENTITY-v2.1
VTK017330,IDENTIDADE_INCONCLUSIVA,IDENTIDADE_INCONCLUSIVA,PENDENCIA_VALIDACAO,PENDENCIA_VALIDACAO,EVIDENCIA_IDENTIDADE_INCOMPLETA | CUSTOS_VARIAVEIS_NAO_INFORMADOS | TRIBUTO_ESTIMADO,EVIDENCIA_IDENTIDADE_INCOMPLETA,APRESENTACAO_NAO_EXPLICITA | CUSTOS_VARIAVEIS_NAO_INFORMADOS | TRIBUTO_ESTIMADO,NOVO_ANUNCIO_CANDIDATO,PENDENCIAS_IDENTIDADE,M2M-IDENTITY-v2.1
VTK002372,IDENTIDADE_DIVERGENTE,IDENTIDADE_INCONCLUSIVA,CONFLITO_CONFIRMADO,PENDENCIA_VALIDACAO,DIVERGENCIA_BRAND | CUSTOS_VARIAVEIS_NAO_INFORMADOS | TRIBUTO_ESTIMADO,EQUIVALENCIA_MARCA_NAO_COMPROVADA | EVIDENCIA_IDENTIDADE_INCOMPLETA,APRESENTACAO_NAO_EXPLICITA | CUSTOS_VARIAVEIS_NAO_INFORMADOS | TRIBUTO_ESTIMADO,NOVO_ANUNCIO_CANDIDATO,PENDENCIAS_IDENTIDADE,M2M-IDENTITY-v2.1
VTK017682,IDENTIDADE_INCONCLUSIVA,IDENTIDADE_INCONCLUSIVA,PENDENCIA_VALIDACAO,PENDENCIA_VALIDACAO,EVIDENCIA_IDENTIDADE_INCOMPLETA | CUSTOS_VARIAVEIS_NAO_INFORMADOS | TRIBUTO_ESTIMADO,EVIDENCIA_IDENTIDADE_INCOMPLETA,APRESENTACAO_NAO_EXPLICITA | CUSTOS_VARIAVEIS_NAO_INFORMADOS | TRIBUTO_ESTIMADO,NOVO_ANUNCIO_CANDIDATO,PENDENCIAS_IDENTIDADE,M2M-IDENTITY-v2.1
VTK017804,IDENTIDADE_INCONCLUSIVA,IDENTIDADE_INCONCLUSIVA,PENDENCIA_VALIDACAO,PENDENCIA_VALIDACAO,EVIDENCIA_IDENTIDADE_INCOMPLETA | CUSTOS_VARIAVEIS_NAO_INFORMADOS | TRIBUTO_ESTIMADO,EVIDENCIA_IDENTIDADE_INCOMPLETA,APRESENTACAO_NAO_EXPLICITA | CUSTOS_VARIAVEIS_NAO_INFORMADOS | TRIBUTO_ESTIMADO,NOVO_ANUNCIO_CANDIDATO,PENDENCIAS_IDENTIDADE,M2M-IDENTITY-v2.1
VTK017541,IDENTIDADE_INCONCLUSIVA,IDENTIDADE_INCONCLUSIVA,PENDENCIA_VALIDACAO,PENDENCIA_VALIDACAO,EVIDENCIA_IDENTIDADE_INCOMPLETA | CUSTOS_VARIAVEIS_NAO_INFORMADOS | TRIBUTO_ESTIMADO,EVIDENCIA_IDENTIDADE_INCOMPLETA,APRESENTACAO_NAO_EXPLICITA | CUSTOS_VARIAVEIS_NAO_INFORMADOS | TRIBUTO_ESTIMADO,NOVO_ANUNCIO_CANDIDATO,PENDENCIAS_IDENTIDADE,M2M-IDENTITY-v2.1
VTK020755,IDENTIDADE_INCONCLUSIVA,IDENTIDADE_INCONCLUSIVA,PENDENCIA_VALIDACAO,PENDENCIA_VALIDACAO,EVIDENCIA_IDENTIDADE_INCOMPLETA | CUSTOS_VARIAVEIS_NAO_INFORMADOS | TRIBUTO_ESTIMADO,EVIDENCIA_IDENTIDADE_INCOMPLETA,APRESENTACAO_NAO_EXPLICITA | CUSTOS_VARIAVEIS_NAO_INFORMADOS | TRIBUTO_ESTIMADO,NOVO_ANUNCIO_CANDIDATO,PENDENCIAS_IDENTIDADE,M2M-IDENTITY-v2.1
VTK006339,IDENTIDADE_DIVERGENTE,IDENTIDADE_INCONCLUSIVA,CONFLITO_CONFIRMADO,PENDENCIA_VALIDACAO,DIVERGENCIA_BRAND | CUSTOS_VARIAVEIS_NAO_INFORMADOS | TRIBUTO_ESTIMADO,EQUIVALENCIA_MARCA_NAO_COMPROVADA | EVIDENCIA_IDENTIDADE_INCOMPLETA,APRESENTACAO_NAO_EXPLICITA | CUSTOS_VARIAVEIS_NAO_INFORMADOS | TRIBUTO_ESTIMADO,NOVO_ANUNCIO_CANDIDATO,PENDENCIAS_IDENTIDADE,M2M-IDENTITY-v2.1
VTK017938,IDENTIDADE_INCONCLUSIVA,IDENTIDADE_INCONCLUSIVA,PENDENCIA_VALIDACAO,PENDENCIA_VALIDACAO,EVIDENCIA_IDENTIDADE_INCOMPLETA | CUSTOS_VARIAVEIS_NAO_INFORMADOS | TRIBUTO_ESTIMADO,EVIDENCIA_IDENTIDADE_INCOMPLETA,APRESENTACAO_NAO_EXPLICITA | CUSTOS_VARIAVEIS_NAO_INFORMADOS | TRIBUTO_ESTIMADO,NOVO_ANUNCIO_CANDIDATO,PENDENCIAS_IDENTIDADE,M2M-IDENTITY-v2.1
VTK012632,IDENTIDADE_INCONCLUSIVA,IDENTIDADE_INCONCLUSIVA,PENDENCIA_VALIDACAO,PENDENCIA_VALIDACAO,EVIDENCIA_IDENTIDADE_INCOMPLETA | CUSTOS_VARIAVEIS_NAO_INFORMADOS | TRIBUTO_ESTIMADO,EVIDENCIA_IDENTIDADE_INCOMPLETA,APRESENTACAO_NAO_EXPLICITA | CUSTOS_VARIAVEIS_NAO_INFORMADOS | TRIBUTO_ESTIMADO,NOVO_ANUNCIO_CANDIDATO,PENDENCIAS_IDENTIDADE,M2M-IDENTITY-v2.1
VTK018861,IDENTIDADE_INCONCLUSIVA,IDENTIDADE_INCONCLUSIVA,PENDENCIA_VALIDACAO,PENDENCIA_VALIDACAO,EVIDENCIA_IDENTIDADE_INCOMPLETA | CUSTOS_VARIAVEIS_NAO_INFORMADOS | TRIBUTO_ESTIMADO,EVIDENCIA_IDENTIDADE_INCOMPLETA,APRESENTACAO_NAO_EXPLICITA | CUSTOS_VARIAVEIS_NAO_INFORMADOS | TRIBUTO_ESTIMADO,NOVO_ANUNCIO_CANDIDATO,PENDENCIAS_IDENTIDADE,M2M-IDENTITY-v2.1
VTK018042,IDENTIDADE_INCONCLUSIVA,IDENTIDADE_INCONCLUSIVA,PENDENCIA_VALIDACAO,PENDENCIA_VALIDACAO,EVIDENCIA_IDENTIDADE_INCOMPLETA | CUSTOS_VARIAVEIS_NAO_INFORMADOS | TRIBUTO_ESTIMADO,EVIDENCIA_IDENTIDADE_INCOMPLETA,APRESENTACAO_NAO_EXPLICITA | CUSTOS_VARIAVEIS_NAO_INFORMADOS | TRIBUTO_ESTIMADO,NOVO_ANUNCIO_CANDIDATO,PENDENCIAS_IDENTIDADE,M2M-IDENTITY-v2.1
