"status","reason","supplier","sku","score"
"P0_MANUAL_IDENTITY","identidade_oficial_inconclusiva","Hayamax","VTK000039","50"
"P0_MANUAL_IDENTITY","identidade_oficial_inconclusiva","Hayamax","VTK000092","50"
"P0_MANUAL_IDENTITY","identidade_oficial_inconclusiva","Evolusom","VTK000216","35"
"P0_MANUAL_IDENTITY","identidade_oficial_inconclusiva","Hayamax","VTK000223","60"
"P0_MANUAL_IDENTITY","identidade_oficial_inconclusiva","Hayamax","VTK000301","50"
"P0_MANUAL_IDENTITY","identidade_oficial_inconclusiva","Hayamax","VTK000378","50"
"P0_MANUAL_IDENTITY","identidade_oficial_inconclusiva","Hayamax","VTK000392","50"
"P0_MANUAL_IDENTITY","identidade_oficial_inconclusiva","Hayamax","VTK000429","50"
"P0_MANUAL_IDENTITY","identidade_oficial_inconclusiva","Hayamax","VTK000504","45"
"P0_MANUAL_IDENTITY","identidade_oficial_inconclusiva","Hayamax","VTK000518","45"
"P0_MANUAL_IDENTITY","identidade_oficial_inconclusiva","Hayamax","VTK001195","35"
"P0_MANUAL_IDENTITY","identidade_oficial_inconclusiva","Hayamax","VTK001207","35"
"P0_MANUAL_IDENTITY","identidade_oficial_inconclusiva","Hayamax","VTK001246","60"
"P0_MANUAL_IDENTITY","identidade_oficial_inconclusiva","Hayamax","VTK001254","50"
"P0_MANUAL_IDENTITY","identidade_oficial_inconclusiva","Hayamax","VTK001258","45"
"P0_MANUAL_IDENTITY","identidade_oficial_inconclusiva","Hayamax","VTK001264","60"
"P0_MANUAL_IDENTITY","identidade_oficial_inconclusiva","Hayamax","VTK001277","60"
"P0_MANUAL_IDENTITY","identidade_oficial_inconclusiva","Hayamax","VTK001282","60"
"P0_MANUAL_IDENTITY","identidade_oficial_inconclusiva","Hayamax","VTK001288","50"
"P0_MANUAL_IDENTITY","identidade_oficial_inconclusiva","Evolusom","VTK004115","50"
"P0_MANUAL_IDENTITY","identidade_oficial_inconclusiva","Hayamax","VTK004505","45"
"P0_MANUAL_IDENTITY","identidade_oficial_inconclusiva","Hayamax","VTK004609","35"
"P0_MANUAL_IDENTITY","identidade_oficial_inconclusiva","BKR1","VTK004630","50"
"P0_MANUAL_IDENTITY","identidade_oficial_inconclusiva","BKR1","VTK004693","50"
"P0_MANUAL_IDENTITY","identidade_oficial_inconclusiva","Evolusom","VTK004724","50"
"P0_MANUAL_IDENTITY","identidade_oficial_inconclusiva","Hayamax","VTK005382","50"
"P0_MANUAL_IDENTITY","identidade_oficial_inconclusiva","Hayamax","VTK005397","50"
"P0_MANUAL_IDENTITY","identidade_oficial_inconclusiva","Hayamax","VTK005411","60"
"P0_MANUAL_IDENTITY","identidade_oficial_inconclusiva","BKR1","VTK012281","60"
"P0_MANUAL_IDENTITY","identidade_oficial_inconclusiva","BKR1","VTK012282","45"
"P0_MANUAL_IDENTITY","identidade_oficial_inconclusiva","BKR1","VTK012283","45"
"P0_MANUAL_IDENTITY","identidade_oficial_inconclusiva","BKR1","VTK012297","40"
"P0_MANUAL_IDENTITY","identidade_oficial_inconclusiva","BKR1","VTK012301","45"
"P0_MANUAL_IDENTITY","identidade_oficial_inconclusiva","BKR1","VTK012304","45"
"P0_MANUAL_IDENTITY","identidade_oficial_inconclusiva","BKR1","VTK012310","45"
"P0_MANUAL_IDENTITY","identidade_oficial_inconclusiva","BKR1","VTK012319","45"
"P0_MANUAL_IDENTITY","identidade_oficial_inconclusiva","BKR1","VTK012320","45"
"P0_MANUAL_IDENTITY","identidade_oficial_inconclusiva","BKR1","VTK012321","45"
"P0_MANUAL_IDENTITY","identidade_oficial_inconclusiva","Evolusom","VTK017240","60"
"P0_MANUAL_IDENTITY","identidade_oficial_inconclusiva","Evolusom","VTK017241","60"
"P0_MANUAL_IDENTITY","identidade_oficial_inconclusiva","Evolusom","VTK017242","60"
"P0_MANUAL_IDENTITY","identidade_oficial_inconclusiva","Evolusom","VTK017243","60"
"P0_MANUAL_IDENTITY","identidade_oficial_inconclusiva","Evolusom","VTK017248","40"
"P0_MANUAL_IDENTITY","identidade_oficial_inconclusiva","Evolusom","VTK017252","60"
"P0_MANUAL_IDENTITY","identidade_oficial_inconclusiva","Evolusom","VTK017259","60"
"P0_MANUAL_IDENTITY","identidade_oficial_inconclusiva","Evolusom","VTK017260","60"
"P0_MANUAL_IDENTITY","identidade_oficial_inconclusiva","Evolusom","VTK017261","60"
"P0_MANUAL_IDENTITY","identidade_oficial_inconclusiva","Evolusom","VTK017262","60"
"P0_MANUAL_IDENTITY","identidade_oficial_inconclusiva","Evolusom","VTK017263","60"
"P0_MANUAL_IDENTITY","identidade_oficial_inconclusiva","Evolusom","VTK017278","60"
"P0_MANUAL_IDENTITY","identidade_oficial_inconclusiva","Evolusom","VTK017279","60"
"P0_MANUAL_IDENTITY","identidade_oficial_inconclusiva","Evolusom","VTK017297","60"
"P0_MANUAL_IDENTITY","identidade_oficial_inconclusiva","Evolusom","VTK017336","60"
"P0_MANUAL_IDENTITY","identidade_oficial_inconclusiva","Evolusom","VTK017353","60"
"P0_MANUAL_IDENTITY","identidade_oficial_inconclusiva","Evolusom","VTK017366","60"
"P0_MANUAL_IDENTITY","identidade_oficial_inconclusiva","Evolusom","VTK017369","60"
"P0_MANUAL_IDENTITY","identidade_oficial_inconclusiva","Evolusom","VTK017374","60"
"P0_MANUAL_IDENTITY","identidade_oficial_inconclusiva","Evolusom","VTK017376","60"
"P0_MANUAL_IDENTITY","identidade_oficial_inconclusiva","Evolusom","VTK017378","60"
"P0_MANUAL_IDENTITY","identidade_oficial_inconclusiva","Evolusom","VTK017384","60"
"P0_MANUAL_IDENTITY","identidade_oficial_inconclusiva","Evolusom","VTK017400","40"
"P0_MANUAL_IDENTITY","identidade_oficial_inconclusiva","Evolusom","VTK017401","40"
"P0_MANUAL_IDENTITY","identidade_oficial_inconclusiva","Evolusom","VTK017402","40"
"P0_MANUAL_IDENTITY","identidade_oficial_inconclusiva","Evolusom","VTK017403","40"
"P0_MANUAL_IDENTITY","identidade_oficial_inconclusiva","Evolusom","VTK017408","40"
"P0_MANUAL_IDENTITY","identidade_oficial_inconclusiva","Evolusom","VTK017410","60"
"P0_MANUAL_IDENTITY","identidade_oficial_inconclusiva","Evolusom","VTK017435","60"
"P0_MANUAL_IDENTITY","identidade_oficial_inconclusiva","Evolusom","VTK017436","45"
"P0_MANUAL_IDENTITY","identidade_oficial_inconclusiva","Evolusom","VTK017504","60"
"P0_MANUAL_IDENTITY","identidade_oficial_inconclusiva","Evolusom","VTK017505","60"
"P0_MANUAL_IDENTITY","identidade_oficial_inconclusiva","Evolusom","VTK017506","60"
"P0_MANUAL_IDENTITY","identidade_oficial_inconclusiva","Evolusom","VTK017507","60"
"P0_MANUAL_IDENTITY","identidade_oficial_inconclusiva","Evolusom","VTK017508","60"
"P0_MANUAL_IDENTITY","identidade_oficial_inconclusiva","Evolusom","VTK017523","40"
"P0_MANUAL_IDENTITY","identidade_oficial_inconclusiva","Evolusom","VTK017600","60"
"P0_MANUAL_IDENTITY","identidade_oficial_inconclusiva","Evolusom","VTK017625","60"
"P0_MANUAL_IDENTITY","identidade_oficial_inconclusiva","Evolusom","VTK017629","40"
"P0_MANUAL_IDENTITY","identidade_oficial_inconclusiva","Evolusom","VTK017630","50"
"P0_MANUAL_IDENTITY","identidade_oficial_inconclusiva","Evolusom","VTK017633","60"
"P0_MANUAL_IDENTITY","identidade_oficial_inconclusiva","Evolusom","VTK017636","50"
"P0_MANUAL_IDENTITY","identidade_oficial_inconclusiva","Evolusom","VTK017637","50"
"P0_MANUAL_IDENTITY","identidade_oficial_inconclusiva","Evolusom","VTK017651","60"
"P0_MANUAL_IDENTITY","identidade_oficial_inconclusiva","Evolusom","VTK017666","50"
"P0_MANUAL_IDENTITY","identidade_oficial_inconclusiva","Evolusom","VTK017668","60"
"P0_MANUAL_IDENTITY","identidade_oficial_inconclusiva","Evolusom","VTK017789","50"
"P0_MANUAL_IDENTITY","identidade_oficial_inconclusiva","Evolusom","VTK017803","60"
"P0_MANUAL_IDENTITY","identidade_oficial_inconclusiva","Evolusom","VTK017814","60"
"P0_MANUAL_IDENTITY","identidade_oficial_inconclusiva","Evolusom","VTK017827","40"
"P0_MANUAL_IDENTITY","identidade_oficial_inconclusiva","Evolusom","VTK017840","40"
"P0_MANUAL_IMAGE","imagem_ausente_invalida_ou_inconclusiva","Hayamax","VTK001286","65"
"P0_MANUAL_TECH","validacao_tecnica_reforcada_incompleta","Hayamax","VTK000486","70"
"P0_MANUAL_TECH","atributos_obrigatorios_incompletos","Hayamax","VTK005426","80"
"P0_MANUAL_TECH","atributos_obrigatorios_incompletos","Evolusom","VTK017799","90"
"P0_API_ERROR","firecrawl_search_http_429","Hayamax","VTK000533","0"
"P0_API_ERROR","firecrawl_search_http_429","Hayamax","VTK000540","0"
"P0_API_ERROR","firecrawl_search_http_429","Hayamax","VTK000552","0"
"P0_API_ERROR","firecrawl_search_http_429","Hayamax","VTK000568","0"
"P0_API_ERROR","firecrawl_search_http_429","Hayamax","VTK000572","0"
"P0_API_ERROR","firecrawl_search_http_429","Hayamax","VTK000619","0"
"P0_API_ERROR","firecrawl_search_http_429","Hayamax","VTK000779","0"
"P0_API_ERROR","firecrawl_search_http_429","Hayamax","VTK000799","0"
"P0_API_ERROR","firecrawl_search_http_429","Hayamax","VTK000809","0"
"P0_API_ERROR","firecrawl_search_http_429","Hayamax","VTK000831","0"
"P0_API_ERROR","firecrawl_search_http_429","Hayamax","VTK000949","0"
"P0_API_ERROR","firecrawl_search_http_429","Hayamax","VTK001007","0"
"P0_API_ERROR","firecrawl_search_http_429","Hayamax","VTK001011","0"
"P0_API_ERROR","firecrawl_search_http_429","Hayamax","VTK001039","0"
"P0_API_ERROR","firecrawl_search_http_429","Hayamax","VTK001057","0"
"P0_API_ERROR","firecrawl_search_http_429","Hayamax","VTK001063","0"
"P0_API_ERROR","firecrawl_search_http_429","Hayamax","VTK001075","0"
"P0_API_ERROR","firecrawl_search_http_429","Hayamax","VTK001077","0"
"P0_API_ERROR","firecrawl_search_http_429","Hayamax","VTK001089","0"
"P0_API_ERROR","firecrawl_search_http_429","Hayamax","VTK001109","0"
"P0_API_ERROR","firecrawl_search_http_429","Hayamax","VTK001119","0"
"P0_API_ERROR","firecrawl_search_http_429","Hayamax","VTK001137","0"
"P0_API_ERROR","firecrawl_search_http_429","Hayamax","VTK001155","0"
"P0_API_ERROR","firecrawl_search_http_429","Hayamax","VTK001156","0"
"P0_API_ERROR","firecrawl_search_http_429","Hayamax","VTK001165","0"
"P0_API_ERROR","firecrawl_search_http_429","Hayamax","VTK001173","0"
"P0_API_ERROR","firecrawl_search_http_429","Hayamax","VTK001187","0"
"P0_API_ERROR","firecrawl_search_http_429","Hayamax","VTK001291","0"
"P0_API_ERROR","firecrawl_search_http_429","Hayamax","VTK001297","0"
"P0_API_ERROR","firecrawl_search_http_429","Hayamax","VTK001303","0"
"P0_API_ERROR","firecrawl_search_http_429","Hayamax","VTK001325","0"
"P0_API_ERROR","firecrawl_search_http_429","Hayamax","VTK001336","0"
"P0_API_ERROR","firecrawl_search_http_429","Hayamax","VTK001343","0"
"P0_API_ERROR","firecrawl_search_http_429","Hayamax","VTK001379","0"
"P0_API_ERROR","firecrawl_search_http_429","Hayamax","VTK001390","0"
"P0_API_ERROR","firecrawl_search_http_429","Hayamax","VTK001439","0"
"P0_API_ERROR","firecrawl_search_http_429","Hayamax","VTK001485","0"
"P0_API_ERROR","firecrawl_search_http_429","Hayamax","VTK001507","0"
"P0_API_ERROR","firecrawl_search_http_429","Hayamax","VTK001572","0"
"P0_API_ERROR","firecrawl_search_http_429","BKR1","VTK001643","0"
"P0_API_ERROR","firecrawl_search_http_429","Hayamax","VTK001732","0"
"P0_API_ERROR","firecrawl_search_http_429","Hayamax","VTK001762","0"
"P0_API_ERROR","firecrawl_search_http_429","BKR1","VTK001834","0"
"P0_API_ERROR","firecrawl_search_http_429","BKR1","VTK001863","0"
"P0_API_ERROR","firecrawl_search_http_429","Hayamax","VTK001875","0"
"P0_API_ERROR","firecrawl_search_http_429","Hayamax","VTK001897","0"
"P0_API_ERROR","firecrawl_search_http_429","Hayamax","VTK001978","0"
"P0_API_ERROR","firecrawl_search_http_429","BKR1","VTK002141","0"
"P0_API_ERROR","firecrawl_search_http_429","Hayamax","VTK002437","0"
"P0_API_ERROR","firecrawl_search_http_429","Hayamax","VTK002521","0"
"P0_API_ERROR","firecrawl_search_http_429","Hayamax","VTK002528","0"
"P0_API_ERROR","firecrawl_search_http_429","Hayamax","VTK002577","0"
"P0_API_ERROR","firecrawl_search_http_429","BKR1","VTK002625","0"
"P0_API_ERROR","firecrawl_search_http_429","Hayamax","VTK003043","0"
"P0_API_ERROR","firecrawl_search_http_429","Hayamax","VTK003134","0"
"P0_API_ERROR","firecrawl_search_http_429","Hayamax","VTK003366","0"
"P0_API_ERROR","firecrawl_search_http_429","Evolusom","VTK003511","0"
"P0_API_ERROR","firecrawl_search_http_429","BKR1","VTK003779","0"
"P0_API_ERROR","firecrawl_search_http_429","Hayamax","VTK003839","0"
"P0_API_ERROR","firecrawl_search_http_429","Hayamax","VTK004022","0"
"P0_API_ERROR","firecrawl_search_http_429","Evolusom","VTK005491","0"
"P0_API_ERROR","firecrawl_search_http_429","Evolusom","VTK005775","0"
"P0_API_ERROR","firecrawl_search_http_429","Hayamax","VTK006152","0"
"P0_API_ERROR","firecrawl_search_http_429","Hayamax","VTK006158","0"
"P0_API_ERROR","firecrawl_search_http_429","Hayamax","VTK006192","0"
"P0_API_ERROR","firecrawl_search_http_429","Hayamax","VTK006193","0"
"P0_API_ERROR","firecrawl_search_http_429","Hayamax","VTK006274","0"
"P0_API_ERROR","firecrawl_search_http_429","Hayamax","VTK006318","0"
"P0_API_ERROR","firecrawl_search_http_429","Hayamax","VTK006377","0"
"P0_API_ERROR","firecrawl_search_http_429","Hayamax","VTK006444","0"
"P0_API_ERROR","firecrawl_search_http_429","Hayamax","VTK006457","0"
"P0_API_ERROR","firecrawl_search_http_429","Hayamax","VTK006567","0"
"P0_API_ERROR","firecrawl_search_http_429","Hayamax","VTK011959","0"
"P0_API_ERROR","firecrawl_search_http_429","Hayamax","VTK011960","0"
"P0_API_ERROR","firecrawl_search_http_429","BKR1","VTK012014","0"
"P0_API_ERROR","firecrawl_search_http_429","BKR1","VTK012016","0"
"P0_API_ERROR","firecrawl_search_http_429","BKR1","VTK012018","0"
"P0_API_ERROR","firecrawl_search_http_429","BKR1","VTK012022","0"
"P0_API_ERROR","firecrawl_search_http_429","BKR1","VTK012039","0"
"P0_API_ERROR","firecrawl_search_http_429","BKR1","VTK012040","0"
"P0_API_ERROR","firecrawl_search_http_429","BKR1","VTK012148","0"
"P0_API_ERROR","firecrawl_search_http_429","BKR1","VTK012233","0"
"P0_API_ERROR","firecrawl_search_http_429","BKR1","VTK012235","0"
"P0_API_ERROR","firecrawl_search_http_429","BKR1","VTK012236","0"
"P0_API_ERROR","firecrawl_search_http_429","BKR1","VTK012237","0"
"P0_API_ERROR","firecrawl_search_http_429","BKR1","VTK012248","0"
"P0_API_ERROR","firecrawl_search_http_429","BKR1","VTK012267","0"
"P0_API_ERROR","firecrawl_search_http_429","BKR1","VTK012275","0"
"P0_API_ERROR","firecrawl_search_http_429","BKR1","VTK012327","0"
"P0_API_ERROR","firecrawl_search_http_429","BKR1","VTK012335","0"
"P0_API_ERROR","firecrawl_search_http_429","BKR1","VTK012336","0"
"P0_API_ERROR","firecrawl_search_http_429","BKR1","VTK012337","0"
"P0_API_ERROR","firecrawl_search_http_429","BKR1","VTK012359","0"
"P0_API_ERROR","firecrawl_search_http_429","BKR1","VTK012362","0"
"P0_API_ERROR","firecrawl_search_http_429","BKR1","VTK012369","0"
"P0_API_ERROR","firecrawl_search_http_429","BKR1","VTK012383","0"
"P0_API_ERROR","firecrawl_search_http_429","BKR1","VTK012384","0"
"P0_API_ERROR","firecrawl_search_http_429","BKR1","VTK012408","0"
"P0_API_ERROR","firecrawl_search_http_429","BKR1","VTK012420","0"
"P0_API_ERROR","firecrawl_search_http_429","BKR1","VTK012421","0"
"P0_API_ERROR","firecrawl_search_http_429","BKR1","VTK012422","0"
"P0_API_ERROR","firecrawl_search_http_429","BKR1","VTK012470","0"
"P0_API_ERROR","firecrawl_search_http_429","BKR1","VTK012502","0"
"P0_API_ERROR","firecrawl_search_http_429","BKR1","VTK012543","0"
"P0_API_ERROR","firecrawl_search_http_429","BKR1","VTK012590","0"
"P0_API_ERROR","firecrawl_search_http_429","BKR1","VTK012613","0"
"P0_API_ERROR","firecrawl_search_http_429","BKR1","VTK012628","0"
"P0_API_ERROR","firecrawl_search_http_429","BKR1","VTK012632","0"
"P0_API_ERROR","firecrawl_search_http_429","BKR1","VTK012668","0"
"P0_API_ERROR","firecrawl_search_http_429","BKR1","VTK012669","0"
"P0_API_ERROR","firecrawl_search_http_429","BKR1","VTK012670","0"
"P0_API_ERROR","firecrawl_search_http_429","BKR1","VTK012684","0"
"P0_API_ERROR","firecrawl_search_http_429","BKR1","VTK012687","0"
"P0_API_ERROR","firecrawl_search_http_429","BKR1","VTK012699","0"
"P0_API_ERROR","firecrawl_search_http_429","BKR1","VTK012729","0"
"P0_API_ERROR","firecrawl_search_http_429","BKR1","VTK012763","0"
"P0_API_ERROR","firecrawl_search_http_429","BKR1","VTK012764","0"
"P0_API_ERROR","firecrawl_search_http_429","BKR1","VTK012765","0"
"P0_API_ERROR","firecrawl_search_http_429","BKR1","VTK012772","0"
"P0_API_ERROR","firecrawl_search_http_429","BKR1","VTK012839","0"
"P0_API_ERROR","firecrawl_search_http_429","BKR1","VTK012842","0"
"P0_API_ERROR","firecrawl_search_http_429","BKR1","VTK012861","0"
"P0_API_ERROR","firecrawl_search_http_429","BKR1","VTK012864","0"
"P0_API_ERROR","firecrawl_search_http_429","BKR1","VTK012865","0"
"P0_API_ERROR","firecrawl_search_http_429","BKR1","VTK012866","0"
"P0_API_ERROR","firecrawl_search_http_429","BKR1","VTK012869","0"
"P0_API_ERROR","firecrawl_search_http_429","BKR1","VTK012895","0"
"P0_API_ERROR","firecrawl_search_http_429","BKR1","VTK012896","0"
"P0_API_ERROR","firecrawl_search_http_429","BKR1","VTK012909","0"
"P0_API_ERROR","firecrawl_search_http_429","BKR1","VTK012911","0"
"P0_API_ERROR","firecrawl_search_http_429","BKR1","VTK013007","0"
"P0_API_ERROR","firecrawl_search_http_429","BKR1","VTK013008","0"
"P0_API_ERROR","firecrawl_search_http_429","BKR1","VTK013085","0"
"P0_API_ERROR","firecrawl_search_http_429","BKR1","VTK013087","0"
"P0_API_ERROR","firecrawl_search_http_429","BKR1","VTK013088","0"
"P0_API_ERROR","firecrawl_search_http_429","Hayamax","VTK017155","0"
"P0_API_ERROR","firecrawl_search_http_429","Evolusom","VTK017179","0"
"P0_API_ERROR","firecrawl_search_http_429","Evolusom","VTK017202","0"
"P0_API_ERROR","firecrawl_search_http_429","Evolusom","VTK017210","0"
"P0_API_ERROR","firecrawl_search_http_429","Evolusom","VTK017211","0"
"P0_API_ERROR","firecrawl_search_http_429","Evolusom","VTK017215","0"
"P0_API_ERROR","firecrawl_search_http_429","Evolusom","VTK017233","0"
"P0_API_ERROR","firecrawl_search_http_429","Evolusom","VTK017234","0"
"P0_API_ERROR","firecrawl_search_http_429","Evolusom","VTK017235","0"
"P0_API_ERROR","firecrawl_search_http_429","Evolusom","VTK017236","0"
"P0_API_ERROR","firecrawl_search_http_429","Evolusom","VTK017524","0"
"P0_API_ERROR","firecrawl_search_http_429","Evolusom","VTK017531","0"
"P0_API_ERROR","firecrawl_search_http_429","Evolusom","VTK017538","0"
"P0_API_ERROR","firecrawl_search_http_429","Evolusom","VTK017548","0"
"P0_API_ERROR","firecrawl_search_http_429","Evolusom","VTK017562","0"
"P0_API_ERROR","firecrawl_search_http_429","Evolusom","VTK017567","0"
"P0_API_ERROR","firecrawl_search_http_429","Evolusom","VTK017698","0"
"P0_API_ERROR","firecrawl_search_http_429","Evolusom","VTK017740","0"
"P0_API_ERROR","firecrawl_search_http_429","Evolusom","VTK017771","0"
"P0_API_ERROR","firecrawl_search_http_429","Evolusom","VTK017783","0"
"P0_API_ERROR","firecrawl_search_http_402","Evolusom","VTK017826","0"
"P0_API_ERROR","firecrawl_search_http_402","Evolusom","VTK017848","0"
"P0_API_ERROR","firecrawl_search_http_402","Evolusom","VTK017866","0"
"P0_API_ERROR","firecrawl_search_http_402","Evolusom","VTK017869","0"
"P0_API_ERROR","firecrawl_search_http_429","Evolusom","VTK017898","0"
"P0_API_ERROR","firecrawl_search_http_429","Evolusom","VTK017902","0"
"P0_API_ERROR","firecrawl_search_http_429","Evolusom","VTK017903","0"
"P0_API_ERROR","firecrawl_search_http_429","Evolusom","VTK017933","0"
"P0_API_ERROR","firecrawl_search_http_402","Evolusom","VTK017934","0"
"P0_API_ERROR","firecrawl_search_http_402","Evolusom","VTK017936","0"
"P0_API_ERROR","firecrawl_search_http_402","Evolusom","VTK017939","0"
"P0_API_ERROR","firecrawl_search_http_402","Evolusom","VTK017942","0"
"P0_API_ERROR","firecrawl_search_http_402","Evolusom","VTK017944","0"
"P0_API_ERROR","firecrawl_search_http_402","Evolusom","VTK017951","0"
"P0_API_ERROR","firecrawl_search_http_402","Evolusom","VTK017952","0"
"P0_API_ERROR","firecrawl_search_http_429","Evolusom","VTK017981","0"
"P0_API_ERROR","firecrawl_search_http_402","Evolusom","VTK017982","0"
"P0_API_ERROR","firecrawl_search_http_402","Evolusom","VTK018024","0"
"P0_API_ERROR","firecrawl_search_http_429","Evolusom","VTK018064","0"
"P0_API_ERROR","firecrawl_search_http_429","Evolusom","VTK018077","0"
"P0_API_ERROR","firecrawl_search_http_429","Evolusom","VTK018079","0"
"P0_API_ERROR","firecrawl_search_http_429","Evolusom","VTK018102","0"
"P0_API_ERROR","firecrawl_search_http_429","Evolusom","VTK018106","0"
"P0_API_ERROR","firecrawl_search_http_429","Evolusom","VTK018111","0"
"P0_API_ERROR","firecrawl_search_http_429","Evolusom","VTK018113","0"
"P0_API_ERROR","firecrawl_search_http_429","Evolusom","VTK018128","0"
"P0_API_ERROR","firecrawl_search_http_429","Evolusom","VTK018129","0"
"P0_API_ERROR","firecrawl_search_http_429","Evolusom","VTK018134","0"
"P0_API_ERROR","firecrawl_search_http_429","Evolusom","VTK018139","0"
"P0_API_ERROR","firecrawl_search_http_429","Evolusom","VTK018170","0"
"P0_API_ERROR","firecrawl_search_http_429","Evolusom","VTK018197","0"
"P0_API_ERROR","firecrawl_search_http_429","Evolusom","VTK018199","0"
"P0_API_ERROR","firecrawl_search_http_429","Evolusom","VTK018201","0"
"P0_API_ERROR","firecrawl_search_http_429","Evolusom","VTK018221","0"
"P0_API_ERROR","firecrawl_search_http_429","Evolusom","VTK018228","0"
"P0_API_ERROR","firecrawl_search_http_429","Evolusom","VTK018269","0"
"P0_API_ERROR","firecrawl_search_http_429","Evolusom","VTK018277","0"
"P0_API_ERROR","firecrawl_search_http_429","Evolusom","VTK018279","0"
"P0_API_ERROR","firecrawl_search_http_429","Evolusom","VTK018292","0"
"P0_API_ERROR","firecrawl_search_http_429","Evolusom","VTK018293","0"
"P0_API_ERROR","firecrawl_search_http_429","Evolusom","VTK018297","0"
"P0_API_ERROR","firecrawl_search_http_429","Evolusom","VTK018304","0"
"P0_API_ERROR","firecrawl_search_http_429","Evolusom","VTK018306","0"
"P0_API_ERROR","firecrawl_search_http_429","Evolusom","VTK018338","0"
"P0_API_ERROR","firecrawl_search_http_429","Evolusom","VTK018347","0"
"P0_API_ERROR","firecrawl_search_http_429","Evolusom","VTK018351","0"
"P0_API_ERROR","firecrawl_search_http_429","Evolusom","VTK018353","0"
"P0_API_ERROR","firecrawl_search_http_429","Evolusom","VTK018354","0"
"P0_API_ERROR","firecrawl_search_http_429","Evolusom","VTK018382","0"
"P0_API_ERROR","firecrawl_search_http_429","Evolusom","VTK018387","0"
"P0_API_ERROR","firecrawl_search_http_429","Evolusom","VTK018397","0"
"P0_API_ERROR","firecrawl_search_http_429","Evolusom","VTK018403","0"
"P0_API_ERROR","firecrawl_search_http_429","Evolusom","VTK018422","0"
"P0_API_ERROR","firecrawl_search_http_429","Evolusom","VTK018423","0"
"P0_API_ERROR","firecrawl_search_http_429","Evolusom","VTK018428","0"
"P0_API_ERROR","firecrawl_search_http_429","Evolusom","VTK018434","0"
"P0_API_ERROR","firecrawl_search_http_429","Evolusom","VTK018435","0"
"P0_API_ERROR","firecrawl_search_http_429","Evolusom","VTK018446","0"
"P0_API_ERROR","firecrawl_search_http_429","Evolusom","VTK018447","0"
"P0_API_ERROR","firecrawl_search_http_429","Evolusom","VTK018449","0"
"P0_API_ERROR","firecrawl_search_http_429","Evolusom","VTK018450","0"
"P0_API_ERROR","firecrawl_search_http_429","Evolusom","VTK018454","0"
"P0_API_ERROR","firecrawl_search_http_429","Evolusom","VTK018460","0"
"P0_API_ERROR","firecrawl_search_http_429","Evolusom","VTK018461","0"
"P0_API_ERROR","firecrawl_search_http_429","Evolusom","VTK018462","0"
"P0_API_ERROR","firecrawl_search_http_429","Evolusom","VTK018467","0"
"P0_API_ERROR","firecrawl_search_http_429","Evolusom","VTK018472","0"
"P0_API_ERROR","This operation was aborted","Evolusom","VTK018473","0"
"P0_API_ERROR","firecrawl_search_http_429","Evolusom","VTK018480","0"
"P0_API_ERROR","firecrawl_search_http_429","Evolusom","VTK018517","0"
"P0_API_ERROR","firecrawl_search_http_429","Evolusom","VTK018522","0"
"P0_API_ERROR","firecrawl_search_http_429","Evolusom","VTK018546","0"
"P0_API_ERROR","firecrawl_search_http_429","Evolusom","VTK018547","0"
"P0_API_ERROR","firecrawl_search_http_429","Evolusom","VTK018548","0"
"P0_API_ERROR","firecrawl_search_http_429","Evolusom","VTK018550","0"
"P0_API_ERROR","firecrawl_search_http_429","Evolusom","VTK018552","0"
"P0_API_ERROR","firecrawl_search_http_429","Evolusom","VTK018554","0"
"P0_API_ERROR","firecrawl_search_http_429","Evolusom","VTK018562","0"
"P0_API_ERROR","firecrawl_search_http_429","Evolusom","VTK018563","0"
"P0_API_ERROR","firecrawl_search_http_429","Evolusom","VTK018581","0"
"P0_API_ERROR","firecrawl_search_http_429","Evolusom","VTK018587","0"
"P0_API_ERROR","firecrawl_search_http_429","Evolusom","VTK018597","0"
"P0_API_ERROR","firecrawl_search_http_429","Evolusom","VTK018598","0"
"P0_API_ERROR","firecrawl_search_http_429","Evolusom","VTK018608","0"
"P0_API_ERROR","firecrawl_search_http_429","Evolusom","VTK018610","0"
"P0_API_ERROR","firecrawl_search_http_429","Evolusom","VTK018616","0"
"P0_API_ERROR","firecrawl_search_http_429","Evolusom","VTK018635","0"
"P0_API_ERROR","firecrawl_search_http_429","Evolusom","VTK018636","0"
"P0_API_ERROR","firecrawl_search_http_429","Evolusom","VTK018639","0"
"P0_API_ERROR","firecrawl_search_http_429","Evolusom","VTK018641","0"
"P0_API_ERROR","firecrawl_search_http_429","Evolusom","VTK018642","0"
"P0_API_ERROR","firecrawl_search_http_429","Evolusom","VTK018660","0"
"P0_API_ERROR","firecrawl_search_http_429","Evolusom","VTK018664","0"
"P0_API_ERROR","firecrawl_search_http_429","Evolusom","VTK018675","0"
"P0_API_ERROR","firecrawl_search_http_429","Evolusom","VTK018700","0"
"P0_API_ERROR","firecrawl_search_http_429","Evolusom","VTK018702","0"
"P0_API_ERROR","firecrawl_search_http_429","Evolusom","VTK018714","0"
"P0_API_ERROR","firecrawl_search_http_429","Evolusom","VTK018721","0"
"P0_API_ERROR","firecrawl_search_http_429","Evolusom","VTK018728","0"
"P0_API_ERROR","firecrawl_search_http_429","Evolusom","VTK018729","0"
"P0_API_ERROR","firecrawl_search_http_429","Evolusom","VTK018746","0"
"P0_API_ERROR","firecrawl_search_http_429","Evolusom","VTK018748","0"
"P0_API_ERROR","firecrawl_search_http_429","Evolusom","VTK018749","0"
"P0_API_ERROR","firecrawl_search_http_429","Evolusom","VTK018757","0"
"P0_API_ERROR","firecrawl_search_http_429","Evolusom","VTK018761","0"
"P0_API_ERROR","firecrawl_search_http_429","Evolusom","VTK018762","0"
"P0_API_ERROR","firecrawl_search_http_429","Evolusom","VTK018767","0"
"P0_API_ERROR","firecrawl_search_http_429","Evolusom","VTK018768","0"
"P0_API_ERROR","firecrawl_search_http_402","Evolusom","VTK018772","0"
"P0_API_ERROR","firecrawl_search_http_402","Evolusom","VTK018791","0"
"P0_API_ERROR","firecrawl_search_http_402","Evolusom","VTK018830","0"
"P0_API_ERROR","firecrawl_search_http_402","Evolusom","VTK018843","0"
"P0_API_ERROR","firecrawl_search_http_402","Evolusom","VTK018849","0"
"P0_API_ERROR","firecrawl_search_http_402","Evolusom","VTK018850","0"
"P0_API_ERROR","firecrawl_search_http_402","Evolusom","VTK018857","0"
"P0_API_ERROR","firecrawl_search_http_402","Evolusom","VTK018862","0"
"P0_API_ERROR","firecrawl_search_http_402","Evolusom","VTK018864","0"
"P0_API_ERROR","firecrawl_search_http_402","Evolusom","VTK018868","0"
"P0_API_ERROR","firecrawl_search_http_429","Evolusom","VTK018869","0"
"P0_API_ERROR","firecrawl_search_http_429","Evolusom","VTK018870","0"
"P0_API_ERROR","firecrawl_search_http_429","Evolusom","VTK018883","0"
"P0_API_ERROR","firecrawl_search_http_429","Evolusom","VTK018905","0"
"P0_API_ERROR","firecrawl_search_http_429","Evolusom","VTK018908","0"
"P0_API_ERROR","firecrawl_search_http_429","Evolusom","VTK018909","0"
"P0_API_ERROR","firecrawl_search_http_429","Evolusom","VTK018911","0"
"P0_API_ERROR","firecrawl_search_http_429","Evolusom","VTK018912","0"
"P0_API_ERROR","firecrawl_search_http_429","Evolusom","VTK018918","0"
"P0_API_ERROR","firecrawl_search_http_429","Evolusom","VTK018924","0"
"P0_API_ERROR","firecrawl_search_http_429","Evolusom","VTK018934","0"
"P0_API_ERROR","firecrawl_search_http_429","Evolusom","VTK018935","0"
"P0_API_ERROR","firecrawl_search_http_429","Evolusom","VTK018936","0"
"P0_API_ERROR","firecrawl_search_http_429","Evolusom","VTK018943","0"
"P0_API_ERROR","firecrawl_search_http_429","Evolusom","VTK018944","0"
"P0_API_ERROR","firecrawl_search_http_429","Evolusom","VTK018968","0"
"P0_API_ERROR","firecrawl_search_http_429","Evolusom","VTK018995","0"
"P0_API_ERROR","firecrawl_search_http_429","Evolusom","VTK019015","0"
"P0_API_ERROR","firecrawl_search_http_429","Evolusom","VTK019016","0"
"P0_API_ERROR","firecrawl_search_http_429","Evolusom","VTK019018","0"
"P0_API_ERROR","firecrawl_search_http_429","Evolusom","VTK019020","0"
"P0_API_ERROR","firecrawl_search_http_429","Evolusom","VTK019030","0"
"P0_API_ERROR","firecrawl_search_http_429","Evolusom","VTK019032","0"
"P0_API_ERROR","firecrawl_search_http_429","Evolusom","VTK019033","0"
"P0_API_ERROR","firecrawl_search_http_429","Evolusom","VTK019036","0"
"P0_API_ERROR","firecrawl_search_http_429","Evolusom","VTK019037","0"
"P0_API_ERROR","firecrawl_search_http_429","Evolusom","VTK019041","0"
"P0_API_ERROR","firecrawl_search_http_429","Evolusom","VTK019044","0"
"P0_API_ERROR","firecrawl_search_http_429","Evolusom","VTK019063","0"
"P0_API_ERROR","firecrawl_search_http_429","Evolusom","VTK019080","0"
"P0_API_ERROR","firecrawl_search_http_429","Evolusom","VTK019089","0"
"P0_API_ERROR","firecrawl_search_http_429","Evolusom","VTK019090","0"
"P0_API_ERROR","firecrawl_search_http_429","Evolusom","VTK019094","0"
"P0_API_ERROR","firecrawl_search_http_429","Evolusom","VTK019095","0"
"P0_API_ERROR","firecrawl_search_http_429","Evolusom","VTK019096","0"
"P0_API_ERROR","firecrawl_search_http_429","Evolusom","VTK019099","0"
"P0_API_ERROR","firecrawl_search_http_429","Evolusom","VTK019100","0"
"P0_API_ERROR","firecrawl_search_http_429","Evolusom","VTK019108","0"
"P0_API_ERROR","firecrawl_search_http_429","Evolusom","VTK019111","0"
"P0_API_ERROR","firecrawl_search_http_429","Evolusom","VTK019117","0"
"P0_API_ERROR","firecrawl_search_http_429","Evolusom","VTK019123","0"
"P0_API_ERROR","firecrawl_search_http_429","Evolusom","VTK019126","0"
"P0_API_ERROR","firecrawl_search_http_429","Evolusom","VTK019131","0"
"P0_API_ERROR","firecrawl_search_http_429","Evolusom","VTK019185","0"
"P0_API_ERROR","firecrawl_search_http_429","Evolusom","VTK019219","0"
"P0_API_ERROR","firecrawl_search_http_429","Evolusom","VTK019227","0"
"P0_API_ERROR","firecrawl_search_http_429","Evolusom","VTK019282","0"
"P0_API_ERROR","firecrawl_search_http_429","Evolusom","VTK019287","0"
"P0_API_ERROR","firecrawl_search_http_429","Evolusom","VTK019301","0"
"P0_API_ERROR","firecrawl_search_http_429","Evolusom","VTK019385","0"
"P0_API_ERROR","firecrawl_search_http_429","Evolusom","VTK019386","0"
"P0_API_ERROR","firecrawl_search_http_429","Evolusom","VTK019535","0"
"P0_API_ERROR","firecrawl_search_http_429","Evolusom","VTK019545","0"
"P0_API_ERROR","firecrawl_search_http_429","Evolusom","VTK019632","0"
"P0_API_ERROR","firecrawl_search_http_429","Evolusom","VTK019776","0"
"P0_API_ERROR","firecrawl_search_http_429","Evolusom","VTK019777","0"
"P0_API_ERROR","firecrawl_search_http_429","Evolusom","VTK019952","0"
"P0_API_ERROR","firecrawl_search_http_429","Evolusom","VTK020602","0"
"P0_API_ERROR","firecrawl_search_http_429","Evolusom","VTK020645","0"
"P0_API_ERROR","firecrawl_search_http_429","Evolusom","VTK020653","0"
"P0_API_ERROR","firecrawl_search_http_429","Evolusom","VTK020654","0"
"P0_API_ERROR","firecrawl_search_http_429","Evolusom","VTK020656","0"
"P0_API_ERROR","firecrawl_search_http_429","Evolusom","VTK020660","0"
"P0_API_ERROR","firecrawl_search_http_429","Evolusom","VTK020904","0"
"P0_API_ERROR","firecrawl_search_http_429","Evolusom","VTK021001","0"
"P0_API_ERROR","firecrawl_search_http_429","Evolusom","VTK021012","0"
"P0_API_ERROR","firecrawl_search_http_429","Evolusom","VTK021013","0"
"P0_API_ERROR","firecrawl_search_http_429","Evolusom","VTK021063","0"
"P0_API_ERROR","firecrawl_search_http_429","Evolusom","VTK021065","0"
"P0_API_ERROR","firecrawl_search_http_429","Evolusom","VTK021108","0"
"P0_API_ERROR","firecrawl_search_http_429","Evolusom","VTK021164","0"
"P0_API_ERROR","firecrawl_search_http_429","Evolusom","VTK021438","0"
"P0_API_ERROR","firecrawl_search_http_429","Evolusom","VTK021723","0"
"P0_API_ERROR","firecrawl_search_http_429","Evolusom","VTK021891","0"
"P0_API_ERROR","firecrawl_search_http_429","Evolusom","VTK022010","0"
"P0_API_ERROR","firecrawl_search_http_429","Evolusom","VTK022455","0"
"P0_API_ERROR","firecrawl_search_http_429","Evolusom","VTK022504","0"
"P0_API_ERROR","firecrawl_search_http_429","Evolusom","VTK023153","0"
"P0_API_ERROR","firecrawl_search_http_429","Evolusom","VTK023558","0"
"P0_API_ERROR","firecrawl_search_http_429","Evolusom","VTK023678","0"
"P0_API_ERROR","firecrawl_search_http_429","Hayamax","VTK025247","0"
"P0_API_ERROR","firecrawl_search_http_429","Hayamax","VTK025858","0"
"P0_API_ERROR","firecrawl_search_http_429","Hayamax","VTK025859","0"
"P0_API_ERROR","firecrawl_search_http_429","Hayamax","VTK025860","0"
"P0_API_ERROR","firecrawl_search_http_429","Hayamax","VTK025861","0"
"P0_API_ERROR","firecrawl_search_http_429","Hayamax","VTK025953","0"
"P0_API_ERROR","firecrawl_search_http_429","Hayamax","VTK025954","0"
"P0_API_ERROR","firecrawl_search_http_429","Hayamax","VTK025955","0"
"P0_API_ERROR","firecrawl_search_http_429","Hayamax","VTK025957","0"
"P0_API_ERROR","firecrawl_search_http_429","Hayamax","VTK025958","0"
"P0_API_ERROR","firecrawl_search_http_429","Hayamax","VTK025961","0"
"P0_API_ERROR","firecrawl_search_http_429","BKR1","VTK025996","0"
"P0_API_ERROR","firecrawl_search_http_429","BKR1","VTK025997","0"
"P0_API_ERROR","firecrawl_search_http_429","BKR1","VTK025998","0"
"P0_API_ERROR","firecrawl_search_http_429","BKR1","VTK025999","0"
"P0_API_ERROR","firecrawl_search_http_429","BKR1","VTK026000","0"
"P0_API_ERROR","firecrawl_search_http_429","BKR1","VTK026001","0"
"P0_API_ERROR","firecrawl_search_http_429","BKR1","VTK026002","0"
"P0_API_ERROR","firecrawl_search_http_429","BKR1","VTK026003","0"
"P0_API_ERROR","firecrawl_search_http_429","BKR1","VTK026004","0"
"P0_API_ERROR","firecrawl_search_http_429","BKR1","VTK026005","0"
"P0_API_ERROR","firecrawl_search_http_429","BKR1","VTK026006","0"
"P0_API_ERROR","firecrawl_search_http_429","BKR1","VTK026007","0"
"P0_API_ERROR","firecrawl_search_http_429","BKR1","VTK026008","0"
"P0_API_ERROR","firecrawl_search_http_402","BKR1","VTK026009","0"
"P0_API_ERROR","firecrawl_search_http_429","BKR1","VTK026010","0"
"P0_API_ERROR","firecrawl_search_http_429","BKR1","VTK026011","0"
"P0_API_ERROR","firecrawl_search_http_429","BKR1","VTK026012","0"
"P0_API_ERROR","firecrawl_search_http_429","BKR1","VTK026013","0"
"P0_API_ERROR","firecrawl_search_http_429","BKR1","VTK026014","0"
"P0_API_ERROR","firecrawl_search_http_429","BKR1","VTK026015","0"
"P0_API_ERROR","firecrawl_search_http_429","BKR1","VTK026016","0"
"P0_API_ERROR","firecrawl_search_http_429","BKR1","VTK026017","0"
"P0_API_ERROR","firecrawl_search_http_429","BKR1","VTK026018","0"
"P0_API_ERROR","firecrawl_search_http_429","BKR1","VTK026019","0"
"P0_API_ERROR","firecrawl_search_http_429","BKR1","VTK026020","0"
"P0_API_ERROR","firecrawl_search_http_402","BKR1","VTK026021","0"
"P0_API_ERROR","firecrawl_search_http_402","BKR1","VTK026022","0"
"P0_API_ERROR","firecrawl_search_http_402","BKR1","VTK026023","0"
"P0_API_ERROR","firecrawl_search_http_402","BKR1","VTK026024","0"
"P0_API_ERROR","firecrawl_search_http_402","BKR1","VTK026025","0"
"P0_API_ERROR","firecrawl_search_http_402","BKR1","VTK026026","0"
"P0_API_ERROR","firecrawl_search_http_402","BKR1","VTK026027","0"
"P0_API_ERROR","firecrawl_search_http_402","BKR1","VTK026028","0"
"P0_API_ERROR","firecrawl_search_http_402","BKR1","VTK026029","0"
"P0_API_ERROR","firecrawl_search_http_429","BKR1","VTK026030","0"
"P0_API_ERROR","firecrawl_search_http_429","BKR1","VTK026031","0"
"P0_API_ERROR","firecrawl_search_http_429","BKR1","VTK026032","0"
"P0_API_ERROR","firecrawl_search_http_429","BKR1","VTK026033","0"
"P0_API_ERROR","firecrawl_search_http_429","BKR1","VTK026034","0"
"P0_API_ERROR","firecrawl_search_http_429","BKR1","VTK026035","0"
"P0_API_ERROR","firecrawl_search_http_429","BKR1","VTK026036","0"
"P0_API_ERROR","firecrawl_search_http_429","BKR1","VTK026037","0"
"P0_API_ERROR","firecrawl_search_http_429","BKR1","VTK026038","0"
"P0_API_ERROR","firecrawl_search_http_429","BKR1","VTK026039","0"
