SKU	PRODUTO	DOMINIO	CATEGORIA	CAMINHO
VTK005491	Cabo Display Port 1.2v Para DVI Fêmea Storm	MLB-AUDIO_AND_VIDEO_CABLES_AND_ADAPTERS	MLB431813	Eletrônicos, Áudio e Vídeo > Cabos > Cabos de Áudio e Vídeo
VTK005775	Cabo Display Port 1.2v Para USB- C Macho Storm	MLB-AUDIO_AND_VIDEO_CABLES_AND_ADAPTERS	MLB431830	Informática > Cabos e Hubs USB > Cabos > Cabos de Áudio e Vídeo
VTK017189	Reparo Para Driver Shock D-250 Selenium	MLB-VEHICLE_COMPRESSION_DRIVERS	MLB46559	Acessórios para Veículos > Som Automotivo > Drivers
VTK017215	Arandela Fiamon Sem Falante Redonda Branca 6"	MLB-VEHICLE_STEREOS_AND_SPEAKERS_KITS	MLB443814	Acessórios para Veículos > Som Automotivo > Reprodutores > Kits de Estéreo e Alto-Falante
VTK017244	Video Balun Evus C-067 1 Canal Mini Cctv Bnc Para Hdcvi Cftv	MLB-AUDIO_AND_VIDEO_CABLES_AND_ADAPTERS	MLB195961	Eletrônicos, Áudio e Vídeo > Acessórios para Áudio e Vídeo > Adaptadores
VTK017267	Controle Remoto Ar Condicionado Elgin Ecoplus Mxt	MLB-AIR_CONDITIONER_REMOTE_CONTROLS	MLB196072	Eletrodomésticos > Ar e Ventilação > Peças e Acessórios > Para Ar Condicionado > Controles Remotos
VTK017331	Cabo Vga Evus C-044 Hd15 Macho X Hd15 Macho Com Filtro 20,0m	MLB-AUDIO_AND_VIDEO_CONVERTERS	MLB421298	Eletrônicos, Áudio e Vídeo > Acessórios para Áudio e Vídeo > Conversores de Aúdio e Vídeo
VTK017336	Cabo De Microfone P10 Macho X Cannon Femea	MLB-AUDIO_AND_VIDEO_CABLES_AND_ADAPTERS	MLB72745	Instrumentos Musicais > Instrumentos de Corda > Acessórios > Cabos
VTK017347	Cabo Optico Splitter Evus Opf-plc1x16-nc250 Plc 1x16 Nc 1,5m G657a1	MLB-FIBER_OPTIC_SPLITTERS	MLB272149	Informática > Conectividade e Redes > Ferramentas > Montagem de Fibra Óptica > Splitters de Fibra Óptica
VTK017384	Cabo De Força Tripolar Megacabos 1,2m Tipo Mickey - Preto - PC / 5	MLB-POWER_CORDS	MLB9600	Informática > Cabos e Hubs USB > Cabos > Cabos de Energia
VTK017456	Cabo Y Rca Blindado Nwt 1mx2f 20cm - Azul	MLB-AUDIO_AND_VIDEO_CABLES_AND_ADAPTERS	MLB438559	Acessórios para Veículos > Som Automotivo > Cabos e Conectores
VTK017504	Jogo De Potes Tramontina Mixcolor 03 Peças 300ml Preto	MLB-FOOD_STORAGE_CONTAINERS	MLB244658	Casa, Móveis e Decoração > Cozinha > Armazenamento e Organização > Potes para Alimentos
VTK017505	Jogo De Potes Tramontina Mixcolor 03 Peças 300ml Vermelho	MLB-FOOD_STORAGE_CONTAINERS	MLB244658	Casa, Móveis e Decoração > Cozinha > Armazenamento e Organização > Potes para Alimentos
VTK017506	Jogo De Potes Tramontina Mixcolor 03 Peças 600ml Preto	MLB-FOOD_STORAGE_CONTAINERS	MLB244658	Casa, Móveis e Decoração > Cozinha > Armazenamento e Organização > Potes para Alimentos
VTK017507	Jogo De Potes Tramontina Mixcolor 03 Peças 600ml Vermelho	MLB-FOOD_STORAGE_CONTAINERS	MLB244658	Casa, Móveis e Decoração > Cozinha > Armazenamento e Organização > Potes para Alimentos
VTK017508	Jogo De Potes Tramontina Mixcolor 02 Peças 2l Vermelho	MLB-FOOD_STORAGE_CONTAINERS	MLB244658	Casa, Móveis e Decoração > Cozinha > Armazenamento e Organização > Potes para Alimentos
VTK017545	Reparo Para Driver Shock D-250 Trio Selenium	MLB-VEHICLE_COMPRESSION_DRIVERS	MLB46559	Acessórios para Veículos > Som Automotivo > Drivers
VTK017562	Carregador Veicular Elgin Usb 12v - 2 Saídas	MLB-MOBILE_DEVICE_CHARGERS	MLB430121	Celulares e Telefones > Acessórios para Celulares > Carregadores e Acessórios > Carregadores
VTK017608	Lâmpada Super Branca Techone H9 55w 6000k Com Inmetro	MLB-VEHICLE_LIGHT_BULBS	MLB191727	Acessórios para Veículos > Peças de Carros e Caminhonetes > Iluminação > Lâmpadas e LEDs > Lâmpadas
VTK017633	Kit Carregadores De Parede + Veicular Elgin Com Cabo Micro Usb 1m	MLB-MOBILE_DEVICE_CHARGERS	MLB430121	Celulares e Telefones > Acessórios para Celulares > Carregadores e Acessórios > Carregadores
VTK017644	Calota Grid 245ca-pta Aro 14 P Mod Gol G7 2017 Ca - PC / 4	MLB-VEHICLE_WHEEL_COVERS	MLB22664	Acessórios para Veículos > Aces. de Carros e Caminhonetes > Exterior > Calotas
VTK017645	Calota Aro 14p 879cp-gft Mod Kwid Zen 2020	MLB-VEHICLE_WHEEL_COVERS	MLB22664	Acessórios para Veículos > Aces. de Carros e Caminhonetes > Exterior > Calotas
VTK017686	Calota Grid Aro 13p 015cb-pta Fiat Modelo Mercurio/ Linea Cubo Baixo - PC / 4	MLB-VEHICLE_WHEEL_COVERS	MLB22664	Acessórios para Veículos > Aces. de Carros e Caminhonetes > Exterior > Calotas
VTK017687	Calota Grid Aro 14p 133cb-pta Gm Modelo Onix/ Prisma 2014/ 15 Cubo Baixo - PC / 4	MLB-VEHICLE_WHEEL_COVERS	MLB22664	Acessórios para Veículos > Aces. de Carros e Caminhonetes > Exterior > Calotas
VTK017701	Calota Grid Aro 13p 158cb-pta Fiat Modelo Palio Fire 2014 Cubo Baixo - PC / 4	MLB-VEHICLE_WHEEL_COVERS	MLB22664	Acessórios para Veículos > Aces. de Carros e Caminhonetes > Exterior > Calotas
VTK017707	Calota Grid Aro 14p 026cb-pta Ford Modelo Fiesta Sedan 2011/ 13 Cubo Baixo - PC / 4	MLB-VEHICLE_WHEEL_COVERS	MLB22664	Acessórios para Veículos > Aces. de Carros e Caminhonetes > Exterior > Calotas
VTK017721	Calota Grid Aro 15p 296cp Prata Argo/cronos 2022 - PC / 4	MLB-VEHICLE_WHEEL_COVERS	MLB22664	Acessórios para Veículos > Aces. de Carros e Caminhonetes > Exterior > Calotas
VTK017735	Kit Adaptador Aquário Cf-375 Para Motorola	MLB-AQUARIUM_WATER_CONDITIONERS	MLB277391	Pet Shop > Peixes > Acessórios para Aquários > Manutenção de Aquários > Condicionadores de Agua
VTK017742	Calota Grid Aro 15" Modelo Nova Strada 2021 - PC / 4	MLB-VEHICLE_WHEEL_COVERS	MLB22664	Acessórios para Veículos > Aces. de Carros e Caminhonetes > Exterior > Calotas
VTK017751	Fonte Chaveada 6v 1a Plug P4 C+ 2.1 X 5.5 Mm	MLB-EMBEDDED_SWITCH_MODE_POWER_SUPPLIES	MLB420411	Eletrônicos, Áudio e Vídeo > Componentes Eletrônicos > Fontes Chaveadas
VTK017754	Calota Grid Aro 14p 053cb-pta Gm Modelo Corsa Hatch 2004 Cubo Baixo - PC / 4	MLB-VEHICLE_WHEEL_COVERS	MLB22664	Acessórios para Veículos > Aces. de Carros e Caminhonetes > Exterior > Calotas
VTK017781	Cabo Y Rca Blindado Nwt 1mx2f 20cm - Vermelho	MLB-AUDIO_AND_VIDEO_CABLES_AND_ADAPTERS	MLB438559	Acessórios para Veículos > Som Automotivo > Cabos e Conectores
VTK017786	Calota Grid Aro 14p 094cb-pta Fiat Modelo Palio Attractive 2012/ 13 Cubo Baixo - PC / 4	MLB-VEHICLE_WHEEL_COVERS	MLB22664	Acessórios para Veículos > Aces. de Carros e Caminhonetes > Exterior > Calotas
VTK017789	Haste Permak Ray Flex Vw Gol Rosca M5/m6	MLB-LENS_CAPS	MLB11937	Câmeras e Acessórios > Lentes e Filtros > Tampas
VTK017812	Calota Aro 14p 879cp-pta Mod Kwid Zen 2020	MLB-VEHICLE_WHEEL_COVERS	MLB22664	Acessórios para Veículos > Aces. de Carros e Caminhonetes > Exterior > Calotas
VTK017815	Calota Grid Aro 14p 295cb Prata Argo/cronos 2022 - PC / 4	MLB-VEHICLE_WHEEL_COVERS	MLB22664	Acessórios para Veículos > Aces. de Carros e Caminhonetes > Exterior > Calotas
VTK017819	Sirene De Ré Fks 12/24v	MLB-VEHICLE_SECURITY	MLB115699	Acessórios para Veículos > Segurança Veicular > Sirenes
VTK017831	Calota Grid Aro 14p 293cb Prata Mobi 2021 - PC / 4	MLB-VEHICLE_WHEEL_COVERS	MLB22664	Acessórios para Veículos > Aces. de Carros e Caminhonetes > Exterior > Calotas
VTK017842	Módulo Tury Para Vidro Elétrico Ae Pro2.10cr	MLB-VEHICLE_POWER_WINDOW_REGULATORS	MLB191714	Acessórios para Veículos > Peças de Carros e Caminhonetes > Janelas e Vedações > Sistemas de Elevação > Elétrico
VTK017844	Calota Grid Aro 13p 069cb-pta Gm Modelo Corsa Classic 2012/ 15 Cubo Baixo - PC / 4	MLB-VEHICLE_WHEEL_COVERS	MLB22664	Acessórios para Veículos > Aces. de Carros e Caminhonetes > Exterior > Calotas
VTK017845	Calota Grid Aro 15a 869ar-pta Modelo Renault Sandero 2014/ 16 - PC / 4	MLB-VEHICLE_WHEEL_COVERS	MLB22664	Acessórios para Veículos > Aces. de Carros e Caminhonetes > Exterior > Calotas
VTK017846	Calota Grid Aro 14p 048ca-pta Volkswaggen Modelo Gol/ Saveiro G5 1.6 2012/ 13 Cubo Alto - PC / 4	MLB-VEHICLE_WHEEL_COVERS	MLB22664	Acessórios para Veículos > Aces. de Carros e Caminhonetes > Exterior > Calotas
VTK017862	Calota Grid Aro 14p 079cb-pta Fiat Modelo Uno Way 2011/ 12 - PC / 4	MLB-VEHICLE_WHEEL_COVERS	MLB22664	Acessórios para Veículos > Aces. de Carros e Caminhonetes > Exterior > Calotas
VTK017864	Calota Grid Aro 14a 870ar-pta Modelo Renault Logan 2014/ 16 - PC / 4	MLB-VEHICLE_WHEEL_COVERS	MLB22664	Acessórios para Veículos > Aces. de Carros e Caminhonetes > Exterior > Calotas
VTK017888	Módulo Tury Para Vidro Elétrico Ae Pro2.8cw	MLB-VEHICLE_POWER_WINDOW_REGULATORS	MLB191714	Acessórios para Veículos > Peças de Carros e Caminhonetes > Janelas e Vedações > Sistemas de Elevação > Elétrico
VTK017893	Calota Grid Aro 13p 227cb-pta Fiat Modelo Uno Mille Way Cubo Baixo - PC / 4	MLB-VEHICLE_WHEEL_COVERS	MLB22664	Acessórios para Veículos > Aces. de Carros e Caminhonetes > Exterior > Calotas
VTK017894	Calota Grid Aro 14p 340cb-pta Ford Modelo Novo Ka / K+ 2015 Cubo Baixo - PC / 4	MLB-VEHICLE_WHEEL_COVERS	MLB22664	Acessórios para Veículos > Aces. de Carros e Caminhonetes > Exterior > Calotas
VTK017926	Lampada Multilaser Super Led H3 6200k Par	MLB-VEHICLE_LED_BULBS	MLB5759	Acessórios para Veículos > Tuning > Iluminação > Lâmpadas > Lâmpadas de Led
VTK017927	Calota Grid Aro 13p 080cb-pta Modulo Palio Fire 2011/ 13 Cubo Baixo - PC / 4	MLB-VEHICLE_WHEEL_COVERS	MLB22664	Acessórios para Veículos > Aces. de Carros e Caminhonetes > Exterior > Calotas
VTK017928	Calota Grid Aro 14p 109cb-pta Gm Modelo Agile 2012/ 13 Cubo Baixo - PC / 4	MLB-VEHICLE_WHEEL_COVERS	MLB22664	Acessórios para Veículos > Aces. de Carros e Caminhonetes > Exterior > Calotas
VTK017929	Calota Grid Aro 13a 101ar-pta Modelo Orbital Aro Pressão - PC / 4	MLB-VEHICLE_WHEEL_COVERS	MLB22664	Acessórios para Veículos > Aces. de Carros e Caminhonetes > Exterior > Calotas
VTK017930	Chave Canivete B&s Gm Cruze/ Cobalt/ Agile 3 Botoes Sem Circuito	MLB-VEHICLE_IGNITION_SWITCHES	MLB63526	Acessórios para Veículos > Peças de Carros e Caminhonetes > Fechaduras e Chaves > Interruptores de Energia
VTK017964	Calota Grid Aro 13p 054cb-pta Fiat Modelo Uno Fire 2004/ 05 Cubo Baixo - PC / 4	MLB-VEHICLE_WHEEL_COVERS	MLB22664	Acessórios para Veículos > Aces. de Carros e Caminhonetes > Exterior > Calotas
VTK017968	Cabo óptico Splitter Intelbras Xfs 1321 Plc 1x32 Sc/upc 4830044	MLB-FIBER_OPTIC_SPLITTERS	MLB272149	Informática > Conectividade e Redes > Ferramentas > Montagem de Fibra Óptica > Splitters de Fibra Óptica
VTK017969	Corneta Profissional Jbl Hl11-25 Trio Branca	MLB-HORN_DRIVERS	MLB46560	Acessórios para Veículos > Som Automotivo > Cornetas
VTK017972	Calota Aro 15a 878ar-pta Mod Logan / Sandero 2020 - PC / 4	MLB-VEHICLE_WHEEL_COVERS	MLB22664	Acessórios para Veículos > Aces. de Carros e Caminhonetes > Exterior > Calotas
VTK017986	Driver Fenólico Jbl D450 Trio 300w 8r Rms	MLB-VEHICLE_COMPRESSION_DRIVERS	MLB46559	Acessórios para Veículos > Som Automotivo > Drivers
VTK017990	Calota Grid 244ca-pta Aro 13 P Mod Gol G7 2017 - PC / 4	MLB-VEHICLE_WHEEL_COVERS	MLB22664	Acessórios para Veículos > Aces. de Carros e Caminhonetes > Exterior > Calotas
VTK017995	Conversor De Audio/video Evus C-085 Hdmi Para 3 Rca	MLB-AUDIO_AND_VIDEO_CONVERTERS	MLB421298	Eletrônicos, Áudio e Vídeo > Acessórios para Áudio e Vídeo > Conversores de Aúdio e Vídeo
VTK018013	Trava Elétrica Soft Aa420011 Novo Uno / Celta / Eco / Fiest / Palio 99 4portas	MLB-VEHICLE_ELECTRIC_DOOR_LOCKS	MLB22369	Acessórios para Veículos > Segurança Veicular > Travas Elétricas
VTK018020	Calota Grid Aro 13p 004cb-pta Gm Modelo Corsa Wind 2000 Cubo Baixo - PC / 4	MLB-VEHICLE_WHEEL_COVERS	MLB22664	Acessórios para Veículos > Aces. de Carros e Caminhonetes > Exterior > Calotas
VTK018053	Calota Grid Aro 14a 136ar-pta Citroen Modelo C3/ C4 2014/ 15 - PC / 4	MLB-VEHICLE_WHEEL_COVERS	MLB22664	Acessórios para Veículos > Aces. de Carros e Caminhonetes > Exterior > Calotas
VTK018054	Calota Grid Aro 13p 074cb-pta Fiat Modelo Siena/ Palio 2009/ 10 Cubo Baixo - PC / 4	MLB-VEHICLE_WHEEL_COVERS	MLB22664	Acessórios para Veículos > Aces. de Carros e Caminhonetes > Exterior > Calotas
VTK018058	Calota Grid Aro 14p 185cb-pta Modelo Hb20/ Hb20s 2014/ 15 - PC / 4	MLB-VEHICLE_WHEEL_COVERS	MLB22664	Acessórios para Veículos > Aces. de Carros e Caminhonetes > Exterior > Calotas
VTK018059	Calota Grid Aro 14p 067ca-pta Volkswaggen Modelo Gol Trend G5 2007/ 08 Cubo Alto - PC / 4	MLB-VEHICLE_WHEEL_COVERS	MLB22664	Acessórios para Veículos > Aces. de Carros e Caminhonetes > Exterior > Calotas
VTK018079	Microventilador Nwt 172x150x5mm Tensão 110v/220vac	MLB-DESKTOP_COMPUTER_COOLERS_AND_FANS	MLB2676	Informática > Componentes para PC > Refrigeração > Coolers e Ventoinhas
VTK018098	Calota Grid Aro 13p 230cb-pta Fiat Modelo Palio Fire 20015/ 16 - PC / 4	MLB-VEHICLE_WHEEL_COVERS	MLB22664	Acessórios para Veículos > Aces. de Carros e Caminhonetes > Exterior > Calotas
VTK018099	Calota Grid Aro 14p 166ca-pta Fiat Modelo Strada Trekking 2014 Cubo Alto - PC / 4	MLB-VEHICLE_WHEEL_COVERS	MLB22664	Acessórios para Veículos > Aces. de Carros e Caminhonetes > Exterior > Calotas
VTK018100	Calota Grid Aro 14p 025cb-pta Ford Modelo Fiesta Hatch 2011/ 12 Cubo Baixo - PC / 4	MLB-VEHICLE_WHEEL_COVERS	MLB22664	Acessórios para Veículos > Aces. de Carros e Caminhonetes > Exterior > Calotas
VTK018101	Calota Grid Aro 15p 078cp-pta Volkswaggen Modelo Fox/ Space 2012/ 13 Cubo Padrão - PC / 4	MLB-VEHICLE_WHEEL_COVERS	MLB22664	Acessórios para Veículos > Aces. de Carros e Caminhonetes > Exterior > Calotas
VTK018107	Arandela Frahm Sem Borda 6" 100w Quadrada	MLB-SPEAKERS	MLB11507	Eletrônicos, Áudio e Vídeo > Áudio > Caixas Acústicas 
VTK018130	Sirene Bitonal Fks 12v Preta	MLB-VEHICLE_SECURITY	MLB115699	Acessórios para Veículos > Segurança Veicular > Sirenes
VTK018134	Cabo Coaxial Cabletech Master 40 40% Rgc 06 Preto 100 Metros	MLB-NETWORK_CABLES	MLB431815	Eletrônicos, Áudio e Vídeo > Cabos > Cabos de Rede
VTK018140	Calota Grid Aro 14p 073cb-pta Fiat Modelo Siena/ Palio 2009/ 10 Cubo Baixo - PC / 4	MLB-VEHICLE_WHEEL_COVERS	MLB22664	Acessórios para Veículos > Aces. de Carros e Caminhonetes > Exterior > Calotas
VTK018142	Calota Grid Aro 15p 119cp-pta Volkswaggen Modelo Fox/ Space/ Polo 2014 Cubo Padrao - PC / 4	MLB-VEHICLE_WHEEL_COVERS	MLB22664	Acessórios para Veículos > Aces. de Carros e Caminhonetes > Exterior > Calotas
VTK018149	Sinalizador Veicular Gcp Ss 1000	MLB-ELECTRONIC_SAFETY_FLARES	MLB431675	Acessórios para Veículos > Acessórios Náuticos > Segurança e Salvamento > Sinalizadores > Elétricos
VTK018182	Calota Grid Aro 13p 092cb-pta Fiat Modelo Grand Siena 2012/ 13 Cubo Baixo - PC / 4	MLB-VEHICLE_WHEEL_COVERS	MLB22664	Acessórios para Veículos > Aces. de Carros e Caminhonetes > Exterior > Calotas
VTK018183	Calota Grid Aro 13p 220cb-pta Fiat Modelo Palio Essence 2014/ 15 Cubo Baixo - PC / 4	MLB-VEHICLE_WHEEL_COVERS	MLB22664	Acessórios para Veículos > Aces. de Carros e Caminhonetes > Exterior > Calotas
VTK018184	Calota Grid Aro 14p 370cb-pta Gm Modelo Montana 2013/ 15 Cubo Baixo - PC / 4	MLB-VEHICLE_WHEEL_COVERS	MLB22664	Acessórios para Veículos > Aces. de Carros e Caminhonetes > Exterior > Calotas
VTK018185	Calota Grid Aro 15p 030cp-pta Modelo Agile 2010/2013 Cubo Padrão - PC / 4	MLB-VEHICLE_WHEEL_COVERS	MLB22664	Acessórios para Veículos > Aces. de Carros e Caminhonetes > Exterior > Calotas
VTK018188	Calota Grid Aro 14p 117ca-pta Volkswaggen Modelo Gol/ Voyage G5/ G6 2014 Cubo Alto - PC / 4	MLB-VEHICLE_WHEEL_COVERS	MLB22664	Acessórios para Veículos > Aces. de Carros e Caminhonetes > Exterior > Calotas
VTK018234	Calota Grid Aro 14p 241ca-pta Volkswaggen Modelo Gol / Voyage G6 2015 Cubo Alto - PC / 4	MLB-VEHICLE_WHEEL_COVERS	MLB22664	Acessórios para Veículos > Aces. de Carros e Caminhonetes > Exterior > Calotas
VTK018235	Calota Grid Aro 14p 112ca-pta Volkswaggen Modelo Gol/ Voyage G5/ G6 2013 Cubo Alto - PC / 4	MLB-VEHICLE_WHEEL_COVERS	MLB22664	Acessórios para Veículos > Aces. de Carros e Caminhonetes > Exterior > Calotas
VTK018237	Calota Grid 602ar-pta Aro 15 Ar Universal Gss - PC / 4	MLB-VEHICLE_WHEEL_COVERS	MLB22664	Acessórios para Veículos > Aces. de Carros e Caminhonetes > Exterior > Calotas
VTK018242	Calota Aro 15p 193cp-pta Mod Hb20 2020 - PC / 4	MLB-VEHICLE_WHEEL_COVERS	MLB22664	Acessórios para Veículos > Aces. de Carros e Caminhonetes > Exterior > Calotas
VTK018291	Módulo Para Rebatimento De Espelho Retrovisor Fks Mce300 Re	MLB-VEHICLE_AMPLIFIERS	MLB3385	Acessórios para Veículos > Som Automotivo > Módulos Amplificadores
VTK018299	Calota Aro 14p 344cb-pta Mod Ka+ 2019 Cb - PC / 4	MLB-VEHICLE_WHEEL_COVERS	MLB22664	Acessórios para Veículos > Aces. de Carros e Caminhonetes > Exterior > Calotas
VTK018304	Chicote Permak Para Cd Honda Civic 2007 A 2011 - 35/d2	MLB-VEHICLE_WIRE_HARNESSES	MLB430193	Acessórios para Veículos > Som Automotivo > Reprodutores > Acessórios > Chicotes do Radio
VTK018362	Calota Grid Aro 13p 013cb-pta Ford Modelo Ka 2008/ 12 Cubo Baixo - PC / 4	MLB-VEHICLE_WHEEL_COVERS	MLB22664	Acessórios para Veículos > Aces. de Carros e Caminhonetes > Exterior > Calotas
VTK018363	Calota Grid Aro 14a 100ar-pta Modelo Orbital Aro De Pressão - PC / 4	MLB-VEHICLE_WHEEL_COVERS	MLB22664	Acessórios para Veículos > Aces. de Carros e Caminhonetes > Exterior > Calotas
VTK018364	Calota Grid Aro 14p 049cb-pta Modelo Volkswaggen Fox Até 2012/ 13 Cubo Baixo - PC / 4	MLB-VEHICLE_WHEEL_COVERS	MLB22664	Acessórios para Veículos > Aces. de Carros e Caminhonetes > Exterior > Calotas
VTK018379	Calota Grid 291cb-pta Aro 14 P Mod Mobi 2017 - PC / 4	MLB-VEHICLE_WHEEL_COVERS	MLB22664	Acessórios para Veículos > Aces. de Carros e Caminhonetes > Exterior > Calotas
VTK018380	Calota Grid 373cb-pta Aro 14 P Mod Onix 2017 - PC / 4	MLB-VEHICLE_WHEEL_COVERS	MLB22664	Acessórios para Veículos > Aces. de Carros e Caminhonetes > Exterior > Calotas
VTK018385	Reparo Para Driver Shock Completo Kd-305 Keybass	MLB-VEHICLE_COMPRESSION_DRIVERS	MLB46559	Acessórios para Veículos > Som Automotivo > Drivers
VTK018386	Calota Aro 14p 133cb-pof Mod Onix / Prisma 2014/ 16 Cb - PC / 4	MLB-VEHICLE_WHEEL_COVERS	MLB22664	Acessórios para Veículos > Aces. de Carros e Caminhonetes > Exterior > Calotas
VTK018428	Cabo Coaxial Cabletech Std-40+tp3 Branco 100 Metros 801214000p01cb12	MLB-NETWORK_CABLES	MLB431815	Eletrônicos, Áudio e Vídeo > Cabos > Cabos de Rede
VTK018434	Tela Para Alto Falante Permak 114/o 12" Plástica - PC / 2	MLB-SPEAKER_GRILLS	MLB6535	Acessórios para Veículos > Som Automotivo > Grades para Caixas de Som
VTK018438	Calota Grid Aro 15a 120ar-pta Modelo Honda Fit / City 2015/ 16 - PC / 4	MLB-VEHICLE_WHEEL_COVERS	MLB22664	Acessórios para Veículos > Aces. de Carros e Caminhonetes > Exterior > Calotas
VTK018448	Bandeja Móvel Max Eletron 19 1u X 600mm Ventilada 4 Pontos	MLB-SERVING_AND_HOME_TRAYS	MLB193616	Casa, Móveis e Decoração > Cozinha > Louça e Artigos para Servir > Bandejas
VTK018518	Módulo De Vidro Elétrico Quantum Lv8fc50 Para Ranger 2013 2 Portas	MLB-VEHICLE_POWER_WINDOW_REGULATORS	MLB191714	Acessórios para Veículos > Peças de Carros e Caminhonetes > Janelas e Vedações > Sistemas de Elevação > Elétrico
VTK018533	Calota Grid Aro 13p 060ca-pta Modelo Volkswaggen Gol G4 2006 Cubo Alto - PC / 4	MLB-VEHICLE_WHEEL_COVERS	MLB22664	Acessórios para Veículos > Aces. de Carros e Caminhonetes > Exterior > Calotas
VTK018535	Calota Grid Aro 14p 121cp-pta Modelo Volkswaggen Fox/ Polo 2014 Cubo Padrão - PC / 4	MLB-VEHICLE_WHEEL_COVERS	MLB22664	Acessórios para Veículos > Aces. de Carros e Caminhonetes > Exterior > Calotas
VTK018550	Interface De Desbloqueio De Central Multimídia Original Bee Link Fiat Argo/cronos 2019	MLB-AUDIO_INTERFACES	MLB416844	Eletrônicos, Áudio e Vídeo > Áudio > Estúdio de Gravação > Interfaces de Áudio
VTK018551	Calota Aro 14p 373cb-gft Mod Onix / Prisma 2017/ 18 Cb - PC / 4	MLB-VEHICLE_WHEEL_COVERS	MLB22664	Acessórios para Veículos > Aces. de Carros e Caminhonetes > Exterior > Calotas
VTK018585	Kit De Lâmpada Tarponn Tp-6108 Ultraled Hb4 12v 40w	MLB-VEHICLE_LED_BULBS	MLB5759	Acessórios para Veículos > Tuning > Iluminação > Lâmpadas > Lâmpadas de Led
VTK018586	Calota Aro Grid 150cp-pbp-u 15p Sport T-cross 25 - PC / 4	MLB-VEHICLE_WHEEL_COVERS	MLB22664	Acessórios para Veículos > Aces. de Carros e Caminhonetes > Exterior > Calotas
VTK018598	Arandela Frahm 6" Coaxial 30w Rms 8r Redonda 30158	MLB-SPEAKERS	MLB11507	Eletrônicos, Áudio e Vídeo > Áudio > Caixas Acústicas 
VTK018608	Chicote Dedicado Positron Pronnect Hyundai Veloster 2013	MLB-VEHICLE_WIRE_HARNESSES	MLB431130	Acessórios para Veículos > Peças de Carros e Caminhonetes > Sistema Elétrico > Instalações Elétricas
VTK018613	Modulo De Vidro Fks Mlv408 Co Para Hyundai Ix35 Top Com Conector Original	MLB-VEHICLE_POWER_WINDOW_REGULATORS	MLB191714	Acessórios para Veículos > Peças de Carros e Caminhonetes > Janelas e Vedações > Sistemas de Elevação > Elétrico
VTK018619	Calota Grid Aro 14p 191cb-pta Modelo Hb20/ Hb20s 2016 Cubo Baixo - PC / 4	MLB-VEHICLE_WHEEL_COVERS	MLB22664	Acessórios para Veículos > Aces. de Carros e Caminhonetes > Exterior > Calotas
VTK018621	Calota Grid Aro 13p 047ca-pta Modelo Volkswaggen Gol G5 1.6 2012/ 13 Cubo Alto - PC / 4	MLB-VEHICLE_WHEEL_COVERS	MLB22664	Acessórios para Veículos > Aces. de Carros e Caminhonetes > Exterior > Calotas
VTK018622	Calota Grid Aro 13p 082ca-pta Modelo Gol G5/ Voyage/ Saveiro 2009/ 11 Cubo Alto - PC / 4	MLB-VEHICLE_WHEEL_COVERS	MLB22664	Acessórios para Veículos > Aces. de Carros e Caminhonetes > Exterior > Calotas
VTK018635	Capota Marítima Concórdia Flash Cover Ba155l Volkwagen Saveiro Cabine Simples Com Gancho 2010+ Baguete	MLB-VEHICLE_BED_COVERS	MLB46680	Acessórios para Veículos > Aces. de Carros e Caminhonetes > Exterior > Acessórios de Caçamba > Capotas
VTK018639	Kit Ventilador Universal Para Rack Piso Max Eletron Com 4 Coolers	MLB-FANS	MLB1645	Eletrodomésticos > Ar e Ventilação > Ventiladores
VTK018647	Calota Aro 14p 009ca-gft Mod Gol G5/ Voyage/saveiro 2009/ 11 Ca - PC / 4	MLB-VEHICLE_WHEEL_COVERS	MLB22664	Acessórios para Veículos > Aces. de Carros e Caminhonetes > Exterior > Calotas
VTK018648	Calota Aro 14p 026cb-gft Mod Fiesta Hatch / Sedan 2011/ 13 Cb - PC / 4	MLB-VEHICLE_WHEEL_COVERS	MLB22664	Acessórios para Veículos > Aces. de Carros e Caminhonetes > Exterior > Calotas
VTK018649	Calota Grid Aro 14a 461ar-grafite Modelo Etios 2014/2015 Ar - PC / 4	MLB-VEHICLE_WHEEL_COVERS	MLB22664	Acessórios para Veículos > Aces. de Carros e Caminhonetes > Exterior > Calotas
VTK018664	Antena Permak Am/fm 2 Estágio Preta	MLB-VEHICLE_ANTENNAS	MLB45256	Acessórios para Veículos > Som Automotivo > Antenas
VTK018669	Central Soft Unique Aw52 2v Kwid 2017+	MLB-BUSINESS_TELEPHONE_SYSTEMS	MLB7503	Celulares e Telefones > Telefonia Fixa e Sem Fio > Centrais Telefônicas > Centrais
VTK018702	Alto Falante Hinor Hpl 18" 1000w Rms 8r Subwoofer	MLB-VEHICLE_SPEAKERS	MLB3905	Acessórios para Veículos > Som Automotivo > Alto-Falantes
VTK018706	Protetor De Carter Dhf-240 Stilo 2003	MLB-VEHICLE_SUMP_GUARDS	MLB194788	Acessórios para Veículos > Peças de Carros e Caminhonetes > Motor > Componentes de Motor > Cárters de Motores > Protetor de Cárter
VTK018710	Kit Adaptador Aquário Cf-265 Para Nokia 8265	MLB-AQUARIUM_WATER_CONDITIONERS	MLB277391	Pet Shop > Peixes > Acessórios para Aquários > Manutenção de Aquários > Condicionadores de Agua
VTK018735	Calota Grid Aro 15a 130ar-pta Citroen Modelo C3 2014/ 15 - PC / 4	MLB-VEHICLE_WHEEL_COVERS	MLB22664	Acessórios para Veículos > Aces. de Carros e Caminhonetes > Exterior > Calotas
VTK018738	Calota Grid Aro 14a 065ar-pta Modelo Renault Clio / Logan 2007/ 08 Aro De Pressão - PC / 4	MLB-VEHICLE_WHEEL_COVERS	MLB22664	Acessórios para Veículos > Aces. de Carros e Caminhonetes > Exterior > Calotas
VTK018739	Calota Grid Aro 14p 108ca-pta Volkswaggen Modelo Saveiro 2013 Cubo Alto - PC / 4	MLB-VEHICLE_WHEEL_COVERS	MLB22664	Acessórios para Veículos > Aces. de Carros e Caminhonetes > Exterior > Calotas
VTK018740	Calota Grid Aro 14p 190ca-pta Volkswaggen Modelo Saveiro 2014/ 15 Cubo Alto - PC / 4	MLB-VEHICLE_WHEEL_COVERS	MLB22664	Acessórios para Veículos > Aces. de Carros e Caminhonetes > Exterior > Calotas
VTK018741	Calota Grid Aro 15p 242cp-pta Gol/ Voyage 15 Cubo Pequeno - PC / 4	MLB-VEHICLE_WHEEL_COVERS	MLB22664	Acessórios para Veículos > Aces. de Carros e Caminhonetes > Exterior > Calotas
VTK018748	Capota Marítima Flash Cover Ff154 Volkswagen Saveiro Ce Sem Gancho 2010/2020 Force	MLB-VEHICLE_BED_COVERS	MLB46680	Acessórios para Veículos > Aces. de Carros e Caminhonetes > Exterior > Acessórios de Caçamba > Capotas
VTK018755	Calota Grid 375cb-pta Aro 15 P Mod Onix/prisma 17/18 - PC / 4	MLB-VEHICLE_WHEEL_COVERS	MLB22664	Acessórios para Veículos > Aces. de Carros e Caminhonetes > Exterior > Calotas
VTK018768	Conversor Balun Max Eletron Câmera Rack Power Rj 45 Bnc + P4 C/2	MLB-AUDIO_AND_VIDEO_CONVERTERS	MLB421298	Eletrônicos, Áudio e Vídeo > Acessórios para Áudio e Vídeo > Conversores de Aúdio e Vídeo
VTK018795	Calota Grid Aro 14p 378cb Prata Onix/prisma 2021 - PC / 4	MLB-VEHICLE_WHEEL_COVERS	MLB22664	Acessórios para Veículos > Aces. de Carros e Caminhonetes > Exterior > Calotas
VTK018796	Calota Grid Aro 15p 379cp Prata Onix/prisma 2021 - PC / 4	MLB-VEHICLE_WHEEL_COVERS	MLB22664	Acessórios para Veículos > Aces. de Carros e Caminhonetes > Exterior > Calotas
VTK018830	Cabo De Bateria Technoise 70,00mm² Vermelho - Rolo Com 10m	MLB-AUDIO_AND_VIDEO_CABLES_AND_ADAPTERS	MLB72745	Instrumentos Musicais > Instrumentos de Corda > Acessórios > Cabos
VTK018857	Alto Falante Selenium Jbl Original Pro 2206-h 12" 8r 600w Rms Woofer	MLB-VEHICLE_SPEAKERS	MLB3905	Acessórios para Veículos > Som Automotivo > Alto-Falantes
VTK018886	Calota Grid Aro 14p 093cb-pta Fiat Modelo Grand Siena 2012/ 13 Cubo Baixo - PC / 4	MLB-VEHICLE_WHEEL_COVERS	MLB22664	Acessórios para Veículos > Aces. de Carros e Caminhonetes > Exterior > Calotas
VTK018890	Calota Grid Aro 15a 085ar-pta Modelo Renault Sandero/ Logan/ Scenic 2008/ 11 Aro De Pressão - PC / 4	MLB-VEHICLE_WHEEL_COVERS	MLB22664	Acessórios para Veículos > Aces. de Carros e Caminhonetes > Exterior > Calotas
VTK018892	Calota Grid Aro 14p 061ca-pta Volkswaggen Modelo Gol G4 / Parati 2006 - PC / 4	MLB-VEHICLE_WHEEL_COVERS	MLB22664	Acessórios para Veículos > Aces. de Carros e Caminhonetes > Exterior > Calotas
VTK018911	Capota Marítima Flash Cover Ff123 Nissan Frontier Sel D40 Cabine Dupla 2009/2015 Force	MLB-VEHICLE_BED_COVERS	MLB46680	Acessórios para Veículos > Aces. de Carros e Caminhonetes > Exterior > Acessórios de Caçamba > Capotas
VTK018912	Haste Curta Olimpus Da Antena Para Onix	MLB-VEHICLE_ANTENNAS	MLB45256	Acessórios para Veículos > Som Automotivo > Antenas
VTK018915	Calota Grid 292cb-pta Aro 14 P Mod Argo 2017 - PC / 4	MLB-VEHICLE_WHEEL_COVERS	MLB22664	Acessórios para Veículos > Aces. de Carros e Caminhonetes > Exterior > Calotas
VTK018931	Calota Grid Aro 14p 292cb-pof Mod Argo 2017/18 Cb - PC / 4	MLB-VEHICLE_WHEEL_COVERS	MLB22664	Acessórios para Veículos > Aces. de Carros e Caminhonetes > Exterior > Calotas
VTK018933	Calota Aro 14p 877cp-gft Mod Kwid 2018/ 19 Cp - PC / 4	MLB-VEHICLE_WHEEL_COVERS	MLB22664	Acessórios para Veículos > Aces. de Carros e Caminhonetes > Exterior > Calotas
VTK018935	Antena Permak Shark Preta 100/m	MLB-VEHICLE_ANTENNAS	MLB45256	Acessórios para Veículos > Som Automotivo > Antenas
VTK018936	Antena Permak Shark Prata 100/m2	MLB-VEHICLE_ANTENNAS	MLB45256	Acessórios para Veículos > Som Automotivo > Antenas
VTK018941	Cabo Lan Megacabos Cat5e 8 Vias Interno 1km	MLB-NETWORK_CABLES	MLB270088	Informática > Conectividade e Redes > Cabos de Rede e Acessórios > Cabos de Rede
VTK018968	Antena Olimpus New Flex Fiat Traseira 12+	MLB-VEHICLE_ANTENNAS	MLB45256	Acessórios para Veículos > Som Automotivo > Antenas
VTK019004	Calota Aro Grid 246cp-pbp-u Idea 15p Gol G7 17/18 - PC / 4	MLB-VEHICLE_WHEEL_COVERS	MLB22664	Acessórios para Veículos > Aces. de Carros e Caminhonetes > Exterior > Calotas
VTK019016	Cabo Coaxial Cabletech Rge-58 75% Preto 100 Metros	MLB-NETWORK_CABLES	MLB431815	Eletrônicos, Áudio e Vídeo > Cabos > Cabos de Rede
VTK019018	Alto Falante Eros Neo E-515-neo-4 15" 4r 500w Rms	MLB-VEHICLE_SPEAKERS	MLB3905	Acessórios para Veículos > Som Automotivo > Alto-Falantes
VTK019039	Módulo De Vidro Elétrico Quantum Lv8fc54 Hyundai Novo I30 2014	MLB-VEHICLE_POWER_WINDOW_REGULATORS	MLB191714	Acessórios para Veículos > Peças de Carros e Caminhonetes > Janelas e Vedações > Sistemas de Elevação > Elétrico
VTK019044	Cabo Flexível Remoto Technoise 100% Cobre Azul 1.50 Mm Rolo 100 Metros	MLB-ELECTRICAL_CABLES	MLB455454	Construção > Energia > Cabos e Acessórios > Cabos Elétricos
VTK019052	Módulo Trava Elétrica Speed-lock Tury Lock2.0	MLB-VEHICLE_ELECTRIC_DOOR_LOCKS	MLB22369	Acessórios para Veículos > Segurança Veicular > Travas Elétricas
VTK019068	Calota Grid Aro 13p 124cb-pta Ford Ka 2014 Cubo Baixo - PC / 4	MLB-VEHICLE_WHEEL_COVERS	MLB22664	Acessórios para Veículos > Aces. de Carros e Caminhonetes > Exterior > Calotas
VTK019070	Calota Grid Aro 14a 086ar-pta Modelo Renault Sandero/ Logan 2009/ 13 Aro De Pressão - PC / 4	MLB-VEHICLE_WHEEL_COVERS	MLB22664	Acessórios para Veículos > Aces. de Carros e Caminhonetes > Exterior > Calotas
VTK019071	Calota Grid Aro 14p Volkswaggen Modelo Gol/ Voyage G5/ G6 2013 Cubo Baixo - PC / 4	MLB-VEHICLE_WHEEL_COVERS	MLB22664	Acessórios para Veículos > Aces. de Carros e Caminhonetes > Exterior > Calotas
VTK019089	Capota Marítima Concórdia Flash Cover Ba130l Mitsubishi L200 Triton 2009/2017 Baguete	MLB-VEHICLE_BED_COVERS	MLB46680	Acessórios para Veículos > Aces. de Carros e Caminhonetes > Exterior > Acessórios de Caçamba > Capotas
VTK019090	Capota Marítima Concórdia Flash Cover Ba093l Volkswagen Saveiro Sem Grade 1982/1997 Baguete	MLB-VEHICLE_BED_COVERS	MLB46680	Acessórios para Veículos > Aces. de Carros e Caminhonetes > Exterior > Acessórios de Caçamba > Capotas
VTK019092	Capota Marítima Flash Cover Ff166 Chevrolet Montana 2011/2021 Force	MLB-VEHICLE_BED_COVERS	MLB46680	Acessórios para Veículos > Aces. de Carros e Caminhonetes > Exterior > Acessórios de Caçamba > Capotas
VTK019094	Capota Marítima Flash Cover Ff194 Toyota Hilux Cabine Dupla 2016+ Force	MLB-VEHICLE_BED_COVERS	MLB46680	Acessórios para Veículos > Aces. de Carros e Caminhonetes > Exterior > Acessórios de Caçamba > Capotas
VTK019095	Capota Marítima Flash Cover Ff126 Fiat Strada Cabine Estendida Com Gancho Com Step 1998/2013 Force	MLB-VEHICLE_BED_COVERS	MLB46680	Acessórios para Veículos > Aces. de Carros e Caminhonetes > Exterior > Acessórios de Caçamba > Capotas
VTK019096	Ultra Led Shocklight (par) H27 12v 50w 6000k 4000lm	MLB-VEHICLE_LED_BULBS	MLB5759	Acessórios para Veículos > Tuning > Iluminação > Lâmpadas > Lâmpadas de Led
VTK019098	Módulo Speed-lock Tury Trava Eletrica Ac03b Toyota Etios A Partir De 2017	MLB-VEHICLE_POWER_WINDOW_REGULATORS	MLB191714	Acessórios para Veículos > Peças de Carros e Caminhonetes > Janelas e Vedações > Sistemas de Elevação > Elétrico
VTK019099	Capota Marítima Flash Cover Ff147 Fiat Strada Cabine Dupla Sem Gancho Com Step 2010/2013 Force	MLB-VEHICLE_BED_COVERS	MLB46680	Acessórios para Veículos > Aces. de Carros e Caminhonetes > Exterior > Acessórios de Caçamba > Capotas
VTK019108	Capota Marítima Flash Cover Ff173 Volkswagen Amarok Cabine Simples 2010+ Force	MLB-VEHICLE_BED_COVERS	MLB46680	Acessórios para Veículos > Aces. de Carros e Caminhonetes > Exterior > Acessórios de Caçamba > Capotas
VTK019114	Aw32 Soft Cn Orig 4v Toyota Etios 4v 14+	MLB-VEHICLE_POWER_WINDOW_REGULATORS	MLB191714	Acessórios para Veículos > Peças de Carros e Caminhonetes > Janelas e Vedações > Sistemas de Elevação > Elétrico
VTK019117	Expansor Corneta Fiamon 1450 Red. Curta Bicolor Amarelo Fluorescente	MLB-HORN_DRIVERS	MLB46560	Acessórios para Veículos > Som Automotivo > Cornetas
VTK019118	Módulo De Vidro Elétrico Tury Ae Pro 4.78br	MLB-VEHICLE_POWER_WINDOW_REGULATORS	MLB191714	Acessórios para Veículos > Peças de Carros e Caminhonetes > Janelas e Vedações > Sistemas de Elevação > Elétrico
VTK019122	Calota Aro 14p 344cb-gft Mod Ka+ 2019 Cb - PC / 4	MLB-VEHICLE_WHEEL_COVERS	MLB22664	Acessórios para Veículos > Aces. de Carros e Caminhonetes > Exterior > Calotas
VTK019168	Módulo De Vidro Tury Ae Pro3.4b	MLB-VEHICLE_POWER_WINDOW_REGULATORS	MLB191714	Acessórios para Veículos > Peças de Carros e Caminhonetes > Janelas e Vedações > Sistemas de Elevação > Elétrico
VTK019659	Palheta Automotiva Isoflex Flexível Silicone 26"	MLB-VEHICLE_WINDSHIELD_WIPERS	MLB63484	Acessórios para Veículos > Peças de Carros e Caminhonetes > Peças de Exterior > Limpadores e Lavadores > Escovas e Recambios > Palhetas
VTK020602	Cabo Para Microfone Mono Tiaflex Espiralado 100 Metros 1x0,20 Mm 502010	MLB-AUDIO_AND_VIDEO_CABLES_AND_ADAPTERS	MLB72745	Instrumentos Musicais > Instrumentos de Corda > Acessórios > Cabos
VTK020645	Capota Marítima Flash Cover Ff130 Mitsubishi L200 Triton 2009/2017 Force	MLB-VEHICLE_BED_COVERS	MLB46680	Acessórios para Veículos > Aces. de Carros e Caminhonetes > Exterior > Acessórios de Caçamba > Capotas
VTK022568	Caixa Vazia 2 Alto-falantes 12" + 4 Cornetas + 2 Tweeter Dutada	MLB-AUTOMOTIVE_SPEAKER_BOXES	MLB127436	Acessórios para Veículos > Som Automotivo > Caixas Acústicas > Corneteiras