ordem,sku,produto,fornecedor,oferta_id,custo,estoque,identidade,conflito,vinculo,economia_competitiva,preco_alvo_vivo,margem_alvo_viva,piso,demanda,contribuicao_competitiva,fila,gate_publicacao,motivos,avisos,garantia_prazo_comprovado,publicado,ml_item_id,preco_publicado,margem_publicada
1,VTK018924,Telefone Celular Fixo Intelbras Gsm Cfa 4211 4114211,EVOLUSOM-PR,032d96ba-dd0b-4c45-a2f4-80310c957a1e,362.9,4,IDENTIDADE_COHERENTE,SEM_CONFLITO,NOVO_ANUNCIO_CANDIDATO,VIAVEL_NO_ALVO,570.93,0.10001226069745854,0.07,SINAL_INDIRETO,244.94,PRONTOS_PARA_ANALISE,PENDENCIA_VALIDACAO,ATRIBUTO_OBRIGATORIO_ANATEL_NAO_COMPROVADO,APRESENTACAO_NAO_EXPLICITA | CUSTOS_VARIAVEIS_NAO_INFORMADOS | TRIBUTO_ESTIMADO,12 meses pelo fabricante — confirmação expressa Diretoria,False,,,
2,VTK017284,Identificador De Fibra Ativa Evus Ev-430 10mw,EVOLUSOM-PR,9c3f72d4-7f55-4bf7-a686-228d521c6e2f,799.9,50,IDENTIDADE_COHERENTE,PENDENCIA_VALIDACAO,NOVO_ANUNCIO_CANDIDATO,VIAVEL_NO_ALVO,1291.84,0.1500030963586822,0.1,SEM_EVIDENCIA_DE_DEMANDA,197.06,PENDENCIAS_IDENTIDADE,MANTER_PAUSADO,"Catálogo descreve versões de alimentação alternativas e dimensão 200 mm, enquanto atributo LENGTH informa 26 cm. Conteúdo imutável pelo vendedor; validar catálogo antes de ativar.",APRESENTACAO_NAO_EXPLICITA | CUSTOS_VARIAVEIS_NAO_INFORMADOS | TRIBUTO_ESTIMADO,12 meses pelo fabricante — confirmação expressa Diretoria,False,MLB7594384288,,
3,VTK018779,Central De Cerca Elétrica Gcp Shock Battery Cx-7804,EVOLUSOM-PR,58b971a2-1dca-4196-8467-de7a0a106795,115.9,5,IDENTIDADE_COHERENTE,SEM_CONFLITO,NOVO_ANUNCIO_CANDIDATO,VIAVEL_NO_ALVO,186.23,0.07002094184610427,0.05,SEM_EVIDENCIA_DE_DEMANDA,125.7,EXPLORATORIOS,PENDENCIA_VALIDACAO,FABRICANTE_CATALOGO_CITROX_VS_GCP_PPA_E_VOLTAGEM_PENDENTE,APRESENTACAO_NAO_EXPLICITA | CUSTOS_VARIAVEIS_NAO_INFORMADOS | TRIBUTO_ESTIMADO,12 meses pelo fabricante — confirmação expressa Diretoria,False,,,
4,VTK017675,Headset Pro Evus Comanche F-14 7.1,EVOLUSOM-PR,6703d892-87de-4398-9fe2-39daaecc92bc,149.9,22,IDENTIDADE_COHERENTE,SEM_CONFLITO,NOVO_ANUNCIO_CANDIDATO,VIAVEL_NO_ALVO,255.17,0.10001175686797037,0.07,SEM_EVIDENCIA_DE_DEMANDA,83.91,EXPLORATORIOS,PENDENCIA_VALIDACAO,SENSIBILIDADE_CATALOGO_3DB_VS_OFERTA_103_MAIS_MENOS_3DB,APRESENTACAO_NAO_EXPLICITA | CUSTOS_VARIAVEIS_NAO_INFORMADOS | TRIBUTO_ESTIMADO,12 meses pelo fabricante — confirmação expressa Diretoria,False,,,
5,VTK018412,Caixa De Medusa Santo Angelo Bsmed16 16 Vias,EVOLUSOM-PR,0a505e50-341f-421f-b1ae-d6c2e23b9993,159.9,8,IDENTIDADE_COHERENTE,SEM_CONFLITO,NOVO_ANUNCIO_CANDIDATO,VIAVEL_NO_ALVO,258.86,0.10001545236807541,0.07,SEM_EVIDENCIA_DE_DEMANDA,77.39,EXPLORATORIOS,NAO_SELECIONADO_NESTA_COORTE,Fila preservada para validação de completude em próxima coorte; sem nova autorização de publicação.,APRESENTACAO_NAO_EXPLICITA | CUSTOS_VARIAVEIS_NAO_INFORMADOS | TRIBUTO_ESTIMADO,12 meses pelo fabricante — confirmação expressa Diretoria,False,,,
6,VTK018343,"Alto Falante Bravox Flat Flt10d-4 10"" 180w Rms 4r+4r Subwoofer",EVOLUSOM-PR,43c0c84a-42a9-483e-b052-7929b6c4079f,290.99,7,IDENTIDADE_COHERENTE,SEM_CONFLITO,NOVO_ANUNCIO_CANDIDATO,VIAVEL_NO_ALVO,443.45,0.10001127522832338,0.07,SEM_EVIDENCIA_DE_DEMANDA,72.78,EXPLORATORIOS,PENDENCIA_VALIDACAO,MATERIAL_CARCAÇA_CATALOGO_ACO_VS_NYLON_FIBERGLASS,APRESENTACAO_NAO_EXPLICITA | CUSTOS_VARIAVEIS_NAO_INFORMADOS | TRIBUTO_ESTIMADO,12 meses pelo fabricante — confirmação expressa Diretoria,False,,,
7,VTK018405,Cabo Extensor Para Microfone Ptt Aquário Ac-04 4 Pinos 5m,EVOLUSOM-PR,113e42c1-f6c0-4b9c-9081-9b14308e583c,72.9,9,IDENTIDADE_COHERENTE,SEM_CONFLITO,NOVO_ANUNCIO_CANDIDATO,VIAVEL_NO_ALVO,125.3,0.07007182761372706,0.05,SEM_EVIDENCIA_DE_DEMANDA,69.89,EXPLORATORIOS,NAO_SELECIONADO_NESTA_COORTE,Fila preservada para validação de completude em próxima coorte; sem nova autorização de publicação.,APRESENTACAO_NAO_EXPLICITA | CUSTOS_VARIAVEIS_NAO_INFORMADOS | TRIBUTO_ESTIMADO,12 meses pelo fabricante — confirmação expressa Diretoria,False,,,
8,VTK018564,Interruptor Smart Wi-fi Ews101 Intelbras 4850000,EVOLUSOM-PR,1ad9609b-b0dd-4013-b2c5-d8db156620d5,105.64,8,IDENTIDADE_COHERENTE,SEM_CONFLITO,NOVO_ANUNCIO_CANDIDATO,VIAVEL_NO_ALVO,168.02,0.07005118438281156,0.05,SEM_EVIDENCIA_DE_DEMANDA,65.93,EXPLORATORIOS,NAO_SELECIONADO_NESTA_COORTE,Fila preservada para validação de completude em próxima coorte; sem nova autorização de publicação.,APRESENTACAO_NAO_EXPLICITA | CUSTOS_VARIAVEIS_NAO_INFORMADOS | TRIBUTO_ESTIMADO,12 meses pelo fabricante — confirmação expressa Diretoria,False,,,
9,VTK018402,"Cooler Plano Para Notebooks Até 16"" Targus - Awe69us",EVOLUSOM-PR,033f63b0-560e-4700-a156-d3761531ba93,84.9,9,IDENTIDADE_COHERENTE,SEM_CONFLITO,NOVO_ANUNCIO_CANDIDATO,VIAVEL_NO_ALVO,144.95,0.07002414625733012,0.05,SEM_EVIDENCIA_DE_DEMANDA,64.03,EXPLORATORIOS,NAO_SELECIONADO_NESTA_COORTE,Fila preservada para validação de completude em próxima coorte; sem nova autorização de publicação.,APRESENTACAO_NAO_EXPLICITA | CUSTOS_VARIAVEIS_NAO_INFORMADOS | TRIBUTO_ESTIMADO,12 meses pelo fabricante — confirmação expressa Diretoria,False,,,
10,VTK018538,Sensor De Presença Multilaser Microondas Com Pet Immunity 90° De Cobertura Até 45kg Se414,EVOLUSOM-PR,464d38c4-43b8-409f-ac9c-7d3db8da198c,233.9,6,IDENTIDADE_COHERENTE,SEM_CONFLITO,NOVO_ANUNCIO_CANDIDATO,VIAVEL_NO_ALVO,367.93,0.1000190253580844,0.07,SEM_EVIDENCIA_DE_DEMANDA,62.53,EXPLORATORIOS,NAO_SELECIONADO_NESTA_COORTE,Fila preservada para validação de completude em próxima coorte; sem nova autorização de publicação.,APRESENTACAO_NAO_EXPLICITA | CUSTOS_VARIAVEIS_NAO_INFORMADOS | TRIBUTO_ESTIMADO,12 meses pelo fabricante — confirmação expressa Diretoria,False,,,
11,VTK018319,Esmerilhadeira Angular Multilaser Fe048 700w 127v,EVOLUSOM-PR,6f20e543-6383-4a8f-a2dd-7697c757c67d,155.9,6,IDENTIDADE_COHERENTE,SEM_CONFLITO,NOVO_ANUNCIO_CANDIDATO,VIAVEL_NO_ALVO,258.72,0.10003092145949287,0.07,SEM_EVIDENCIA_DE_DEMANDA,62.35,PUBLICADO_EXPERIMENTO,PUBLICADO_VALIDADO,,APRESENTACAO_NAO_EXPLICITA | CUSTOS_VARIAVEIS_NAO_INFORMADOS | TRIBUTO_ESTIMADO,12 meses pelo fabricante — confirmação expressa Diretoria,True,MLB7594387528,258.72,0.10582869511440939
12,VTK017249,Cabo óptico Splitter Intelbras Plc 1x2 Sc/ Upc Xfs121 4830028,EVOLUSOM-PR,bdf0cbe3-c9fb-47af-9eec-0b8a8f463b1d,35.9,50,IDENTIDADE_COHERENTE,SEM_CONFLITO,NOVO_ANUNCIO_CANDIDATO,VIAVEL_NO_ALVO,67.19,0.07009971721982439,0.05,SEM_EVIDENCIA_DE_DEMANDA,43.13,PUBLICADO_EXPERIMENTO,PUBLICADO_VALIDADO,,APRESENTACAO_NAO_EXPLICITA | CUSTOS_VARIAVEIS_NAO_INFORMADOS | TRIBUTO_ESTIMADO,12 meses pelo fabricante — confirmação expressa Diretoria,True,MLB5192488569,70.08,0.07006278538812785
13,VTK002091,Caixa Medusa Santo Angelo Bsmed12 12 Vias 1 Saída,EVOLUSOM-PR,89ab142e-aba9-4c1e-ac55-c1d860e470b7,99.9,9,IDENTIDADE_COHERENTE,SEM_CONFLITO,NOVO_ANUNCIO_CANDIDATO,VIAVEL_NO_ALVO,165.03,0.07004787008422711,0.05,SEM_EVIDENCIA_DE_DEMANDA,36.45,EXPLORATORIOS,NAO_SELECIONADO_NESTA_COORTE,Fila preservada para validação de completude em próxima coorte; sem nova autorização de publicação.,APRESENTACAO_NAO_EXPLICITA | CUSTOS_VARIAVEIS_NAO_INFORMADOS | TRIBUTO_ESTIMADO,12 meses pelo fabricante — confirmação expressa Diretoria,False,,,
14,VTK019530,Antena Móvel Aquário B-2004p Pop Com 1/4 De Onda Para Rádio Px Com Base De Poliuretano,EVOLUSOM-PR,00358350-7888-4432-a3c5-85ddbd296f65,98.9,4,IDENTIDADE_COHERENTE,SEM_CONFLITO,NOVO_ANUNCIO_CANDIDATO,VIAVEL_NO_ALVO,167.68,0.07001431297709923,0.05,SEM_EVIDENCIA_DE_DEMANDA,36.4,EXPLORATORIOS,NAO_SELECIONADO_NESTA_COORTE,Fila preservada para validação de completude em próxima coorte; sem nova autorização de publicação.,APRESENTACAO_NAO_EXPLICITA | CUSTOS_VARIAVEIS_NAO_INFORMADOS | TRIBUTO_ESTIMADO,12 meses pelo fabricante — confirmação expressa Diretoria,False,,,
15,VTK017289,Bandeja P/ Rack Evus Ev-ftw450 450mm Preto Ventilada,EVOLUSOM-PR,7f188ea8-1741-4fb7-8185-1ee86f152261,52.9,50,IDENTIDADE_COHERENTE,SEM_CONFLITO,NOVO_ANUNCIO_CANDIDATO,VIAVEL_NO_ALVO,94.76,0.07007176023638666,0.05,SEM_EVIDENCIA_DE_DEMANDA,34.82,EXPLORATORIOS,NAO_SELECIONADO_NESTA_COORTE,Fila preservada para validação de completude em próxima coorte; sem nova autorização de publicação.,APRESENTACAO_NAO_EXPLICITA | CUSTOS_VARIAVEIS_NAO_INFORMADOS | TRIBUTO_ESTIMADO,12 meses pelo fabricante — confirmação expressa Diretoria,False,,,
16,VTK018318,Furadeira De Impacto Multilaser Fe033 600w 127v,EVOLUSOM-PR,62088e33-4e6c-4871-8be4-72a962c1d713,139.9,9,IDENTIDADE_COHERENTE,SEM_CONFLITO,NOVO_ANUNCIO_CANDIDATO,VIAVEL_NO_ALVO,236.08,0.10000847170450694,0.07,SEM_EVIDENCIA_DE_DEMANDA,28.06,EXPLORATORIOS,NAO_SELECIONADO_NESTA_COORTE,Fila preservada para validação de completude em próxima coorte; sem nova autorização de publicação.,APRESENTACAO_NAO_EXPLICITA | CUSTOS_VARIAVEIS_NAO_INFORMADOS | TRIBUTO_ESTIMADO,12 meses pelo fabricante — confirmação expressa Diretoria,False,,,
17,VTK026044,Mouse Intelbras Msi50 Sem Fio Preto,EVOLUSOM-PR,57c6546f-4141-477a-aa2e-602712b0a36f,39.9,50,IDENTIDADE_COHERENTE,SEM_CONFLITO,NOVO_ANUNCIO_CANDIDATO,VIAVEL_NO_ALVO,73.7,0.0700135685210312,0.05,SEM_EVIDENCIA_DE_DEMANDA,26.5,PUBLICADO_EXPERIMENTO,PUBLICADO_VALIDADO,,APRESENTACAO_NAO_EXPLICITA | CUSTOS_VARIAVEIS_NAO_INFORMADOS | TRIBUTO_ESTIMADO,12 meses pelo fabricante — confirmação expressa Diretoria,True,MLB7594388436,73.7,0.0700135685210312
18,VTK018303,"Corda Giannini Para Contrabaixo Geebrs 6 0.032"" Pesado",EVOLUSOM-PR,a5fdd5d1-59ec-4f9c-8129-7b16059aef15,100.5,10,IDENTIDADE_COHERENTE,SEM_CONFLITO,NOVO_ANUNCIO_CANDIDATO,VIAVEL_NO_ALVO,163.28,0.07000244977951985,0.05,SINAL_INDIRETO,20.84,PRONTOS_PARA_ANALISE,NAO_SELECIONADO_NESTA_COORTE,Fila preservada para validação de completude em próxima coorte; sem nova autorização de publicação.,APRESENTACAO_NAO_EXPLICITA | CUSTOS_VARIAVEIS_NAO_INFORMADOS | TRIBUTO_ESTIMADO,12 meses pelo fabricante — confirmação expressa Diretoria,False,,,
19,VTK017481,Cabo Rca Mxt Profissional Blindado 2 Rca + 2 Rca Azul 4mm - 05 Metros,EVOLUSOM-PR,547cb64c-a61b-4b14-ada1-21e939d0f679,21.1,15,IDENTIDADE_COHERENTE,SEM_CONFLITO,NOVO_ANUNCIO_CANDIDATO,VIAVEL_NO_ALVO,47.49,0.07012002526847758,0.05,SEM_EVIDENCIA_DE_DEMANDA,20.18,PUBLICADO_EXPERIMENTO,PUBLICADO_VALIDADO,,APRESENTACAO_NAO_EXPLICITA | CUSTOS_VARIAVEIS_NAO_INFORMADOS | TRIBUTO_ESTIMADO,12 meses pelo fabricante — confirmação expressa Diretoria,True,MLB7594388458,47.49,0.07012002526847758
20,VTK017628,Multímetro Digital Tipo Alicate Mxt Ft266,EVOLUSOM-PR,3959e7f4-b8ec-4b74-ba9b-07e0e67cec89,45.9,38,IDENTIDADE_COHERENTE,SEM_CONFLITO,NOVO_ANUNCIO_CANDIDATO,VIAVEL_NO_ALVO,82.18,0.07009004623996105,0.05,SEM_EVIDENCIA_DE_DEMANDA,17.67,EXPLORATORIOS,NAO_SELECIONADO_NESTA_COORTE,Fila preservada para validação de completude em próxima coorte; sem nova autorização de publicação.,APRESENTACAO_NAO_EXPLICITA | CUSTOS_VARIAVEIS_NAO_INFORMADOS | TRIBUTO_ESTIMADO,12 meses pelo fabricante — confirmação expressa Diretoria,False,,,
21,VTK018081,Sensor De Estacionamento Roadstar Rs304br - Prata,EVOLUSOM-PR,f88bd761-63fc-482e-9ea0-d1fe733d86e8,51.9,12,IDENTIDADE_COHERENTE,PENDENCIA_VALIDACAO,NOVO_ANUNCIO_CANDIDATO,VIAVEL_NO_ALVO,90.42,0.07000663570006635,0.05,SEM_EVIDENCIA_DE_DEMANDA,17.42,PENDENCIAS_IDENTIDADE,NAO_PUBLICAR,"Marca ROADSTAR BRASIL/ROADSTAR resolvida. Revisão encontrou diâmetro 18,5 mm na descrição ML versus 18 mm na oferta; confirmar medida física antes de vender nessa página.",APRESENTACAO_NAO_EXPLICITA | CUSTOS_VARIAVEIS_NAO_INFORMADOS | TRIBUTO_ESTIMADO,12 meses pelo fabricante — confirmação expressa Diretoria,False,,,
22,VTK017877,Sensor De Estacionamento Roadstar Rs304br - Preto Brilhante,EVOLUSOM-PR,31e63ac0-a2fa-44d7-a9af-054d3cb53e93,51.9,9,IDENTIDADE_COHERENTE,SEM_CONFLITO,NOVO_ANUNCIO_CANDIDATO,VIAVEL_NO_ALVO,90.42,0.07000663570006635,0.05,SEM_EVIDENCIA_DE_DEMANDA,15.9,EXPLORATORIOS,NAO_SELECIONADO_NESTA_COORTE,Fila preservada para validação de completude em próxima coorte; sem nova autorização de publicação.,APRESENTACAO_NAO_EXPLICITA | CUSTOS_VARIAVEIS_NAO_INFORMADOS | TRIBUTO_ESTIMADO,12 meses pelo fabricante — confirmação expressa Diretoria,False,,,
23,VTK018404,Calculadora De Mesa Truly 12 Dígitos - T882,EVOLUSOM-PR,fed1f1e5-7971-404d-af0f-7205bf3a7474,54.9,4,IDENTIDADE_COHERENTE,SEM_CONFLITO,NOVO_ANUNCIO_CANDIDATO,VIAVEL_NO_ALVO,92.68,0.07002589555459646,0.05,SEM_EVIDENCIA_DE_DEMANDA,11.65,PUBLICADO_EXPERIMENTO,PUBLICADO_VALIDADO,,APRESENTACAO_NAO_EXPLICITA | CUSTOS_VARIAVEIS_NAO_INFORMADOS | TRIBUTO_ESTIMADO,12 meses pelo fabricante — confirmação expressa Diretoria,True,MLB5192489303,92.68,0.060315062580923604
24,VTK018562,Antena Permak Para Palio/ Mobi Com Cabo 3 Metros - Ref. 100/g,EVOLUSOM-PR,6e3377b4-99ef-46b8-b319-f84fa2394c30,32.9,4,IDENTIDADE_COHERENTE,SEM_CONFLITO,NOVO_ANUNCIO_CANDIDATO,VIAVEL_NO_ALVO,63.94,0.07006568658116985,0.05,SEM_EVIDENCIA_DE_DEMANDA,8.27,EXPLORATORIOS,NAO_SELECIONADO_NESTA_COORTE,Fila preservada para validação de completude em próxima coorte; sem nova autorização de publicação.,APRESENTACAO_NAO_EXPLICITA | CUSTOS_VARIAVEIS_NAO_INFORMADOS | TRIBUTO_ESTIMADO,12 meses pelo fabricante — confirmação expressa Diretoria,False,,,
25,VTK026052,Microfone Condensador De Mesa Mxt Mx-mc017 P2 Com Tripé,EVOLUSOM-PR,48500e2d-5359-429f-94d5-a835574d982b,52.9,9,IDENTIDADE_COHERENTE,SEM_CONFLITO,NOVO_ANUNCIO_CANDIDATO,VIAVEL_NO_ALVO,93.92,0.07005962521294719,0.05,SEM_EVIDENCIA_DE_DEMANDA,6.64,PUBLICADO_EXPERIMENTO,PUBLICADO_VALIDADO,,APRESENTACAO_NAO_EXPLICITA | CUSTOS_VARIAVEIS_NAO_INFORMADOS | TRIBUTO_ESTIMADO,12 meses pelo fabricante — confirmação expressa Diretoria,True,MLB5192489345,93.92,0.07005962521294719
26,VTK005849,Esguicho Kepper Em Alumínio 30cm Azul,EVOLUSOM-PR,0807a761-0456-414f-9f5d-087ec1f467d4,29.9,7,IDENTIDADE_COHERENTE,SEM_CONFLITO,NOVO_ANUNCIO_CANDIDATO,VIAVEL_NO_ALVO,58.53,0.07004954724073124,0.05,SEM_EVIDENCIA_DE_DEMANDA,5.2,PUBLICADO_EXPERIMENTO,PUBLICADO_VALIDADO,,APRESENTACAO_NAO_EXPLICITA | CUSTOS_VARIAVEIS_NAO_INFORMADOS | TRIBUTO_ESTIMADO,12 meses pelo fabricante — confirmação expressa Diretoria,True,MLB5192503807,76.28,0.07000524383848977
27,VTK018417,Capotraste De Alumínio Para Violão Mxt Mc-5001 Preto,EVOLUSOM-PR,bc58c49e-b15b-48d6-ab69-7549b1f4d772,10.7,9,IDENTIDADE_COHERENTE,SEM_CONFLITO,NOVO_ANUNCIO_CANDIDATO,VIAVEL_NO_ALVO,32.32,0.07023514851485149,0.05,SEM_EVIDENCIA_DE_DEMANDA,4.43,PUBLICADO_EXPERIMENTO,PUBLICADO_VALIDADO,,APRESENTACAO_NAO_EXPLICITA | CUSTOS_VARIAVEIS_NAO_INFORMADOS | TRIBUTO_ESTIMADO,12 meses pelo fabricante — confirmação expressa Diretoria,True,MLB5192491275,32.32,0.07023514851485149
28,VTK012894,Caixa De Som Passiva 12 Polegadas 300 W Rms - Attack Vsf112,BKR1,ec23286e-f6dd-4b95-b7d5-a2550af290a2,1776.6,2,IDENTIDADE_COHERENTE,SEM_CONFLITO,NOVO_ANUNCIO_CANDIDATO,VIAVEL_ACIMA_DO_PISO,2932.45,0.15000085252945491,0.1,SEM_EVIDENCIA_DE_DEMANDA,348.21,EXPLORATORIOS,NAO_SELECIONADO_NESTA_COORTE,Fila preservada para validação de completude em próxima coorte; sem nova autorização de publicação.,APRESENTACAO_NAO_EXPLICITA | CUSTOS_VARIAVEIS_NAO_INFORMADOS | TRIBUTO_ESTIMADO,12 meses pelo fabricante — confirmação expressa Diretoria,False,,,
29,VTK018798,"Central Multimídia Roadstar Rs606br 7"" Mp6 Com Tv Digital",EVOLUSOM-PR,cc10276d-448b-41f7-b90f-bf06cd60af89,549.9,4,IDENTIDADE_COHERENTE,SEM_CONFLITO,NOVO_ANUNCIO_CANDIDATO,VIAVEL_ACIMA_DO_PISO,825.24,0.10000727061218555,0.07,SEM_EVIDENCIA_DE_DEMANDA,76.76,EXPLORATORIOS,NAO_SELECIONADO_NESTA_COORTE,Fila preservada para validação de completude em próxima coorte; sem nova autorização de publicação.,APRESENTACAO_NAO_EXPLICITA | CUSTOS_VARIAVEIS_NAO_INFORMADOS | TRIBUTO_ESTIMADO,12 meses pelo fabricante — confirmação expressa Diretoria,False,,,
30,VTK017306,Cooler Para Processador Evus Cp-130 Rainbow,EVOLUSOM-PR,792facd5-2cc2-4d94-b468-14a2174b7449,69.9,50,IDENTIDADE_COHERENTE,SEM_CONFLITO,NOVO_ANUNCIO_CANDIDATO,VIAVEL_ACIMA_DO_PISO,124.03,0.07006369426751592,0.05,SEM_EVIDENCIA_DE_DEMANDA,7.63,EXPLORATORIOS,NAO_SELECIONADO_NESTA_COORTE,Fila preservada para validação de completude em próxima coorte; sem nova autorização de publicação.,APRESENTACAO_NAO_EXPLICITA | CUSTOS_VARIAVEIS_NAO_INFORMADOS | TRIBUTO_ESTIMADO,12 meses pelo fabricante — confirmação expressa Diretoria,False,,,
31,VTK012944,Correia Vt Sl 82 Cafe Floral Basso,BKR1,41c3e6b0-00fc-4041-aa35-30f3286a5f38,71.33,6,IDENTIDADE_COHERENTE,SEM_CONFLITO,NOVO_ANUNCIO_CANDIDATO,VIAVEL_ACIMA_DO_PISO,122.21,0.07004336797316096,0.05,SINAL_INDIRETO,6.83,PRONTOS_PARA_ANALISE,NAO_SELECIONADO_NESTA_COORTE,Fila preservada para validação de completude em próxima coorte; sem nova autorização de publicação.,APRESENTACAO_NAO_EXPLICITA | CUSTOS_VARIAVEIS_NAO_INFORMADOS | TRIBUTO_ESTIMADO,12 meses pelo fabricante — confirmação expressa Diretoria,False,,,
32,VTK023554,Alicate Para Crimpar Mxt Rj45,EVOLUSOM-PR,3cbc3fc6-b67e-4122-8969-5b3d0600065e,21.2,23,IDENTIDADE_COHERENTE,SEM_CONFLITO,NOVO_ANUNCIO_CANDIDATO,VIAVEL_ACIMA_DO_PISO,46.97,0.07004470938897168,0.05,SEM_EVIDENCIA_DE_DEMANDA,3.1,EXPLORATORIOS,NAO_SELECIONADO_NESTA_COORTE,Fila preservada para validação de completude em próxima coorte; sem nova autorização de publicação.,APRESENTACAO_NAO_EXPLICITA | CUSTOS_VARIAVEIS_NAO_INFORMADOS | TRIBUTO_ESTIMADO,12 meses pelo fabricante — confirmação expressa Diretoria,False,,,
33,VTK018671,"Alto Falante Bomber Kit Two Way Tkl 6"" 60w Rms",EVOLUSOM-PR,b9b9fa0b-92c1-4ee1-be84-e60a92e5a277,296.99,6,IDENTIDADE_INCONCLUSIVA,PENDENCIA_VALIDACAO,NOVO_ANUNCIO_CANDIDATO,VIAVEL_NO_ALVO,,,,SEM_EVIDENCIA_DE_DEMANDA,201.08,PENDENCIAS_IDENTIDADE,PENDENTE,COMPOSICAO_KIT_NAO_COMPROVADA,CUSTOS_VARIAVEIS_NAO_INFORMADOS | TRIBUTO_ESTIMADO,12 meses pelo fabricante — confirmação expressa Diretoria,False,,,
34,VTK018071,"Caixa Dio Evus 19"" 48fo P/ Rack Preto",EVOLUSOM-PR,511f594c-88be-4f7f-b35d-f74aaa9076bc,299.9,15,IDENTIDADE_INCONCLUSIVA,PENDENCIA_VALIDACAO,NOVO_ANUNCIO_CANDIDATO,VIAVEL_NO_ALVO,,,,SEM_EVIDENCIA_DE_DEMANDA,163.08,PENDENCIAS_IDENTIDADE,PENDENTE,EVIDENCIA_IDENTIDADE_INCOMPLETA,APRESENTACAO_NAO_EXPLICITA | CUSTOS_VARIAVEIS_NAO_INFORMADOS | TRIBUTO_ESTIMADO,12 meses pelo fabricante — confirmação expressa Diretoria,False,,,
35,VTK018158,Fita Antiderrapante Western 5cm X 5m,EVOLUSOM-PR,c4b76a95-eb6b-4bfb-9ca1-6a8a4bf20c2f,26.01,8,IDENTIDADE_INCONCLUSIVA,PENDENCIA_VALIDACAO,NOVO_ANUNCIO_CANDIDATO,VIAVEL_NO_ALVO,,,,SEM_EVIDENCIA_DE_DEMANDA,123.98,PENDENCIAS_IDENTIDADE,PENDENTE,EVIDENCIA_IDENTIDADE_INCOMPLETA,APRESENTACAO_NAO_EXPLICITA | CUSTOS_VARIAVEIS_NAO_INFORMADOS | TRIBUTO_ESTIMADO,12 meses pelo fabricante — confirmação expressa Diretoria,False,,,
36,VTK017309,Kit Cooler Fan Evus Fk-12p Rgb,EVOLUSOM-PR,46360b88-ccf5-4d30-8be0-9f4f514aaaf9,89.9,50,IDENTIDADE_DIVERGENTE,CONFLITO_CONFIRMADO,NOVO_ANUNCIO_CANDIDATO,VIAVEL_NO_ALVO,,,,SEM_EVIDENCIA_DE_DEMANDA,108.41,CONFLITOS,BLOQUEADO_CONFLITO_MATERIAL,DIVERGENCIA_ATRIBUTO_PINS_NUMBER,CUSTOS_VARIAVEIS_NAO_INFORMADOS | TRIBUTO_ESTIMADO,12 meses pelo fabricante — confirmação expressa Diretoria,False,,,
37,VTK017612,Patch Cord Furukawa Cat6 Cmx 10m Vermelho 35123011,EVOLUSOM-PR,a8972c1f-b95a-402d-a25c-52c5f30f71ea,79.9,34,IDENTIDADE_INCONCLUSIVA,PENDENCIA_VALIDACAO,NOVO_ANUNCIO_CANDIDATO,VIAVEL_NO_ALVO,,,,SEM_EVIDENCIA_DE_DEMANDA,69.16,PENDENCIAS_IDENTIDADE,PENDENTE,EVIDENCIA_IDENTIDADE_INCOMPLETA,APRESENTACAO_NAO_EXPLICITA | CUSTOS_VARIAVEIS_NAO_INFORMADOS | TRIBUTO_ESTIMADO,12 meses pelo fabricante — confirmação expressa Diretoria,False,,,
38,VTK018515,Alarme Automotivo Fks Fk905 Universal Sensor De Presença 2 Controles Cr941 Cr955,EVOLUSOM-PR,9f33dd54-c7b0-4c9f-b538-7215b1bc7feb,144.9,7,IDENTIDADE_INCONCLUSIVA,PENDENCIA_VALIDACAO,NOVO_ANUNCIO_CANDIDATO,VIAVEL_NO_ALVO,,,,SEM_EVIDENCIA_DE_DEMANDA,64.35,PENDENCIAS_IDENTIDADE,PENDENTE,EVIDENCIA_IDENTIDADE_INCOMPLETA,APRESENTACAO_NAO_EXPLICITA | CUSTOS_VARIAVEIS_NAO_INFORMADOS | TRIBUTO_ESTIMADO,12 meses pelo fabricante — confirmação expressa Diretoria,False,,,
39,VTK017680,Cabo Rca Mxt Profissional Blindado 2 Rca + 2 Rca Vermelho 5mm - 03 Metros,EVOLUSOM-PR,dad83b6f-2a9d-419f-929a-ba6a72ce9543,33.99,50,IDENTIDADE_INCONCLUSIVA,PENDENCIA_VALIDACAO,NOVO_ANUNCIO_CANDIDATO,VIAVEL_NO_ALVO,,,,SEM_EVIDENCIA_DE_DEMANDA,39.14,PENDENCIAS_IDENTIDADE,PENDENTE,EVIDENCIA_IDENTIDADE_INCOMPLETA,APRESENTACAO_NAO_EXPLICITA | CUSTOS_VARIAVEIS_NAO_INFORMADOS | TRIBUTO_ESTIMADO,12 meses pelo fabricante — confirmação expressa Diretoria,False,,,
40,VTK017308,Kit Cooler Fan Evus Fk-12r Rgb,EVOLUSOM-PR,6aa7ac8f-57e5-47d3-b0e6-b7601ae4fbe6,89.9,50,IDENTIDADE_INCONCLUSIVA,PENDENCIA_VALIDACAO,NOVO_ANUNCIO_CANDIDATO,VIAVEL_NO_ALVO,,,,SEM_EVIDENCIA_DE_DEMANDA,38.31,PENDENCIAS_IDENTIDADE,PENDENTE,COMPOSICAO_KIT_NAO_COMPROVADA,CUSTOS_VARIAVEIS_NAO_INFORMADOS | TRIBUTO_ESTIMADO,12 meses pelo fabricante — confirmação expressa Diretoria,False,,,
41,VTK017291,Bandeja P/ Rack Evus Ev-ftw60 600mm Preto Ventilada,EVOLUSOM-PR,2245de45-2b90-4247-a656-4bbf82e97bae,52.9,50,IDENTIDADE_INCONCLUSIVA,PENDENCIA_VALIDACAO,NOVO_ANUNCIO_CANDIDATO,VIAVEL_NO_ALVO,,,,SEM_EVIDENCIA_DE_DEMANDA,35.68,PENDENCIAS_IDENTIDADE,PENDENTE,EVIDENCIA_IDENTIDADE_INCOMPLETA,APRESENTACAO_NAO_EXPLICITA | CUSTOS_VARIAVEIS_NAO_INFORMADOS | TRIBUTO_ESTIMADO,12 meses pelo fabricante — confirmação expressa Diretoria,False,,,
42,VTK018523,"Alto Falante Bravox Coaxial Cx50bk 5"" 60 W Rms 4r Par",EVOLUSOM-PR,d5bcb01c-5809-4fe0-b981-8a6cdc0ba14e,179.9,7,IDENTIDADE_INCONCLUSIVA,PENDENCIA_VALIDACAO,NOVO_ANUNCIO_CANDIDATO,VIAVEL_NO_ALVO,,,,SEM_EVIDENCIA_DE_DEMANDA,35.51,PENDENCIAS_IDENTIDADE,PENDENTE,ESCOPO_POTENCIA_RMS_NAO_COMPROVADO,CUSTOS_VARIAVEIS_NAO_INFORMADOS | TRIBUTO_ESTIMADO,12 meses pelo fabricante — confirmação expressa Diretoria,False,,,
43,VTK018716,Cabo De Guitarra Sparflex Nitro 100 Plug Noiseless 5 Metros Preto,EVOLUSOM-PR,b3670941-cb0d-4a5d-8e5e-0c7fe9843daa,134.9,5,IDENTIDADE_INCONCLUSIVA,PENDENCIA_VALIDACAO,NOVO_ANUNCIO_CANDIDATO,VIAVEL_NO_ALVO,,,,SEM_EVIDENCIA_DE_DEMANDA,32.27,PENDENCIAS_IDENTIDADE,PENDENTE,EVIDENCIA_IDENTIDADE_INCOMPLETA,APRESENTACAO_NAO_EXPLICITA | CUSTOS_VARIAVEIS_NAO_INFORMADOS | TRIBUTO_ESTIMADO,12 meses pelo fabricante — confirmação expressa Diretoria,False,,,
44,VTK005172,Ponta De Prova Minipa Mtl-24a Garra Jacaré,EVOLUSOM-PR,bb448413-8e23-4e33-ba7c-26250633e08e,66.4,16,IDENTIDADE_COHERENTE,PENDENCIA_VALIDACAO,REATIVACAO_CANDIDATA,VIAVEL_NO_ALVO,111.89,0.07006881758870319,0.05,SINAL_INDIRETO,28.12,REATIVACOES,PENDENTE,REATIVACAO_CANDIDATA,APRESENTACAO_NAO_EXPLICITA | CUSTOS_VARIAVEIS_NAO_INFORMADOS | TRIBUTO_ESTIMADO,12 meses pelo fabricante — confirmação expressa Diretoria,False,,,
45,VTK017765,Câmera Fbr Varifocal 720p Ir Até 40 Metros 2.8 - 12mm Ip66,EVOLUSOM-PR,349d6d05-7815-4ee0-bc63-b25d353c7dc9,134.45,27,IDENTIDADE_INCONCLUSIVA,PENDENCIA_VALIDACAO,NOVO_ANUNCIO_CANDIDATO,VIAVEL_NO_ALVO,,,,SEM_EVIDENCIA_DE_DEMANDA,27.04,PENDENCIAS_IDENTIDADE,PENDENTE,EVIDENCIA_IDENTIDADE_INCOMPLETA,APRESENTACAO_NAO_EXPLICITA | CUSTOS_VARIAVEIS_NAO_INFORMADOS | TRIBUTO_ESTIMADO,12 meses pelo fabricante — confirmação expressa Diretoria,False,,,
46,VTK018194,"Prolongador Daneva Pp Amarelo 15 Metros 1,00 Mm Ref.1529",EVOLUSOM-PR,b64aa443-cfdc-4264-95d9-5666981cc9ae,99.5,7,IDENTIDADE_INCONCLUSIVA,PENDENCIA_VALIDACAO,NOVO_ANUNCIO_CANDIDATO,VIAVEL_NO_ALVO,,,,SEM_EVIDENCIA_DE_DEMANDA,26.97,PENDENCIAS_IDENTIDADE,PENDENTE,EVIDENCIA_IDENTIDADE_INCOMPLETA,APRESENTACAO_NAO_EXPLICITA | CUSTOS_VARIAVEIS_NAO_INFORMADOS | TRIBUTO_ESTIMADO,12 meses pelo fabricante — confirmação expressa Diretoria,False,,,
47,VTK003338,Patch Cord Furukawa Cat.6 Cmx 20 Metros Azul,EVOLUSOM-PR,c06166ad-8cde-42bf-aae5-0e1189eb4555,139.9,13,IDENTIDADE_INCONCLUSIVA,PENDENCIA_VALIDACAO,NOVO_ANUNCIO_CANDIDATO,VIAVEL_NO_ALVO,,,,SEM_EVIDENCIA_DE_DEMANDA,26.3,PENDENCIAS_IDENTIDADE,PENDENTE,EVIDENCIA_IDENTIDADE_INCOMPLETA,APRESENTACAO_NAO_EXPLICITA | CUSTOS_VARIAVEIS_NAO_INFORMADOS | TRIBUTO_ESTIMADO,12 meses pelo fabricante — confirmação expressa Diretoria,False,,,
48,VTK018617,Kit Cabo Celular Aquario Ca-215 Rgc-58 Rolo Com 15 Metros,EVOLUSOM-PR,a13e6343-1181-4dd7-a488-f6bba1fe9b25,94.95,6,IDENTIDADE_INCONCLUSIVA,PENDENCIA_VALIDACAO,NOVO_ANUNCIO_CANDIDATO,VIAVEL_NO_ALVO,,,,SEM_EVIDENCIA_DE_DEMANDA,22.27,PENDENCIAS_IDENTIDADE,PENDENTE,COMPOSICAO_KIT_NAO_COMPROVADA,CUSTOS_VARIAVEIS_NAO_INFORMADOS | TRIBUTO_ESTIMADO,12 meses pelo fabricante — confirmação expressa Diretoria,False,,,
49,VTK004080,Cabo Nwt Para Monitor Vga Hd15m X Hd15m 20m Preto Com Filtro,EVOLUSOM-PR,24c7499a-ee1f-4c2c-958f-4bfa68857ad3,69.9,4,IDENTIDADE_INCONCLUSIVA,PENDENCIA_VALIDACAO,NOVO_ANUNCIO_CANDIDATO,VIAVEL_NO_ALVO,,,,SEM_EVIDENCIA_DE_DEMANDA,21.28,PENDENCIAS_IDENTIDADE,PENDENTE,EQUIVALENCIA_MARCA_NAO_COMPROVADA | EVIDENCIA_IDENTIDADE_INCOMPLETA,APRESENTACAO_NAO_EXPLICITA | CUSTOS_VARIAVEIS_NAO_INFORMADOS | TRIBUTO_ESTIMADO,12 meses pelo fabricante — confirmação expressa Diretoria,False,,,
50,VTK018810,Fonte Chaveada Colmeia Mxt 12v 20a,EVOLUSOM-PR,096fb84c-342b-48e8-bb3c-9659eb752295,92.3,20,IDENTIDADE_INCONCLUSIVA,PENDENCIA_VALIDACAO,NOVO_ANUNCIO_CANDIDATO,VIAVEL_NO_ALVO,,,,SINAL_INDIRETO,17.13,PENDENCIAS_IDENTIDADE,PENDENTE,EVIDENCIA_IDENTIDADE_INCOMPLETA,APRESENTACAO_NAO_EXPLICITA | CUSTOS_VARIAVEIS_NAO_INFORMADOS | TRIBUTO_ESTIMADO,12 meses pelo fabricante — confirmação expressa Diretoria,False,,,
51,VTK017722,Lanterna Cabeça Western 12 Leds,EVOLUSOM-PR,34a5899a-a17e-498d-97e4-f844749bbb3b,14.4,24,IDENTIDADE_INCONCLUSIVA,PENDENCIA_VALIDACAO,NOVO_ANUNCIO_CANDIDATO,VIAVEL_NO_ALVO,,,,SEM_EVIDENCIA_DE_DEMANDA,16.98,PENDENCIAS_IDENTIDADE,PENDENTE,EVIDENCIA_IDENTIDADE_INCOMPLETA,APRESENTACAO_NAO_EXPLICITA | CUSTOS_VARIAVEIS_NAO_INFORMADOS | TRIBUTO_ESTIMADO,12 meses pelo fabricante — confirmação expressa Diretoria,False,,,
52,VTK002644,Cabo Rca Profissional Nwt Dupla Blindagem Vermelho 5m,EVOLUSOM-PR,b29fb6f0-116d-4c4d-a4f0-30d06ac19142,38.9,41,IDENTIDADE_INCONCLUSIVA,PENDENCIA_VALIDACAO,NOVO_ANUNCIO_CANDIDATO,VIAVEL_NO_ALVO,,,,SEM_EVIDENCIA_DE_DEMANDA,16.63,PENDENCIAS_IDENTIDADE,PENDENTE,EQUIVALENCIA_MARCA_NAO_COMPROVADA | EVIDENCIA_IDENTIDADE_INCOMPLETA,APRESENTACAO_NAO_EXPLICITA | CUSTOS_VARIAVEIS_NAO_INFORMADOS | TRIBUTO_ESTIMADO,12 meses pelo fabricante — confirmação expressa Diretoria,False,,,
53,VTK005761,"Cabo Hdmi Nwt Cbhm0028 8k Macho X Macho 2.1 1,5m",EVOLUSOM-PR,1ec35bec-6b66-4708-b5c1-0996d998ac4b,21.8,25,IDENTIDADE_INCONCLUSIVA,PENDENCIA_VALIDACAO,NOVO_ANUNCIO_CANDIDATO,VIAVEL_NO_ALVO,,,,SEM_EVIDENCIA_DE_DEMANDA,11.61,PENDENCIAS_IDENTIDADE,PENDENTE,COR_DO_MODELO_NAO_COMPROVADA | EVIDENCIA_IDENTIDADE_INCOMPLETA,APRESENTACAO_NAO_EXPLICITA | CUSTOS_VARIAVEIS_NAO_INFORMADOS | TRIBUTO_ESTIMADO,12 meses pelo fabricante — confirmação expressa Diretoria,False,,,
54,VTK017919,Centralina Soft Tr-20 Para Trava Elétrica,EVOLUSOM-PR,13c9688a-34f3-4ff6-bbfe-8a59a6d24961,25.9,4,IDENTIDADE_INCONCLUSIVA,PENDENCIA_VALIDACAO,NOVO_ANUNCIO_CANDIDATO,VIAVEL_NO_ALVO,,,,SEM_EVIDENCIA_DE_DEMANDA,8.9,PENDENCIAS_IDENTIDADE,PENDENTE,EVIDENCIA_IDENTIDADE_INCOMPLETA,APRESENTACAO_NAO_EXPLICITA | CUSTOS_VARIAVEIS_NAO_INFORMADOS | TRIBUTO_ESTIMADO,12 meses pelo fabricante — confirmação expressa Diretoria,False,,,
55,VTK017330,"Cabo Vga Evus C-043 Hd15 Macho X Hd15 Macho Com Filtro 15,0m",EVOLUSOM-PR,0a8966f9-7179-4f44-8771-08494151b107,45.9,50,IDENTIDADE_INCONCLUSIVA,PENDENCIA_VALIDACAO,NOVO_ANUNCIO_CANDIDATO,VIAVEL_NO_ALVO,,,,SEM_EVIDENCIA_DE_DEMANDA,7.87,PENDENCIAS_IDENTIDADE,PENDENTE,EVIDENCIA_IDENTIDADE_INCOMPLETA,APRESENTACAO_NAO_EXPLICITA | CUSTOS_VARIAVEIS_NAO_INFORMADOS | TRIBUTO_ESTIMADO,12 meses pelo fabricante — confirmação expressa Diretoria,False,,,
56,VTK002372,Chave Seletora Hdmi 3 Entradas 1 Saida Sem Controle Remoto,EVOLUSOM-PR,376dc776-17aa-4717-b84b-679f12f7c647,34.5,14,IDENTIDADE_INCONCLUSIVA,PENDENCIA_VALIDACAO,NOVO_ANUNCIO_CANDIDATO,VIAVEL_NO_ALVO,,,,SEM_EVIDENCIA_DE_DEMANDA,7.64,PENDENCIAS_IDENTIDADE,PENDENTE,EQUIVALENCIA_MARCA_NAO_COMPROVADA | EVIDENCIA_IDENTIDADE_INCOMPLETA,APRESENTACAO_NAO_EXPLICITA | CUSTOS_VARIAVEIS_NAO_INFORMADOS | TRIBUTO_ESTIMADO,12 meses pelo fabricante — confirmação expressa Diretoria,False,,,
57,VTK017682,Relê Automotivo Soft Eletrônico Re-10 Liga / Desliga Som,EVOLUSOM-PR,7dcb1f95-93cb-4646-8992-0dc6c5c4692c,28.9,32,IDENTIDADE_INCONCLUSIVA,PENDENCIA_VALIDACAO,NOVO_ANUNCIO_CANDIDATO,VIAVEL_NO_ALVO,,,,SEM_EVIDENCIA_DE_DEMANDA,6.2,PENDENCIAS_IDENTIDADE,PENDENTE,EVIDENCIA_IDENTIDADE_INCOMPLETA,APRESENTACAO_NAO_EXPLICITA | CUSTOS_VARIAVEIS_NAO_INFORMADOS | TRIBUTO_ESTIMADO,12 meses pelo fabricante — confirmação expressa Diretoria,False,,,
58,VTK017804,Cordão Prolongador Daneva 3 Metros Ref.1312,EVOLUSOM-PR,9740de3d-5de5-4603-830f-8ad2a7b97c89,21.5,24,IDENTIDADE_INCONCLUSIVA,PENDENCIA_VALIDACAO,NOVO_ANUNCIO_CANDIDATO,VIAVEL_NO_ALVO,,,,SEM_EVIDENCIA_DE_DEMANDA,6.14,PENDENCIAS_IDENTIDADE,PENDENTE,EVIDENCIA_IDENTIDADE_INCOMPLETA,APRESENTACAO_NAO_EXPLICITA | CUSTOS_VARIAVEIS_NAO_INFORMADOS | TRIBUTO_ESTIMADO,12 meses pelo fabricante — confirmação expressa Diretoria,False,,,
59,VTK017541,Esguicho Kepper Em Alumínio 30cm Verde,EVOLUSOM-PR,c97b898d-36d4-4869-b659-6b20f470764e,29.9,49,IDENTIDADE_INCONCLUSIVA,PENDENCIA_VALIDACAO,NOVO_ANUNCIO_CANDIDATO,VIAVEL_NO_ALVO,,,,SEM_EVIDENCIA_DE_DEMANDA,5.2,PENDENCIAS_IDENTIDADE,PENDENTE,EVIDENCIA_IDENTIDADE_INCOMPLETA,APRESENTACAO_NAO_EXPLICITA | CUSTOS_VARIAVEIS_NAO_INFORMADOS | TRIBUTO_ESTIMADO,12 meses pelo fabricante — confirmação expressa Diretoria,False,,,
60,VTK020755,Cabo Conversor Hdmi Para Vga + Cabo De áudio P2 Mxt 1.2.105 Macho X Fêmea Preto,EVOLUSOM-PR,8a2e60d9-a656-4413-9327-9cdcac210d3e,28.5,50,IDENTIDADE_INCONCLUSIVA,PENDENCIA_VALIDACAO,NOVO_ANUNCIO_CANDIDATO,VIAVEL_NO_ALVO,,,,SEM_EVIDENCIA_DE_DEMANDA,4.23,PENDENCIAS_IDENTIDADE,PENDENTE,EVIDENCIA_IDENTIDADE_INCOMPLETA,APRESENTACAO_NAO_EXPLICITA | CUSTOS_VARIAVEIS_NAO_INFORMADOS | TRIBUTO_ESTIMADO,12 meses pelo fabricante — confirmação expressa Diretoria,False,,,
61,VTK006339,"Microventilador Cooler Nwt Mvdc0004a 12vdc 0,28a 120 X 120 X 25mm",EVOLUSOM-PR,a26985d8-2b85-454b-9c59-ac33bc06de90,15.9,46,IDENTIDADE_INCONCLUSIVA,PENDENCIA_VALIDACAO,NOVO_ANUNCIO_CANDIDATO,VIAVEL_NO_ALVO,,,,SEM_EVIDENCIA_DE_DEMANDA,3.76,PENDENCIAS_IDENTIDADE,PENDENTE,EQUIVALENCIA_MARCA_NAO_COMPROVADA | EVIDENCIA_IDENTIDADE_INCOMPLETA,APRESENTACAO_NAO_EXPLICITA | CUSTOS_VARIAVEIS_NAO_INFORMADOS | TRIBUTO_ESTIMADO,12 meses pelo fabricante — confirmação expressa Diretoria,False,,,
62,VTK017938,Cooler Para Cpu Argb Gamemax Gamma 500 Rmt1687h,EVOLUSOM-PR,a644bf2f-8424-4f88-9e72-a39fb2e244bf,199.9,18,IDENTIDADE_INCONCLUSIVA,PENDENCIA_VALIDACAO,NOVO_ANUNCIO_CANDIDATO,VIAVEL_ACIMA_DO_PISO,,,,SEM_EVIDENCIA_DE_DEMANDA,29.87,PENDENCIAS_IDENTIDADE,PENDENTE,EVIDENCIA_IDENTIDADE_INCOMPLETA,APRESENTACAO_NAO_EXPLICITA | CUSTOS_VARIAVEIS_NAO_INFORMADOS | TRIBUTO_ESTIMADO,12 meses pelo fabricante — confirmação expressa Diretoria,False,,,
63,VTK012632,Painel Multicabo 36 Vias Xlr Sem Conectores Wireconex,BKR1,49f14626-bdd3-4455-8508-d4cb052a21df,156.7,3,IDENTIDADE_INCONCLUSIVA,PENDENCIA_VALIDACAO,NOVO_ANUNCIO_CANDIDATO,VIAVEL_ACIMA_DO_PISO,,,,SEM_EVIDENCIA_DE_DEMANDA,20.13,PENDENCIAS_IDENTIDADE,PENDENTE,EVIDENCIA_IDENTIDADE_INCOMPLETA,APRESENTACAO_NAO_EXPLICITA | CUSTOS_VARIAVEIS_NAO_INFORMADOS | TRIBUTO_ESTIMADO,12 meses pelo fabricante — confirmação expressa Diretoria,False,,,
64,VTK018861,"Cabo De Dados Para Telefone Celuar Rural Aquário Ca-01 Compatível Com Os Modelos Ca-40, Ca-42 E  Ca-403g",EVOLUSOM-PR,83fbbc58-e8b9-495e-9477-f8b0c06c8371,27.6,4,IDENTIDADE_INCONCLUSIVA,PENDENCIA_VALIDACAO,NOVO_ANUNCIO_CANDIDATO,VIAVEL_ACIMA_DO_PISO,,,,SEM_EVIDENCIA_DE_DEMANDA,3.81,PENDENCIAS_IDENTIDADE,PENDENTE,EVIDENCIA_IDENTIDADE_INCOMPLETA,APRESENTACAO_NAO_EXPLICITA | CUSTOS_VARIAVEIS_NAO_INFORMADOS | TRIBUTO_ESTIMADO,12 meses pelo fabricante — confirmação expressa Diretoria,False,,,
65,VTK018042,Calculadora De Mesa Procalc Pc108-pk 12 Dígitos Rosa,EVOLUSOM-PR,32d1b7d3-444a-4027-9290-34d7bd5dbf1a,21.6,10,IDENTIDADE_INCONCLUSIVA,PENDENCIA_VALIDACAO,NOVO_ANUNCIO_CANDIDATO,VIAVEL_ACIMA_DO_PISO,,,,SEM_EVIDENCIA_DE_DEMANDA,3.12,PENDENCIAS_IDENTIDADE,PENDENTE,EVIDENCIA_IDENTIDADE_INCOMPLETA,APRESENTACAO_NAO_EXPLICITA | CUSTOS_VARIAVEIS_NAO_INFORMADOS | TRIBUTO_ESTIMADO,12 meses pelo fabricante — confirmação expressa Diretoria,False,,,
