sku,identidade,conflito,vinculo,gate_publicacao,motivos,garantia_prazo_comprovado
VTK018924,IDENTIDADE_COHERENTE,SEM_CONFLITO,NOVO_ANUNCIO_CANDIDATO,PENDENTE,PRAZO_E_COBERTURA_GARANTIA_NAO_COMPROVADOS,
VTK017284,IDENTIDADE_COHERENTE,SEM_CONFLITO,NOVO_ANUNCIO_CANDIDATO,PENDENTE,PRAZO_E_COBERTURA_GARANTIA_NAO_COMPROVADOS,
VTK018779,IDENTIDADE_COHERENTE,SEM_CONFLITO,NOVO_ANUNCIO_CANDIDATO,PENDENTE,PRAZO_E_COBERTURA_GARANTIA_NAO_COMPROVADOS,
VTK017675,IDENTIDADE_COHERENTE,SEM_CONFLITO,NOVO_ANUNCIO_CANDIDATO,PENDENTE,PRAZO_E_COBERTURA_GARANTIA_NAO_COMPROVADOS,
VTK018412,IDENTIDADE_COHERENTE,SEM_CONFLITO,NOVO_ANUNCIO_CANDIDATO,PENDENTE,PRAZO_E_COBERTURA_GARANTIA_NAO_COMPROVADOS,
VTK018343,IDENTIDADE_COHERENTE,SEM_CONFLITO,NOVO_ANUNCIO_CANDIDATO,PENDENTE,PRAZO_E_COBERTURA_GARANTIA_NAO_COMPROVADOS,
VTK018405,IDENTIDADE_COHERENTE,SEM_CONFLITO,NOVO_ANUNCIO_CANDIDATO,PENDENTE,PRAZO_E_COBERTURA_GARANTIA_NAO_COMPROVADOS,
VTK018564,IDENTIDADE_COHERENTE,SEM_CONFLITO,NOVO_ANUNCIO_CANDIDATO,PENDENTE,PRAZO_E_COBERTURA_GARANTIA_NAO_COMPROVADOS,
VTK018402,IDENTIDADE_COHERENTE,SEM_CONFLITO,NOVO_ANUNCIO_CANDIDATO,PENDENTE,PRAZO_E_COBERTURA_GARANTIA_NAO_COMPROVADOS,
VTK018538,IDENTIDADE_COHERENTE,SEM_CONFLITO,NOVO_ANUNCIO_CANDIDATO,PENDENTE,PRAZO_E_COBERTURA_GARANTIA_NAO_COMPROVADOS,
VTK018319,IDENTIDADE_COHERENTE,SEM_CONFLITO,NOVO_ANUNCIO_CANDIDATO,PENDENTE,PRAZO_E_COBERTURA_GARANTIA_NAO_COMPROVADOS,
VTK017249,IDENTIDADE_COHERENTE,SEM_CONFLITO,NOVO_ANUNCIO_CANDIDATO,PENDENTE,PRAZO_E_COBERTURA_GARANTIA_NAO_COMPROVADOS,
VTK002091,IDENTIDADE_COHERENTE,SEM_CONFLITO,NOVO_ANUNCIO_CANDIDATO,PENDENTE,PRAZO_E_COBERTURA_GARANTIA_NAO_COMPROVADOS,
VTK019530,IDENTIDADE_COHERENTE,SEM_CONFLITO,NOVO_ANUNCIO_CANDIDATO,PENDENTE,PRAZO_E_COBERTURA_GARANTIA_NAO_COMPROVADOS,
VTK017289,IDENTIDADE_COHERENTE,SEM_CONFLITO,NOVO_ANUNCIO_CANDIDATO,PENDENTE,PRAZO_E_COBERTURA_GARANTIA_NAO_COMPROVADOS,
VTK018318,IDENTIDADE_COHERENTE,SEM_CONFLITO,NOVO_ANUNCIO_CANDIDATO,PENDENTE,PRAZO_E_COBERTURA_GARANTIA_NAO_COMPROVADOS,
VTK026044,IDENTIDADE_COHERENTE,SEM_CONFLITO,NOVO_ANUNCIO_CANDIDATO,PENDENTE,PRAZO_E_COBERTURA_GARANTIA_NAO_COMPROVADOS,
VTK018303,IDENTIDADE_COHERENTE,SEM_CONFLITO,NOVO_ANUNCIO_CANDIDATO,PENDENTE,PRAZO_E_COBERTURA_GARANTIA_NAO_COMPROVADOS,
VTK017481,IDENTIDADE_COHERENTE,SEM_CONFLITO,NOVO_ANUNCIO_CANDIDATO,PENDENTE,PRAZO_E_COBERTURA_GARANTIA_NAO_COMPROVADOS,
VTK017628,IDENTIDADE_COHERENTE,SEM_CONFLITO,NOVO_ANUNCIO_CANDIDATO,PENDENTE,PRAZO_E_COBERTURA_GARANTIA_NAO_COMPROVADOS,
VTK018081,IDENTIDADE_COHERENTE,SEM_CONFLITO,NOVO_ANUNCIO_CANDIDATO,PENDENTE,PRAZO_E_COBERTURA_GARANTIA_NAO_COMPROVADOS,
VTK017877,IDENTIDADE_COHERENTE,SEM_CONFLITO,NOVO_ANUNCIO_CANDIDATO,PENDENTE,PRAZO_E_COBERTURA_GARANTIA_NAO_COMPROVADOS,
VTK018404,IDENTIDADE_COHERENTE,SEM_CONFLITO,NOVO_ANUNCIO_CANDIDATO,PENDENTE,PRAZO_E_COBERTURA_GARANTIA_NAO_COMPROVADOS,
VTK018562,IDENTIDADE_COHERENTE,SEM_CONFLITO,NOVO_ANUNCIO_CANDIDATO,PENDENTE,PRAZO_E_COBERTURA_GARANTIA_NAO_COMPROVADOS,
VTK026052,IDENTIDADE_COHERENTE,SEM_CONFLITO,NOVO_ANUNCIO_CANDIDATO,PENDENTE,PRAZO_E_COBERTURA_GARANTIA_NAO_COMPROVADOS,
VTK005849,IDENTIDADE_COHERENTE,SEM_CONFLITO,NOVO_ANUNCIO_CANDIDATO,PENDENTE,COBERTURA_GARANTIA_A_CONFIRMAR,3 meses (oferta do fornecedor)
VTK018417,IDENTIDADE_COHERENTE,SEM_CONFLITO,NOVO_ANUNCIO_CANDIDATO,PENDENTE,PRAZO_E_COBERTURA_GARANTIA_NAO_COMPROVADOS,
VTK012894,IDENTIDADE_COHERENTE,SEM_CONFLITO,NOVO_ANUNCIO_CANDIDATO,PENDENTE,PRAZO_E_COBERTURA_GARANTIA_NAO_COMPROVADOS,
VTK018798,IDENTIDADE_COHERENTE,SEM_CONFLITO,NOVO_ANUNCIO_CANDIDATO,PENDENTE,PRAZO_E_COBERTURA_GARANTIA_NAO_COMPROVADOS,
VTK017306,IDENTIDADE_COHERENTE,SEM_CONFLITO,NOVO_ANUNCIO_CANDIDATO,PENDENTE,PRAZO_E_COBERTURA_GARANTIA_NAO_COMPROVADOS,
VTK012944,IDENTIDADE_COHERENTE,SEM_CONFLITO,NOVO_ANUNCIO_CANDIDATO,PENDENTE,PRAZO_E_COBERTURA_GARANTIA_NAO_COMPROVADOS,
VTK023554,IDENTIDADE_COHERENTE,SEM_CONFLITO,NOVO_ANUNCIO_CANDIDATO,PENDENTE,PRAZO_E_COBERTURA_GARANTIA_NAO_COMPROVADOS,
VTK018671,IDENTIDADE_INCONCLUSIVA,PENDENCIA_VALIDACAO,NOVO_ANUNCIO_CANDIDATO,PENDENTE,COMPOSICAO_KIT_NAO_COMPROVADA,
VTK018071,IDENTIDADE_INCONCLUSIVA,PENDENCIA_VALIDACAO,NOVO_ANUNCIO_CANDIDATO,PENDENTE,EVIDENCIA_IDENTIDADE_INCOMPLETA,
VTK018158,IDENTIDADE_INCONCLUSIVA,PENDENCIA_VALIDACAO,NOVO_ANUNCIO_CANDIDATO,PENDENTE,EVIDENCIA_IDENTIDADE_INCOMPLETA,
VTK017309,IDENTIDADE_DIVERGENTE,CONFLITO_CONFIRMADO,NOVO_ANUNCIO_CANDIDATO,BLOQUEADO_CONFLITO_MATERIAL,DIVERGENCIA_ATRIBUTO_PINS_NUMBER,
VTK017612,IDENTIDADE_INCONCLUSIVA,PENDENCIA_VALIDACAO,NOVO_ANUNCIO_CANDIDATO,PENDENTE,EVIDENCIA_IDENTIDADE_INCOMPLETA,
VTK018515,IDENTIDADE_INCONCLUSIVA,PENDENCIA_VALIDACAO,NOVO_ANUNCIO_CANDIDATO,PENDENTE,EVIDENCIA_IDENTIDADE_INCOMPLETA,
VTK017680,IDENTIDADE_INCONCLUSIVA,PENDENCIA_VALIDACAO,NOVO_ANUNCIO_CANDIDATO,PENDENTE,EVIDENCIA_IDENTIDADE_INCOMPLETA,
VTK017308,IDENTIDADE_INCONCLUSIVA,PENDENCIA_VALIDACAO,NOVO_ANUNCIO_CANDIDATO,PENDENTE,COMPOSICAO_KIT_NAO_COMPROVADA,
VTK017291,IDENTIDADE_INCONCLUSIVA,PENDENCIA_VALIDACAO,NOVO_ANUNCIO_CANDIDATO,PENDENTE,EVIDENCIA_IDENTIDADE_INCOMPLETA,
VTK018523,IDENTIDADE_INCONCLUSIVA,PENDENCIA_VALIDACAO,NOVO_ANUNCIO_CANDIDATO,PENDENTE,ESCOPO_POTENCIA_RMS_NAO_COMPROVADO,
VTK018716,IDENTIDADE_INCONCLUSIVA,PENDENCIA_VALIDACAO,NOVO_ANUNCIO_CANDIDATO,PENDENTE,EVIDENCIA_IDENTIDADE_INCOMPLETA,
VTK005172,IDENTIDADE_COHERENTE,PENDENCIA_VALIDACAO,REATIVACAO_CANDIDATA,PENDENTE,REATIVACAO_CANDIDATA,
VTK017765,IDENTIDADE_INCONCLUSIVA,PENDENCIA_VALIDACAO,NOVO_ANUNCIO_CANDIDATO,PENDENTE,EVIDENCIA_IDENTIDADE_INCOMPLETA,
VTK018194,IDENTIDADE_INCONCLUSIVA,PENDENCIA_VALIDACAO,NOVO_ANUNCIO_CANDIDATO,PENDENTE,EVIDENCIA_IDENTIDADE_INCOMPLETA,
VTK003338,IDENTIDADE_INCONCLUSIVA,PENDENCIA_VALIDACAO,NOVO_ANUNCIO_CANDIDATO,PENDENTE,EVIDENCIA_IDENTIDADE_INCOMPLETA,
VTK018617,IDENTIDADE_INCONCLUSIVA,PENDENCIA_VALIDACAO,NOVO_ANUNCIO_CANDIDATO,PENDENTE,COMPOSICAO_KIT_NAO_COMPROVADA,
VTK004080,IDENTIDADE_INCONCLUSIVA,PENDENCIA_VALIDACAO,NOVO_ANUNCIO_CANDIDATO,PENDENTE,EQUIVALENCIA_MARCA_NAO_COMPROVADA | EVIDENCIA_IDENTIDADE_INCOMPLETA,
VTK018810,IDENTIDADE_INCONCLUSIVA,PENDENCIA_VALIDACAO,NOVO_ANUNCIO_CANDIDATO,PENDENTE,EVIDENCIA_IDENTIDADE_INCOMPLETA,
VTK017722,IDENTIDADE_INCONCLUSIVA,PENDENCIA_VALIDACAO,NOVO_ANUNCIO_CANDIDATO,PENDENTE,EVIDENCIA_IDENTIDADE_INCOMPLETA,
VTK002644,IDENTIDADE_INCONCLUSIVA,PENDENCIA_VALIDACAO,NOVO_ANUNCIO_CANDIDATO,PENDENTE,EQUIVALENCIA_MARCA_NAO_COMPROVADA | EVIDENCIA_IDENTIDADE_INCOMPLETA,
VTK005761,IDENTIDADE_INCONCLUSIVA,PENDENCIA_VALIDACAO,NOVO_ANUNCIO_CANDIDATO,PENDENTE,COR_DO_MODELO_NAO_COMPROVADA | EVIDENCIA_IDENTIDADE_INCOMPLETA,
VTK017919,IDENTIDADE_INCONCLUSIVA,PENDENCIA_VALIDACAO,NOVO_ANUNCIO_CANDIDATO,PENDENTE,EVIDENCIA_IDENTIDADE_INCOMPLETA,
VTK017330,IDENTIDADE_INCONCLUSIVA,PENDENCIA_VALIDACAO,NOVO_ANUNCIO_CANDIDATO,PENDENTE,EVIDENCIA_IDENTIDADE_INCOMPLETA,
VTK002372,IDENTIDADE_INCONCLUSIVA,PENDENCIA_VALIDACAO,NOVO_ANUNCIO_CANDIDATO,PENDENTE,EQUIVALENCIA_MARCA_NAO_COMPROVADA | EVIDENCIA_IDENTIDADE_INCOMPLETA,
VTK017682,IDENTIDADE_INCONCLUSIVA,PENDENCIA_VALIDACAO,NOVO_ANUNCIO_CANDIDATO,PENDENTE,EVIDENCIA_IDENTIDADE_INCOMPLETA,
VTK017804,IDENTIDADE_INCONCLUSIVA,PENDENCIA_VALIDACAO,NOVO_ANUNCIO_CANDIDATO,PENDENTE,EVIDENCIA_IDENTIDADE_INCOMPLETA,
VTK017541,IDENTIDADE_INCONCLUSIVA,PENDENCIA_VALIDACAO,NOVO_ANUNCIO_CANDIDATO,PENDENTE,EVIDENCIA_IDENTIDADE_INCOMPLETA,
VTK020755,IDENTIDADE_INCONCLUSIVA,PENDENCIA_VALIDACAO,NOVO_ANUNCIO_CANDIDATO,PENDENTE,EVIDENCIA_IDENTIDADE_INCOMPLETA,
VTK006339,IDENTIDADE_INCONCLUSIVA,PENDENCIA_VALIDACAO,NOVO_ANUNCIO_CANDIDATO,PENDENTE,EQUIVALENCIA_MARCA_NAO_COMPROVADA | EVIDENCIA_IDENTIDADE_INCOMPLETA,
VTK017938,IDENTIDADE_INCONCLUSIVA,PENDENCIA_VALIDACAO,NOVO_ANUNCIO_CANDIDATO,PENDENTE,EVIDENCIA_IDENTIDADE_INCOMPLETA,
VTK012632,IDENTIDADE_INCONCLUSIVA,PENDENCIA_VALIDACAO,NOVO_ANUNCIO_CANDIDATO,PENDENTE,EVIDENCIA_IDENTIDADE_INCOMPLETA,
VTK018861,IDENTIDADE_INCONCLUSIVA,PENDENCIA_VALIDACAO,NOVO_ANUNCIO_CANDIDATO,PENDENTE,EVIDENCIA_IDENTIDADE_INCOMPLETA,
VTK018042,IDENTIDADE_INCONCLUSIVA,PENDENCIA_VALIDACAO,NOVO_ANUNCIO_CANDIDATO,PENDENTE,EVIDENCIA_IDENTIDADE_INCOMPLETA,
