"ordinal","sku","produto_id","nome","marca","estoque","custo","gtin","fornecedor","oferta_preferencial","motivo_de_elegibilidade"
"1","VTK013078","859e5bfa-ccd4-41b0-8ec0-e3ccbb00138d","Pilha Max Aa8+aaa4 Cart 12 Energizer","Energizer","100","42.83","8888021206128","BKR1","78b5b0dc-0e6c-4673-8d8f-6f40c77cadba","ativo+estoque+custo+oferta+sem_vinculo+sem_bloqueio_historico"
"2","VTK004115","2c2705af-8d9d-4155-a010-0213811f3a67","Suporte Magnético Para Antena Móvel PX M-700K Preto AQUÁRIO","AQUARIO","6","105.9","7898127600530","EVOLUSOM-PR","b5846944-6c5a-4b77-b586-72d892ac8faa","ativo+estoque+custo+oferta+sem_vinculo+sem_bloqueio_historico"
"3","VTK018422","cdb8d53f-f752-4163-9b44-8aa7e50ff71c","Haste Permak Para Antena De Teto Gti 095","PERMAK","6","15.4","7898253494676","EVOLUSOM-PR","37377e30-3a86-4c6c-92b3-83b48508e166","ativo+estoque+custo+oferta+sem_vinculo+sem_bloqueio_historico"
"4","VTK018454","df5f076d-34e3-4055-8bb1-4a5c31aade74","Conector Para Cd Vw Jetta/passat","PERMAK","6","24.99","7898253504511","EVOLUSOM-PR","c0f7c49c-b5da-4417-b048-d46f26d677cd","ativo+estoque+custo+oferta+sem_vinculo+sem_bloqueio_historico"
"5","VTK018598","a2a8c7b8-aae0-4782-8b91-d74299209621","Arandela Frahm 6"" Coaxial 30w Rms 8r Redonda 30158","FRAHM","6","139.9","7896673801746","EVOLUSOM-PR","ca1f5907-9314-4fe0-b5c1-0144e4457eec","ativo+estoque+custo+oferta+sem_vinculo+sem_bloqueio_historico"
"6","VTK018608","b24b2c62-e1e9-4db8-a1e7-e091641fc30d","Chicote Dedicado Positron Pronnect Hyundai Veloster 2013","POSITRON","6","21.99","7897789632309","EVOLUSOM-PR","e8f822a4-72d5-4f8a-a105-1ecdebefcf7d","ativo+estoque+custo+oferta+sem_vinculo+sem_bloqueio_historico"
"7","VTK018616","47638703-a897-463e-ae17-0d9ad238732d","Contra Frente Plástica Permak Ka Focus Escot Ranger 2 Din 89/c2","PERMAK","6","12.49","7898253498094","EVOLUSOM-PR","4d91c254-fdc2-4315-92e5-b6f408552819","ativo+estoque+custo+oferta+sem_vinculo+sem_bloqueio_historico"
"8","VTK018636","065903be-45b2-48b6-9023-7735925177ef","Camera Bullet Sohoplus Ip 2 Mp Poe Ip66 Ipc002","SOHOPLUS - FURUKAWA","6","365.9","7893137226954","EVOLUSOM-PR","610670e2-a2ae-4642-ba02-08e29819bccc","ativo+estoque+custo+oferta+sem_vinculo+sem_bloqueio_historico"
"9","VTK018639","9c02c8db-a5e2-45ae-8c77-e25a00e9a0a0","Kit Ventilador Universal Para Rack Piso Max Eletron Com 4 Coolers","MAX ELETRON","6","299.9","7908060206284","EVOLUSOM-PR","a581da61-0d99-42bd-8a14-38d27ddc9ccb","ativo+estoque+custo+oferta+sem_vinculo+sem_bloqueio_historico"
"10","VTK019219","d5887456-14b1-43d1-8f33-27159dc5fe20","Espaguete Liso Permak 12mm 100m","PERMAK","6","120.9","7899079103070","EVOLUSOM-PR","c800f6a8-c3f6-4715-bb33-64da808d3f34","ativo+estoque+custo+oferta+sem_vinculo+sem_bloqueio_historico"
"11","VTK021164","2d39b0f9-ecd8-482c-a2cb-48917df39ab1","Alto Falante Subwoofer 12"" Pioneer Ts-w3060br 350w Rms 4 Ohms Bobina Simples","PIONEER","6","282.9","4988028352713","EVOLUSOM-PR","1498d18c-ad1e-4604-ae27-3dffea7d9264","ativo+estoque+custo+oferta+sem_vinculo+sem_bloqueio_historico"
"12","VTK001254","78b803ed-2e47-448d-a02c-938e19a345dc","Fio Cabinho Flexível 0,30mm Preto Tiaflex - RL / 100","TIAFLEX","5","115.97","7898429980552","HAYAMAX-PR","27cf9ac0-7a92-4833-a7ca-accf0ed78336","ativo+estoque+custo+oferta+sem_vinculo+sem_bloqueio_historico"
"13","VTK001264","92748703-c816-44b1-a3fd-735be0af6f49","Antena Omnidirecional Passiva Sennheiser A1031-U","SENNHEISER","5","1333.27","4006087046456","HAYAMAX-PR","cd74f9c1-633b-484f-9278-7e7768e11da9","ativo+estoque+custo+oferta+sem_vinculo+sem_bloqueio_historico"
"14","VTK001291","efa7e871-454f-4225-b2ec-b4590f0e8bec","Lubrificante e Desengripante Aerosol 100ml Spay WD40 - CX / 12","WD40","5","295.88","17899737500392","HAYAMAX-PR","81ff5a6b-44c3-4c06-857e-a3c186b2fbd4","ativo+estoque+custo+oferta+sem_vinculo+sem_bloqueio_historico"
"15","VTK001303","01dae389-12cf-488a-a60c-89cd07baa199","Guitarra Giannini G100 Vermelha Com Escudo Branco","GIANNINI","5","637.68","7890443014381","HAYAMAX-PR","94ba2341-5a69-429e-bfd0-809416f530c3","ativo+estoque+custo+oferta+sem_vinculo+sem_bloqueio_historico"
"16","VTK001343","70194821-7380-495a-9040-2ca8ea2e1c53","Suporte Para Caixa JBL Bumper MAX26 AF-LA Preto","JBL","5","896.48","7898678590564","HAYAMAX-PR","f21c4c54-0532-4be3-9274-5710a0812937","ativo+estoque+custo+oferta+sem_vinculo+sem_bloqueio_historico"
"17","VTK001863","8ff23f80-7ea2-49fa-9dd7-a489ae162b9d","Bateria Universal Telefone Sem Fio 3,6V AAA 300mAh FX-50U Flex","FLEX","5","12.55","5379861525010","BKR1","9127e88e-2cae-4716-a440-fd31030da256","ativo+estoque+custo+oferta+sem_vinculo+sem_bloqueio_historico"
"18","VTK002625","39037073-9744-4671-93f4-2954ebd515df","Garra de Jacaré 13,5 cm 300A Preto Storm - PCT / 10","STORM","5","9.83","7898566205846","BKR1","aee3d82c-32da-4e01-9b80-7feed9ea1c7b","ativo+estoque+custo+oferta+sem_vinculo+sem_bloqueio_historico"
"19","VTK004022","322aec33-cecf-4ce9-bf3e-472ae46e9f58","Cápsula de Microfone Sennheiser MMD 845 Preto","SENNHEISER","5","838.65","4044155032628","HAYAMAX-PR","de92c563-ed40-4515-b643-83f6c8ee540d","ativo+estoque+custo+oferta+sem_vinculo+sem_bloqueio_historico"
"20","VTK018635","4266bea0-14ff-4ee1-9fc4-524d61b64221","Capota Marítima Concórdia Flash Cover Ba155l Volkwagen Saveiro Cabine Simples Com Gancho 2010+ Baguete","FLASH COVER","5","469.9","7899630182629","EVOLUSOM-PR","bed54013-a133-416d-9cb9-d47f95f055a5","ativo+estoque+custo+oferta+sem_vinculo+sem_bloqueio_historico"
"21","VTK018702","8f8b8004-2749-4790-b626-6bdc31c30dfd","Alto Falante Hinor Hpl 18"" 1000w Rms 8r Subwoofer","HINOR","5","581.99","7896673801128","EVOLUSOM-PR","49cf686f-1567-44ee-aa14-4ea6e5b4a64b","ativo+estoque+custo+oferta+sem_vinculo+sem_bloqueio_historico"
"22","VTK018714","61eddeb1-1475-4a17-8344-adbeca5cc8af","Contra Frente Plástica Permak Toyota Hilux Sw4 2 Din 89/z3","PERMAK","5","14.9","7898253497813","EVOLUSOM-PR","bbe9ca86-a29e-43bf-89a8-e42b683d747f","ativo+estoque+custo+oferta+sem_vinculo+sem_bloqueio_historico"
"23","VTK018729","4d070eba-1f9d-4bee-8fbd-7e1c483a84dc","Kit Conforto Linha Fiat Tury Lvx5 Tw2pt","TURY","5","123.9","7898096330209","EVOLUSOM-PR","4b74578f-0c5d-4400-ba3f-80c64dbab6c1","ativo+estoque+custo+oferta+sem_vinculo+sem_bloqueio_historico"
"24","VTK018746","e9f9219e-762c-4719-aaa8-df2d9f065d73","Sub Conjunto Almapy Up 13+ Traseiro Sensorizado","ALMAPY","5","314.6","7890000103213","EVOLUSOM-PR","dd717204-f655-4739-ad73-0d1c47ce93a6","ativo+estoque+custo+oferta+sem_vinculo+sem_bloqueio_historico"
"25","VTK018748","c95e7e90-3c29-4006-96c2-24f3d61e2b16","Capota Marítima Flash Cover Ff154 Volkswagen Saveiro Ce Sem Gancho 2010/2020 Force","FLASH COVER","5","514.9","7899630194554","EVOLUSOM-PR","2593b4d5-a0f5-4ef2-ba1e-fc2d3a2415de","ativo+estoque+custo+oferta+sem_vinculo+sem_bloqueio_historico"
"26","VTK018749","a6ddb6c2-67fc-4358-9cb9-61976352eff0","Ultraled Headlight Shocklight H3 (par) 12v 50w 6000k 4000lm","SHOCKLIGHT","5","128.25","6949999896024","EVOLUSOM-PR","6322604e-3b8c-45fd-8425-7675e4e99fe8","ativo+estoque+custo+oferta+sem_vinculo+sem_bloqueio_historico"
"27","VTK018768","97dd3f7b-07a8-4252-9a66-c2616ad2f1f0","Conversor Balun Max Eletron Câmera Rack Power Rj 45 Bnc + P4 C/2","MAX ELETRON","5","29.45","1000507800010","EVOLUSOM-PR","f18a2cc4-5d40-4000-95cc-bfe5003f90e8","ativo+estoque+custo+oferta+sem_vinculo+sem_bloqueio_historico"
"28","VTK018830","32ae1d48-0811-42ef-8520-77c616419c26","Cabo De Bateria Technoise 70,00mm² Vermelho - Rolo Com 10m","TECHNOISE","5","669.9","7899924902421","EVOLUSOM-PR","f085ba70-9907-4c56-a67c-fea1888c8c57","ativo+estoque+custo+oferta+sem_vinculo+sem_bloqueio_historico"
"29","VTK020602","c56848d6-3f38-496d-aeec-e4e0cc8f22c9","Cabo Para Microfone Mono Tiaflex Espiralado 100 Metros 1x0,20 Mm 502010","TIAFLEX","5","237.9","7898429981450","EVOLUSOM-PR","80d9ece7-c6a3-44f9-8f92-046f9e89f3af","ativo+estoque+custo+oferta+sem_vinculo+sem_bloqueio_historico"
"30","VTK021438","17cea929-81c4-4615-b147-b7be7dc6b84b","Bandeja Fixa Max Eletron 19"" 1u X 350mm Frontal","MAX ELETRON","5","57.45","7908060203627","EVOLUSOM-PR","0df32a5b-c7d9-44d9-b3aa-912075defb25","ativo+estoque+custo+oferta+sem_vinculo+sem_bloqueio_historico"
"31","VTK022010","2f56fe72-888a-4c96-b359-af5841a0dc59","Haste Permak M5 M6 Etios/ Freemont/ Captiva","PERMAK","5","14.9","7898253501565","EVOLUSOM-PR","8366e2d1-a8a0-4ea8-80df-edf770da4a8a","ativo+estoque+custo+oferta+sem_vinculo+sem_bloqueio_historico"
"32","VTK001390","e528b430-e3e3-4f5a-b60a-53f97b995fd6","Almofada Para Lombar BC3 Preto ThunderX3","THUNDERX3","5","321.11","7890000797696","HAYAMAX-PR","899b7313-d41b-469b-9502-00b0dc74cff6","ativo+estoque+custo+oferta+sem_vinculo+sem_bloqueio_historico"
"33","VTK001439","69df5c41-2a36-4f2c-bcb1-c563df1d92d8","Apoio de Braço Esquerdo Core Loft Grey ThunderX3","THUNDERX3","5","340.71","7890000797726","HAYAMAX-PR","f06d34dd-180b-4bd0-af62-1ac883164255","ativo+estoque+custo+oferta+sem_vinculo+sem_bloqueio_historico"
"34","VTK000831","4cf8a83f-dee6-4c77-b966-65378d316271","Kit Prateleiras Decore Multivisão Branco","MULTIVISÃO","4","114.98","7896643439405","HAYAMAX-PR","08c01179-9fda-41b0-a34a-310b9d98ff4d","ativo+estoque+custo+oferta+sem_vinculo+sem_bloqueio_historico"
"35","VTK001156","8cb69c5a-3ec9-4b01-8de2-203f6ecca2d4","Arandela 6"" Frahm HS 200w Quadrada Branca","FRAHM","4","241.72","7896673814180","HAYAMAX-PR","6f828c0a-a4bb-4fe7-a90d-cea4f841363e","ativo+estoque+custo+oferta+sem_vinculo+sem_bloqueio_historico"
"36","VTK001297","fb948071-e1ce-45bd-9c17-e6922f37ea26","Guitarra Giannini G100 Sunburst Com Escudo Branco","GIANNINI","4","635.73","7890443014374","HAYAMAX-PR","0c393833-3e97-4001-8ea7-35b128c22647","ativo+estoque+custo+oferta+sem_vinculo+sem_bloqueio_historico"
"37","VTK001325","35d0b49b-4e8d-4574-a632-589d4db08e3f","Fio Cabinho Flexível 0,30mm Vermelho Tiaflex - RL / 100","TIAFLEX","4","120.71","7898429980514","HAYAMAX-PR","c10cd4af-dad0-405c-9166-2686f235668c","ativo+estoque+custo+oferta+sem_vinculo+sem_bloqueio_historico"
"38","VTK001379","cfb64673-64e9-4601-adce-779a5205a446","Fio Cabinho Flexível 0,20mm Vermelho Tiaflex - RL / 100","TIAFLEX","4","65.05","7898429980415","HAYAMAX-PR","0b6cbd4d-4489-4343-8880-cd30c26bc4f4","ativo+estoque+custo+oferta+sem_vinculo+sem_bloqueio_historico"
"39","VTK001485","d5f50967-bbfc-475b-a026-2fae44248179","Fio PP 2x1,00mm Controller Preto - RL / 100","CONTROLLER","4","274.31","7898417291479","HAYAMAX-PR","fa3f0640-6e94-4b25-a304-273046c6e1fa","ativo+estoque+custo+oferta+sem_vinculo+sem_bloqueio_historico"
"40","VTK003779","ced59fd1-7861-43f2-a558-23d0cf58099b","Suporte Para Teclado SZ-02 Saty","SATY","4","234.5","7898572861081","BKR1","bd8be7a0-b071-4ffc-8159-e976261dd98f","ativo+estoque+custo+oferta+sem_vinculo+sem_bloqueio_historico"
"41","VTK012590","d5dadf67-755e-4ddb-8364-3b53e162d62f","Palheta Nylon Jazz Iii Preta Pct C/4 Un 47r3s Dunlop (1939)","Dunlop","4","22.92","7897626819399","BKR1","0f5964b3-f349-45ca-be18-8bd6aeaa6fa6","ativo+estoque+custo+oferta+sem_vinculo+sem_bloqueio_historico"
"42","VTK018562","83b8f2ec-1894-4f3e-a1f1-01b0a8c62309","Antena Permak Para Palio/ Mobi Com Cabo 3 Metros - Ref. 100/g","PERMAK","4","32.9","7898253502104","EVOLUSOM-PR","6e3377b4-99ef-46b8-b319-f84fa2394c30","ativo+estoque+custo+oferta+sem_vinculo+sem_bloqueio_historico"
"43","VTK018664","5a3285c8-cf05-41c4-ba80-dde3d8e8839f","Antena Permak Am/fm 2 Estágio Preta","PERMAK","4","24.5","7898253494645","EVOLUSOM-PR","0b5e53c6-08e6-4a5d-8686-4b0754d1bf6a","ativo+estoque+custo+oferta+sem_vinculo+sem_bloqueio_historico"
"44","VTK018857","92fa2aa7-5d9c-4765-ace4-e5114af5848d","Alto Falante Selenium Jbl Original Pro 2206-h 12"" 8r 600w Rms Woofer","SELENIUM","4","719.9","7896359523368","EVOLUSOM-PR","8b0195b8-1195-49b4-be5c-78ca8d6d9d59","ativo+estoque+custo+oferta+sem_vinculo+sem_bloqueio_historico"
"45","VTK018868","1395fed2-dc1c-43ed-9dd5-6ce0c42743b7","Contra Frente Plástica Permak Toyota Etios 2 Din Preta","PERMAK","4","64.9","7898253499558","EVOLUSOM-PR","1b212e57-c359-4e3a-a6b9-94999bb3ce0d","ativo+estoque+custo+oferta+sem_vinculo+sem_bloqueio_historico"
"46","VTK018869","f890678d-4601-445e-ae96-e7580dabdd80","Contra Frente Plástica Permak Honda New Civic 2012 2 Din","PERMAK","4","85.9","7898253495581","EVOLUSOM-PR","d5394086-5fc7-4720-9d16-aee2470c157b","ativo+estoque+custo+oferta+sem_vinculo+sem_bloqueio_historico"
"47","VTK018870","b0da7ce9-8848-4a03-ad41-138294477102","Contra Frente Plástica Permak Fiat Stilo 2 Din Preta","PERMAK","4","37.9","7898253497981","EVOLUSOM-PR","5fc30ff7-7e98-4629-8794-12c695bcbb2a","ativo+estoque+custo+oferta+sem_vinculo+sem_bloqueio_historico"
"48","VTK018908","beb75014-53f4-4191-8f04-9a23233f74b1","Cabo De Guitarra Tiaflex 100 Metros 0,20 Mm Preto 902010","TIAFLEX","4","449.9","7898429982341","EVOLUSOM-PR","1fe28ef5-5a4e-47a1-9f25-c5a3a279d0ca","ativo+estoque+custo+oferta+sem_vinculo+sem_bloqueio_historico"
"49","VTK018909","06794e08-6c98-4ebd-9930-dead3d6accda","Sub Conjunto Almapy Novo Palio 12+ Dnt Sensorizado","ALMAPY","4","164.45","7890000100724","EVOLUSOM-PR","3b1137f1-9cb8-4f89-a7d9-074dda7fb62a","ativo+estoque+custo+oferta+sem_vinculo+sem_bloqueio_historico"
"50","VTK018911","e92d8175-c067-44e4-ac0a-6c104db748f2","Capota Marítima Flash Cover Ff123 Nissan Frontier Sel D40 Cabine Dupla 2009/2015 Force","FLASH COVER","4","539.9","7899630194240","EVOLUSOM-PR","44f22c76-a631-4e57-82de-df5a04b530f9","ativo+estoque+custo+oferta+sem_vinculo+sem_bloqueio_historico"
"51","VTK018912","7dde8a4f-c47f-4ff5-9863-f3280d96d753","Haste Curta Olimpus Da Antena Para Onix","OLIMPUS","4","98.9","7898382141144","EVOLUSOM-PR","76e031c6-89c0-4279-8714-2a38104141b1","ativo+estoque+custo+oferta+sem_vinculo+sem_bloqueio_historico"
"52","VTK018924","17218e85-3802-4e3d-950e-fb5ff8eff639","Telefone Celular Fixo Intelbras Gsm Cfa 4211 4114211","INTELBRAS","4","362.9","7896637677004","EVOLUSOM-PR","032d96ba-dd0b-4c45-a2f4-80310c957a1e","ativo+estoque+custo+oferta+sem_vinculo+sem_bloqueio_historico"
"53","VTK018934","9bb36bae-d17e-41e2-983e-df7fff19e78a","Suporte Para Caixa Acústica Ask Ou Cubo Com Regulagem Inclinação","ASK","4","93.6","7898939971378","EVOLUSOM-PR","9bb1761d-4813-4e30-81b3-cbbf62e1faf1","ativo+estoque+custo+oferta+sem_vinculo+sem_bloqueio_historico"
"54","VTK018936","4e093141-393f-4066-a00b-6db56844533a","Antena Permak Shark Prata 100/m2","PERMAK","4","39.9","7898253505686","EVOLUSOM-PR","9f55cf89-4077-4dfa-a812-ca47a4e00ec5","ativo+estoque+custo+oferta+sem_vinculo+sem_bloqueio_historico"
"55","VTK018943","1be0b415-c95b-460a-bab8-2525814bcfbd","Controlador Acesso Ip Wide Cx-7006","CITROX","4","515.9","7898954353630","EVOLUSOM-PR","41e217f5-b6bb-4d2a-8ed6-ef1b1973ff99","ativo+estoque+custo+oferta+sem_vinculo+sem_bloqueio_historico"
"56","VTK018944","c67795dd-f96b-478b-9af7-f7265d3f6071","Central Laço Indutivo Citrox 2 Pontos Cx-7602","CITROX","4","684.9","7898954353074","EVOLUSOM-PR","a34dcd0e-5283-4c49-bbc0-c1919309ca19","ativo+estoque+custo+oferta+sem_vinculo+sem_bloqueio_historico"
"57","VTK020653","d31eaadd-2689-44c5-8a49-ec52bd7efdb0","Capota Marítima Flash Cover Ff155 Volkwagen Saveiro Cabine Simples Com Gancho 2010+ Force","FLASH COVER","4","534.9","7899630194561","EVOLUSOM-PR","572e1c78-fe59-49c0-aaaa-7295e44437a8","ativo+estoque+custo+oferta+sem_vinculo+sem_bloqueio_historico"
"58","VTK020904","f525b013-e64a-470c-a64d-77750eef6a47","Rack Piso 19"" Max Eletron 16u X 470mm Preto","MAX ELETRON","4","872.9","7908060203368","EVOLUSOM-PR","a1460f2b-82c4-435c-9116-26233b5bbd77","ativo+estoque+custo+oferta+sem_vinculo+sem_bloqueio_historico"
"59","VTK025958","d5c8d107-46e4-4b22-b2e8-982fa2b8e23a","Frigideira Redonda Rochedo Robusta 26cm Grafite - CXM / 3","ARNO","4","161.11","17702073029055","HAYAMAX-PR","70103f42-1f33-41a5-a670-70fbca557661","ativo+estoque+custo+oferta+sem_vinculo+sem_bloqueio_historico"
"60","VTK025961","7f7205fb-4866-4694-a502-3f4f2e18fa2a","Frigideira Redonda Rochedo Robusta 18m Grafite - CXM / 3","ARNO","4","104.74","17702073029024","HAYAMAX-PR","65704f04-87d5-4d98-9acd-bb28e87f283f","ativo+estoque+custo+oferta+sem_vinculo+sem_bloqueio_historico"
"61","VTK003511","11460c2a-409a-43e8-9fe7-becc8ce904b8","Extensão Tripla 2 X 0,75 x 3,0M Preta Megatron","MEGATRON","3","11.5","7899278900982","EVOLUSOM-PR","a569ba80-ab71-4b52-91fc-3386e8dc40fc","ativo+estoque+custo+oferta+sem_vinculo+sem_bloqueio_historico"
"62","VTK005491","dc408ec6-8e7c-420d-951c-00c68ca7256d","Cabo Display Port 1.2v Para DVI Fêmea Storm","STORM","3","27.9","7908638400236","EVOLUSOM-PR","3f4c6dc9-4a56-46d9-a6f4-cf9db5c76273","ativo+estoque+custo+oferta+sem_vinculo+sem_bloqueio_historico"
"63","VTK012632","ebb84cd8-c62e-4c91-8f53-85d294b6ce03","Painel Multicabo 36 Vias XLR Sem Conectores Wireconex","Wireconex","3","156.7","7898640363523","BKR1","49f14626-bdd3-4455-8508-d4cb052a21df","ativo+estoque+custo+oferta+sem_vinculo+sem_bloqueio_historico"
"64","VTK012895","51ba6fa6-aba2-4f80-8458-858a68ff5311","Caixa Retorno Attack Vsm112 - Monitor Palco Passivo 12 Polegadas 300 W Rms","Attack","3","1850.82","7898640362021","BKR1","0b9c1fba-d301-4a3c-beae-384c1498915a","ativo+estoque+custo+oferta+sem_vinculo+sem_bloqueio_historico"
"65","VTK018935","5f074728-4dc5-48f5-b9f7-bc62d43f9955","Antena Permak Shark Preta 100/m","PERMAK","3","35.9","7898253505662","EVOLUSOM-PR","cc3f5e43-3fac-4610-a0a2-5e317b3cd021","ativo+estoque+custo+oferta+sem_vinculo+sem_bloqueio_historico"
"66","VTK018968","e7f7754e-1462-4dda-858a-893478dae2de","Antena Olimpus New Flex Fiat Traseira 12+","OLIMPUS","3","122.9","7898382149959","EVOLUSOM-PR","362b0f92-2ad7-419d-a40f-283eb8c23528","ativo+estoque+custo+oferta+sem_vinculo+sem_bloqueio_historico"
"67","VTK019018","5b434d9c-8393-4dfa-8948-6f4888be8dc2","Alto Falante Eros Neo E-515-neo-4 15"" 4r 500w Rms","EROS","3","623.99","7899021996743","EVOLUSOM-PR","bccb9ccc-d661-441a-9f2f-6f13e557d495","ativo+estoque+custo+oferta+sem_vinculo+sem_bloqueio_historico"
"68","VTK019030","24a37bf9-448f-4d52-8ef3-2ed05512ba8e","Contra Frente Plástica Permak Corsa Montana Meriva 2 Din Cinza 89/m3","PERMAK","3","21.9","7898253497998","EVOLUSOM-PR","2ddaa6ac-908a-4b29-97f6-2a4458c1f92e","ativo+estoque+custo+oferta+sem_vinculo+sem_bloqueio_historico"
"69","VTK019044","fc83972a-ead2-4687-b53a-07c3fd56c4a3","Cabo Flexível Remoto Technoise 100% Cobre Azul 1.50 Mm Rolo 100 Metros","TECHNOISE","3","161.9","7898530518873","EVOLUSOM-PR","6672e759-b1b8-4374-8ecb-e9a5b07ee7a5","ativo+estoque+custo+oferta+sem_vinculo+sem_bloqueio_historico"
"70","VTK019089","93869b7d-12a3-4370-95ba-92ec02b61cfc","Capota Marítima Concórdia Flash Cover Ba130l Mitsubishi L200 Triton 2009/2017 Baguete","FLASH COVER","3","364.5","7899630182377","EVOLUSOM-PR","db279f58-cabe-4fe3-921d-8db9db85279f","ativo+estoque+custo+oferta+sem_vinculo+sem_bloqueio_historico"
"71","VTK019090","7d3cadf6-0d21-4fb1-8167-9f11804ce7d6","Capota Marítima Concórdia Flash Cover Ba093l Volkswagen Saveiro Sem Grade 1982/1997 Baguete","FLASH COVER","3","347.9","7899630182087","EVOLUSOM-PR","9580d87b-0054-4a24-a88b-12590bc0f1ba","ativo+estoque+custo+oferta+sem_vinculo+sem_bloqueio_historico"
"72","VTK019094","4fff33d4-ab0a-43e5-bb40-0aa655154278","Capota Marítima Flash Cover Ff194 Toyota Hilux Cabine Dupla 2016+ Force","FLASH COVER","3","549.9","7899630194882","EVOLUSOM-PR","3afa5eed-c030-4cd7-b66c-127d5345eb74","ativo+estoque+custo+oferta+sem_vinculo+sem_bloqueio_historico"
"73","VTK019095","7144b025-bbee-4764-b1c7-7bf5380b2ca6","Capota Marítima Flash Cover Ff126 Fiat Strada Cabine Estendida Com Gancho Com Step 1998/2013 Force","FLASH COVER","3","449.9","7899630194271","EVOLUSOM-PR","7d79fa0a-b3c4-489e-94ce-7916066e80e2","ativo+estoque+custo+oferta+sem_vinculo+sem_bloqueio_historico"
"74","VTK019096","6fd8c5c2-1073-4dc9-9566-97933b90f4ee","Ultra Led Shocklight (par) H27 12v 50w 6000k 4000lm","SHOCKLIGHT","3","128.25","6949999896093","EVOLUSOM-PR","14c1d253-0e75-4aef-aee4-9ecad974e036","ativo+estoque+custo+oferta+sem_vinculo+sem_bloqueio_historico"
"75","VTK019099","2feb7e97-6953-4508-8055-755956acb219","Capota Marítima Flash Cover Ff147 Fiat Strada Cabine Dupla Sem Gancho Com Step 2010/2013 Force","FLASH COVER","3","499.9","7899630194486","EVOLUSOM-PR","bca12a3e-9ee1-4338-983d-6a858e3a0480","ativo+estoque+custo+oferta+sem_vinculo+sem_bloqueio_historico"
"76","VTK019100","2dc9047a-b734-40dd-a3e9-2b46a8c03b3e","Camera Dome Hikvision 3.0 Ds-2ce16c2t-vfir 2.8-12mm 960p","HIKVISION","3","229.5","7898957865710","EVOLUSOM-PR","4b76e9ac-f5c3-4b49-a8d5-cac8c93215af","ativo+estoque+custo+oferta+sem_vinculo+sem_bloqueio_historico"
"77","VTK019108","f1c7ae2c-2877-4518-987c-94920709e072","Capota Marítima Flash Cover Ff173 Volkswagen Amarok Cabine Simples 2010+ Force","FLASH COVER","3","599.9","7899630194684","EVOLUSOM-PR","03db957e-1b1a-42f7-8005-10e8d8e54d0d","ativo+estoque+custo+oferta+sem_vinculo+sem_bloqueio_historico"
"78","VTK019117","8d7fbad6-a59b-4aaa-a799-abfc41331b28","Expansor Corneta Fiamon 1450 Red. Curta Bicolor Amarelo Fluorescente","FIAMON","3","21.9","7898478324987","EVOLUSOM-PR","a4c79e11-9833-449f-a669-6801e42f99c8","ativo+estoque+custo+oferta+sem_vinculo+sem_bloqueio_historico"
"79","VTK019126","e72bc21d-d22d-4bd3-a0eb-b4c6fda4e144","Fechadura Solenoide De Embutir Intelbras Fs 1010","INTELBRAS","3","809.08","7896637671330","EVOLUSOM-PR","336b1fe6-22cf-40c2-a3ae-4de745d10346","ativo+estoque+custo+oferta+sem_vinculo+sem_bloqueio_historico"
"80","VTK019131","0cd3928f-2185-4a0d-bac0-05862a066d7d","Laço Indutivo Citrox 1,90x0,80 Cx-4001","CITROX","3","102.95","7898954353265","EVOLUSOM-PR","b5eec0cb-3269-4290-b2c2-0329d1b1a316","ativo+estoque+custo+oferta+sem_vinculo+sem_bloqueio_historico"
"81","VTK020645","24f67a3a-a737-4058-815e-8dbdf54e5f1a","Capota Marítima Flash Cover Ff130 Mitsubishi L200 Triton 2009/2017 Force","FLASH COVER","3","539.9","7899630194318","EVOLUSOM-PR","db35a30f-dc6c-49a7-9445-c0d46ee17be2","ativo+estoque+custo+oferta+sem_vinculo+sem_bloqueio_historico"
"82","VTK020656","46657896-3552-465b-a60f-cc35c3923211","Capota Marítima Flash Cover Ff176 Ford Ranger Xls Cabine Dupla 2012/2023 Force","FLASH COVER","3","459.9","7899630194714","EVOLUSOM-PR","b600f2a5-a77a-4d95-9e2f-9ab886b9b2ed","ativo+estoque+custo+oferta+sem_vinculo+sem_bloqueio_historico"
"83","VTK020660","21fcbfcb-b007-46f1-bce3-53482b9442a4","Capota Marítima Flash Cover Ff042 Fiat Strada Cabine Estendida Sem Gancho Com Step 1998/2013 Force","FLASH COVER","3","509.9","7899630193625","EVOLUSOM-PR","f626847f-38e3-427d-b36c-1b1068a06c83","ativo+estoque+custo+oferta+sem_vinculo+sem_bloqueio_historico"
"84","VTK012861","97de1044-c000-438c-9b24-acbc1b7ace04","Alto-falante 18 Pol 800w Rms 8 Ohms 18lf1610b8 Atk","Atk Eletroacústica","2","1219.9","7898640360638","BKR1","6970cfd5-5833-4a39-a73d-c62dd282c037","ativo+estoque+custo+oferta+sem_vinculo+sem_bloqueio_historico"
"85","VTK012864","3206afcd-6e43-4e87-8902-cbf1cb7f855d","Alto-falante 18 Pol 1500w Rms 8 Ohms 18lf3000b8 Atk","Atk Eletroacústica","2","1396.9","7898640362106","BKR1","d878c003-7cd4-4eea-badf-d44e1feee1a1","ativo+estoque+custo+oferta+sem_vinculo+sem_bloqueio_historico"
"86","VTK012865","4af0d21d-e9f5-468a-999d-c8d6a7bd64c8","Alto-falante Profissional 400w 18 Pol 8 Ohms 18wf810b8 Atk","Atk Eletroacústica","2","665","7898640362144","BKR1","34aa866b-f963-4153-97e3-28baa0f8e47c","ativo+estoque+custo+oferta+sem_vinculo+sem_bloqueio_historico"
"87","VTK012866","fffee6d5-b53a-4b4b-b015-5088a2bd0735","Alto-falante 12 Pol 1300w Rms 4 Ohms Wf3004600b4/a Atk","Atk Eletroacústica","2","1194.9","7898640360676","BKR1","a3bdf775-1cae-4ba6-80f8-e22121385d01","ativo+estoque+custo+oferta+sem_vinculo+sem_bloqueio_historico"
"88","VTK012869","3db72eef-2662-4970-a6c1-dafd5e5fa715","Alto-falante 12 Pol 1000w Rms 4 Ohms Wf3002000b4/a Atk","Atk Eletroacústica","2","787.9","7898640360706","BKR1","2c9b6812-4ba2-4b47-ba88-1cd5dbeb73e7","ativo+estoque+custo+oferta+sem_vinculo+sem_bloqueio_historico"
"89","VTK012014","d63548bc-a94a-42bd-b6cb-53ae8976bb03","Conector Para Cabo Fêmea P/ac - Corpo Azul Wc 3 Fca Wireconex 02 Unidades","Wireconex","100","40","","BKR1","11deb882-9557-4e3c-a9cb-2d360ae24ea3","ativo+estoque+custo+oferta+sem_vinculo+sem_bloqueio_historico"
"90","VTK012016","dd75d2e4-4280-41b5-93e5-5d719abbb97e","Kit Conectores Xlr 1003 1013 20un (10 Machos/10 Femeas) Wireconex","Wireconex","100","129.9","","BKR1","1b885e6f-0dcf-4572-8dba-244a06510703","ativo+estoque+custo+oferta+sem_vinculo+sem_bloqueio_historico"
"91","VTK012018","289f321c-9b4d-4fee-bdbf-b5758f88ae17","Kit Conector Xlr Macho Wc 1013 (10un) Wireconex","Wireconex","100","69.9","","BKR1","f037b16e-20d1-4c2e-b3b6-4ad3cbe3ed60","ativo+estoque+custo+oferta+sem_vinculo+sem_bloqueio_historico"
"92","VTK012022","25ea579a-df21-4e4c-a729-a8b1f351b239","Conector Combo Xlr Fêmea Painel 3p Wc 330 Wireconex 04 Unidades","Wireconex","100","64","","BKR1","e3c3ed3b-7d6f-4f45-958b-f17e1796240e","ativo+estoque+custo+oferta+sem_vinculo+sem_bloqueio_historico"
"93","VTK012039","4be0b818-3bb2-41b9-b9a6-d8198fbd2850","Kit Conector Xlr Macho Wc 1013 (10un) Wireconex","Wireconex","100","69.9","","BKR1","b6efa5c9-781e-4966-aced-06cf8cb072a8","ativo+estoque+custo+oferta+sem_vinculo+sem_bloqueio_historico"
"94","VTK012040","2705a1d3-e329-475b-a11c-8153c6385604","Kit Conectores Xlr 1003 1013 20un (10 Machos/10 Femeas) Wireconex","Wireconex","100","129.9","","BKR1","0588117c-9ca7-4e5f-9c7b-052c62509e5c","ativo+estoque+custo+oferta+sem_vinculo+sem_bloqueio_historico"
"95","VTK025996","2aaa346c-ca62-4f98-a754-c2fb6e0510c3","Controle Compatível Novo Px32 4 B Direct","R3a Automotive","100","24.5","","BKR1","5b005222-e1d8-4806-8672-3c42d3838dbb","ativo+estoque+custo+oferta+sem_vinculo+sem_bloqueio_historico"
"96","VTK025997","dd72e19a-69f2-4157-a41b-7444fb8fc1f3","Controle Compatível Pxn52 4 B Direct","R3a Automotive","100","24.5","","BKR1","4c9a157a-339b-4408-9521-cf9b56e543ef","ativo+estoque+custo+oferta+sem_vinculo+sem_bloqueio_historico"
"97","VTK025998","f7f22110-e208-419a-9942-c509080afe9c","Capa Chave Canivete Compatível Gm 2 B Cruze 2012 A 2018","R3a Automotive","100","19.32","","BKR1","86c60e3f-6d25-4b2f-94b2-262adfdbf61d","ativo+estoque+custo+oferta+sem_vinculo+sem_bloqueio_historico"
"98","VTK026002","9cbc9eb4-811d-4b8f-a45f-85ee0bc60439","Capa Chave Canivete Compatível Gm 3 B Cruze 2012 A 2018","R3a Automotive","69","19.32","","BKR1","ed4aa14b-3919-4228-9fed-8181646b1e36","ativo+estoque+custo+oferta+sem_vinculo+sem_bloqueio_historico"
"99","VTK012148","70fb5f79-40a8-4eb9-a48c-5e2ddb29c4fa","Adaptador Rca Fêmea P/xlr 3p Fêmea Niq. Wc 244 Ad 02 Unidades Wireconex","Wireconex","65","19","","BKR1","4aafa822-5bc6-4a94-ba52-abbb32a92cb8","ativo+estoque+custo+oferta+sem_vinculo+sem_bloqueio_historico"
"100","VTK012369","df0fe9d6-90ce-49e9-b554-bb3b026a3574","Adaptadores Rca Fêmea P/xlr 3p Macho Niq. Wc 245 Ad 02 Unidades Wireconex","Wireconex","50","20","","BKR1","74d430cb-7df8-4a84-ac0b-5e27cc34c36a","ativo+estoque+custo+oferta+sem_vinculo+sem_bloqueio_historico"
"101","VTK017202","7327df44-719b-401b-b3af-dac4e8ad51d0","Tesoura Seccon Corta Kevlar 5,8"" Ct-c151n","FERRAGENS FTTH","50","79.9","","EVOLUSOM-PR","2bdab277-9c30-42da-ae84-f4629c5540c1","ativo+estoque+custo+oferta+sem_vinculo+sem_bloqueio_historico"
"102","VTK017210","2145db81-8c23-4171-a040-b2f7eef29fbb","Terminal De Fio Permak Encaixe Macho","PERMAK","50","18.57","","EVOLUSOM-PR","3662908b-8e02-4332-8e0d-9c089a1e2007","ativo+estoque+custo+oferta+sem_vinculo+sem_bloqueio_historico"
"103","VTK017233","ee50626d-b3d0-434a-bb1e-d562643d1448","Suporte Antena 10-a Telha Brasilit 32mm Tubo 3/ 4 Prata Cromo","DIMATIX","50","22.9","","EVOLUSOM-PR","e6b97ed8-9f5f-449e-bde5-275e2273c39b","ativo+estoque+custo+oferta+sem_vinculo+sem_bloqueio_historico"
"104","VTK017234","de50e676-526a-4e09-95f9-9f98b0085d0e","Suporte Antena Cromo 211-b Emenda Tubo 1""","DIMATIX","50","10.9","","EVOLUSOM-PR","aa4598bf-b8dd-4b86-a485-0650f5d8e06d","ativo+estoque+custo+oferta+sem_vinculo+sem_bloqueio_historico"
"105","VTK017235","9bcffb2d-3f31-49a8-902b-5c425b2bb3bb","Suporte Antena 313-af Telha Francesa Tubo 3/ 4 Com Suporte Prata Cromo","DIMATIX","50","28.9","","EVOLUSOM-PR","dc0a6986-1a0c-4115-bb8e-98fa6a2fd075","ativo+estoque+custo+oferta+sem_vinculo+sem_bloqueio_historico"
"106","VTK017240","f6ae5113-1265-4894-b074-52fe349867f5","Cabo Vga Evus C-041 Hd15 Macho X Hd15 Macho Com Filtro 10,0m","EVUS","50","30.5","","EVOLUSOM-PR","6dac40de-5a83-4edf-b61f-51c46bf80c4f","ativo+estoque+custo+oferta+sem_vinculo+sem_bloqueio_historico"
"107","VTK017241","70b95a7a-b176-4ad2-a136-f07d1d9198c7","Cabo Vga Evus C-044 Hd15 Macho X Hd15 Macho Com Filtro 20,0m","EVUS","50","60.9","","EVOLUSOM-PR","96a2ed6b-c905-4044-b82b-d8e9d31f36f1","ativo+estoque+custo+oferta+sem_vinculo+sem_bloqueio_historico"
"108","VTK017242","15194621-d655-4bf5-8148-a7be13fa04de","Cabo Hdmi Evus C-051 4k Macho X Macho V2.0 5,0m","EVUS","50","27.5","","EVOLUSOM-PR","c0f8a9b7-a8fa-48e8-98ab-2f6f0395b4cf","ativo+estoque+custo+oferta+sem_vinculo+sem_bloqueio_historico"
"109","VTK017243","c792414f-8be3-44fd-aa54-a661ecf240bb","Cabo Hdmi Evus C-052 4k Macho X Macho V2.0 10,0m","EVUS","50","49.9","","EVOLUSOM-PR","da705478-fbd2-4b40-b119-435cc149d255","ativo+estoque+custo+oferta+sem_vinculo+sem_bloqueio_historico"
"110","VTK017248","672469fd-0ee5-4f61-854e-2a25c3f4c2d7","Trafo De Linha Frahm T10 10w/70v","FRAHM","50","39.9","","EVOLUSOM-PR","e60248d7-cba9-473d-b9a7-06b30ec84f5b","ativo+estoque+custo+oferta+sem_vinculo+sem_bloqueio_historico"
"111","VTK017252","31ad1f70-a866-494c-bcd2-fd2dba879f11","Cabo Otg Evus C-078 Lightning X Usb 2.0 15cm","EVUS","50","11.7","","EVOLUSOM-PR","380e2648-b4d5-4ea0-a2a0-d2ffe25eade0","ativo+estoque+custo+oferta+sem_vinculo+sem_bloqueio_historico"
"112","VTK017255","6ae0ec08-13cc-4813-89a5-5f92bf8ca15c","Cabo óptico Splitter Evus Opf-plc1x2-nc250 Plc 1x2 Nc 1,5m G657a1","EVUS","50","23.99","","EVOLUSOM-PR","63e6f475-b51c-4857-bab6-be80c26ebd51","ativo+estoque+custo+oferta+sem_vinculo+sem_bloqueio_historico"
"113","VTK017259","d5b6ffe5-7ac5-4e02-8b3c-b041da5a9347","Conector Klc Tnc Tm-1 Macho Rg/rgc 58","K.L.C.","50","12.6","","EVOLUSOM-PR","e931f25c-9e09-46a9-8af5-e6eb98d6a743","ativo+estoque+custo+oferta+sem_vinculo+sem_bloqueio_historico"
"114","VTK017260","c522bccc-21ae-475e-a04f-ddf8f70078c6","Conector Klc Macho Rg/rgc Km-8","K.L.C.","50","16.5","","EVOLUSOM-PR","2eb2c981-ef8a-4864-a46c-853c9089d90b","ativo+estoque+custo+oferta+sem_vinculo+sem_bloqueio_historico"
"115","VTK017261","f9027970-79c4-4e3e-9357-f340a1eb8f1a","Conector Klc N Macho Reto Rg/ Rgc 58 Cm-97","K.L.C.","50","17.9","","EVOLUSOM-PR","d247fac2-9b2e-40c4-a7ce-e428112bb151","ativo+estoque+custo+oferta+sem_vinculo+sem_bloqueio_historico"
"116","VTK017262","31bfa2c9-7fa7-40c6-bbbc-6b80d4a04259","Conector Tnc Macho Rt Rg/rgcc 213 Tm-10","K.L.C.","50","20.2","","EVOLUSOM-PR","aaa28fda-fa42-45b4-9f24-1b51dc84f89c","ativo+estoque+custo+oferta+sem_vinculo+sem_bloqueio_historico"
"117","VTK017263","20992744-7828-47a8-aae3-2c4c84420557","Conector Uhf Fem Rg/rgcc 58(cn-130)kf-11","K.L.C.","50","29.5","","EVOLUSOM-PR","20274511-5bbb-4ebd-b30e-307abc860f2c","ativo+estoque+custo+oferta+sem_vinculo+sem_bloqueio_historico"
"118","VTK017278","d082d8d2-753d-440c-b711-ee81e3f646ea","Carregador Veicular Usb Evus C-098 Com Led 5v 2a","EVUS","50","14.13","","EVOLUSOM-PR","c3f56cc8-1a0b-40e1-acf8-2784fc74881e","ativo+estoque+custo+oferta+sem_vinculo+sem_bloqueio_historico"
"119","VTK017279","991c34af-6677-41a3-bfca-9101ca5acf02","Conector Rj-45 Macho Evus C-103 Cat6 Blindado 100un.","EVUS","50","38.66","","EVOLUSOM-PR","4d1e885c-ce40-460f-a514-380ee13d3ce1","ativo+estoque+custo+oferta+sem_vinculo+sem_bloqueio_historico"
"120","VTK017297","b81c89ea-4984-43a8-a3f6-032b019d7744","Cooler Gamer Evus F-12rgb Fan 12cm Com Led Rgb","EVUS","50","15.9","","EVOLUSOM-PR","2fc567ad-4797-4972-aaf8-344b2a6c659e","ativo+estoque+custo+oferta+sem_vinculo+sem_bloqueio_historico"
"121","VTK017353","60155eac-28af-4c82-8166-d94b257ad80b","Fonte Atx Evus Psu-200 Oem 200w 20/24p 2 Sata - PC / 10","EVUS","50","419","","EVOLUSOM-PR","7d5939a7-5e47-49f6-bdfe-2797d9832aa7","ativo+estoque+custo+oferta+sem_vinculo+sem_bloqueio_historico"
"122","VTK017366","6c0b74a0-4cb7-418c-bd10-abecf1e93e6f","Caixa Atendimento óptico 1x16 Cto","FERRAGENS FTTH","50","97.9","","EVOLUSOM-PR","2cbf0eb5-99d6-48d0-b0f0-685f14bc6451","ativo+estoque+custo+oferta+sem_vinculo+sem_bloqueio_historico"
"123","VTK017369","467761af-f4b6-459c-9e70-b6d58784d6d4","Cooler Para Rack Evus Ev-fu2 120x120mm 110v","EVUS","50","199.9","","EVOLUSOM-PR","f84afde1-f180-4980-b5f6-423454ecc484","ativo+estoque+custo+oferta+sem_vinculo+sem_bloqueio_historico"
"124","VTK017374","ba2f906b-b82c-41c2-93a8-4b85f62a6270","Cooler Gamer Evus F-12fix Fan 12cm Com Led","EVUS","50","17.63","","EVOLUSOM-PR","2a941b13-1780-4510-b5e0-2ea5edfb9498","ativo+estoque+custo+oferta+sem_vinculo+sem_bloqueio_historico"
"125","VTK017378","b02ef015-f182-4d82-9937-73c8fee968c5","Carregador De Celular Roadstar Rs109-2ubr Com 2 Usb","ROADSTAR BRASIL","50","25.9","","EVOLUSOM-PR","c72977c5-1040-4f0e-a7c5-672725dafa27","ativo+estoque+custo+oferta+sem_vinculo+sem_bloqueio_historico"
"126","VTK017400","b7f31705-bae3-4156-9c45-e3e3f47caba6","Cabo Solar Cabel 6,0mm² Preto 25m","CABEL","50","137.9","","EVOLUSOM-PR","25efdfe0-b4b2-47b1-b304-5aadf0c1273b","ativo+estoque+custo+oferta+sem_vinculo+sem_bloqueio_historico"
"127","VTK017401","4498a03d-7824-4998-bb49-00c3114efd57","Cabo Solar Cabel 6,0mm² Vermelho 25m","CABEL","50","137.9","","EVOLUSOM-PR","606e11e3-e856-457d-b15e-29ef5483502a","ativo+estoque+custo+oferta+sem_vinculo+sem_bloqueio_historico"
"128","VTK017402","c480d7fd-a6c3-4bd3-83d8-dd9ee60cf619","Cabo Solar Cabel 6,0mm² Preto 50m","CABEL","50","269.9","","EVOLUSOM-PR","bbc067b2-9e98-48fd-b031-be8cbb020ab1","ativo+estoque+custo+oferta+sem_vinculo+sem_bloqueio_historico"
"129","VTK017403","b77f2516-bcfc-4d31-a653-fe6d894f496e","Cabo Solar Cabel 6,0mm² Vermelho 50m","CABEL","50","269.9","","EVOLUSOM-PR","01c42fd2-81dd-4d00-b15f-478722a64efd","ativo+estoque+custo+oferta+sem_vinculo+sem_bloqueio_historico"
"130","VTK017408","3e8422a9-8386-4549-aa31-1b851fb1e75d","Bateria Alcalina Elgin A23 Blister Com 5 Unidades.","ELGIN","50","11.3","","EVOLUSOM-PR","c1a7a22b-aa29-4ac3-9c38-02a29385a9a1","ativo+estoque+custo+oferta+sem_vinculo+sem_bloqueio_historico"
"131","VTK017523","b2e270b9-045a-4f9f-a3a9-37c782ee89cc","Tela Plástica Permak 12"" Para Alto Falante Tipo Arlem 121 - PC / 2","PERMAK","50","31.8","","EVOLUSOM-PR","f7f5a343-c8d6-41cc-903e-78161c8045c7","ativo+estoque+custo+oferta+sem_vinculo+sem_bloqueio_historico"
"132","VTK017524","daf3481b-6ac3-47a4-ba9b-83cded3fe87d","Tela Plástica Permak 6"" Para Alto Falante Tipo Arlem 115 - PC / 2","PERMAK","50","29.98","","EVOLUSOM-PR","49eb6127-5315-45f2-a338-6ad74a728917","ativo+estoque+custo+oferta+sem_vinculo+sem_bloqueio_historico"
"133","VTK017531","9b0f50fa-8a3d-4926-a677-858efeba8d8b","Terminal De Fio Aberto Forquilha1/8 Permak Para Módulo - 100un.","PERMAK","50","15.9","","EVOLUSOM-PR","0289c767-24c7-48f8-923a-4f95ea17d3bb","ativo+estoque+custo+oferta+sem_vinculo+sem_bloqueio_historico"
"134","VTK026004","52dce833-d612-4b0e-af38-342daca46bfb","Super Chip Xhorse Vvdi Xt27a","R3a Automotive","50","25.2","","BKR1","5676624e-ad3f-4f6d-bb5d-8ad5edebbb17","ativo+estoque+custo+oferta+sem_vinculo+sem_bloqueio_historico"
"135","VTK026005","599c0254-c9e6-435f-92ca-699369096497","Chip De Vidro Id48 Oe002","R3a Automotive","50","7.2","","BKR1","62509303-5bb6-4e7f-ae1b-ee7e5269aa18","ativo+estoque+custo+oferta+sem_vinculo+sem_bloqueio_historico"
"136","VTK017435","f08c8b3c-96ad-4016-b0cd-5ac4353260fe","Conector T Deye Para Micro Inversor Sun-m225g4","DEYE","50","55","","EVOLUSOM-PR","de82f384-aada-4490-bafc-6d6a75f04682","ativo+estoque+custo+oferta+sem_vinculo+sem_bloqueio_historico"
"137","VTK017436","486434ea-76ce-48ab-81e8-5466a7a7c2a4","(ind) Cabo Tronco Deye P/sun-m225g4","DEYE","50","57.49","","EVOLUSOM-PR","651969b7-f0b8-4311-9564-c2453e6edfd9","ativo+estoque+custo+oferta+sem_vinculo+sem_bloqueio_historico"
"138","VTK026006","ccb4c081-7143-4d8b-8f06-591513893a3a","Capa Chave Canivete Compatível Vw 2 B G5","R3a Automotive","49","18.48","","BKR1","76f008aa-f8fe-49b7-b0fd-ceff339eda09","ativo+estoque+custo+oferta+sem_vinculo+sem_bloqueio_historico"
"139","VTK017538","5c19de39-4fc3-4fe9-a78c-72eaccee4261","Trafo Audio Frahm Linha T5i 70/ 210v","FRAHM","48","28.9","","EVOLUSOM-PR","80f715cc-459d-409f-a333-d4732a8f40f1","ativo+estoque+custo+oferta+sem_vinculo+sem_bloqueio_historico"
"140","VTK017548","9ae896d2-1dc1-4c1e-8bd5-75c2e60e3bbc","Conector Klc Com Uhf Macho R Red Rg/rgcc 58 Km-16","K.L.C.","48","18.9","","EVOLUSOM-PR","af7dd019-5e68-4f1c-a1ad-5f946616788c","ativo+estoque+custo+oferta+sem_vinculo+sem_bloqueio_historico"
"141","VTK023558","7c9f0bb3-acd6-4524-b913-ee50a9e6c070","Mouse Sem Fio Logitech M220 Silent Preto","LOGITECH","45","61.9","","EVOLUSOM-PR","953c8632-59f1-4bac-afae-806a7e7fd30f","ativo+estoque+custo+oferta+sem_vinculo+sem_bloqueio_historico"
"142","VTK026009","d222c607-ba5e-41ae-978f-abda72945ceb","Capa Chave Canivete Compatível Fiat 500 3 B","R3a Automotive","39","25.2","","BKR1","f5bf63c5-a406-44ac-8065-e10ee20d1dfa","ativo+estoque+custo+oferta+sem_vinculo+sem_bloqueio_historico"
"143","VTK017629","7b2841e9-6480-4013-8234-529149937c74","Cabo Extensão De Antena Permak 2,50 Metros - PC / 2","PERMAK","38","29.8","","EVOLUSOM-PR","647f2213-ba2a-4719-93b2-7c6590ef320c","ativo+estoque+custo+oferta+sem_vinculo+sem_bloqueio_historico"
"144","VTK012236","521f017d-10c5-4043-950e-aa4d05920e70","Palheta Bori Grl At-r16104 Picker 0,96 Mm (amarelo) R21005 10un","Bori","37","10.18","","BKR1","6bb59fba-1e69-4d96-aef9-def37a1b4b7b","ativo+estoque+custo+oferta+sem_vinculo+sem_bloqueio_historico"
"145","VTK012237","1bbbffef-7733-4f79-a62f-5bfccd76e3cc","Palheta Bori Grl At-r16147 Rio Xxl (preto) R21032 10un","Bori","37","10","","BKR1","f54d7dd4-8607-4326-9c65-8e50cc5bb5eb","ativo+estoque+custo+oferta+sem_vinculo+sem_bloqueio_historico"
"146","VTK012248","543cd6ae-f86f-473c-8c3c-55cd8e70e50c","Palheta Bori Grl At-r16103 Picker 0,82 Mm (vermelho) R21004 10un","Bori","32","8","","BKR1","4b1c36cb-a273-4756-bf11-a560df4272b8","ativo+estoque+custo+oferta+sem_vinculo+sem_bloqueio_historico"
"147","VTK019037","203d99f8-bf9a-4438-80a4-4402c0d4dd79","Headset Logitech H390 Usb","LOGITECH","32","199.9","","EVOLUSOM-PR","16acb899-cff3-43c3-812f-4d246e71909f","ativo+estoque+custo+oferta+sem_vinculo+sem_bloqueio_historico"
"148","VTK017567","27f8b999-1aab-417a-b133-c3c56e4a161f","Combo Teclado E Mouse Sem Fio Logitech Mk270 Preto/cinza","LOGITECH","31","157.9","","EVOLUSOM-PR","0743e406-61f1-4000-9431-9bc6dfeda26a","ativo+estoque+custo+oferta+sem_vinculo+sem_bloqueio_historico"
"149","VTK026010","debf2fe7-4a7d-4555-852f-0ff2e7d26bad","Controle 4 B Universal Wr912","R3a Automotive","30","24.5","","BKR1","165b6560-a838-46e0-90e4-ec7c0702af28","ativo+estoque+custo+oferta+sem_vinculo+sem_bloqueio_historico"
"150","VTK017740","b2f4fbdc-0192-465b-85b2-765137a9b556","Suporte Antena 207-b Tripe Laje Tubo 1"" Prata Cromo","DIMATIX","29","18.9","","EVOLUSOM-PR","aa195bb0-9705-4a49-9956-09354d28c817","ativo+estoque+custo+oferta+sem_vinculo+sem_bloqueio_historico"
"151","VTK017942","b50a1717-1ca3-4491-b918-d698bbaa22b5","Fonte Atx 200w C3 Tech Ps-200v4 C3plus Sem Cabo - Caixa Com 10 Unidades","C3 TECH","29","349.9","","EVOLUSOM-PR","0ec8be9c-4e30-4114-a6cf-92526f37ec34","ativo+estoque+custo+oferta+sem_vinculo+sem_bloqueio_historico"
"152","VTK017600","4ca011e6-5e2c-453d-bec1-66b70f85a99f","Refil De Tinta Epson T544322 Magenta","EPSON","28","46.1","","EVOLUSOM-PR","21c4872c-de18-4f67-928b-8c7f3aa7302e","ativo+estoque+custo+oferta+sem_vinculo+sem_bloqueio_historico"
"153","VTK017826","21938c94-7c06-4026-8282-8a9bd40fbfdd","Rele De Buzina Permak Universal 5 Terminais","PERMAK","28","11.5","","EVOLUSOM-PR","dd0254ce-2cc7-4c04-8fec-11015c141e1b","ativo+estoque+custo+oferta+sem_vinculo+sem_bloqueio_historico"
"154","VTK012267","dbecc552-4f0b-4abf-a874-654a26eb0818","Adaptador Rca Macho P/xlr 3p Fêmea Niq. Wc 242 Ad 02 Unidades Wireconex","Wireconex","27","20.68","","BKR1","44a0844e-cb01-4736-83b4-8d4ea4cab6ec","ativo+estoque+custo+oferta+sem_vinculo+sem_bloqueio_historico"
"155","VTK012275","878494a4-238b-4e01-9d02-8b9db1660faa","Palheta Bori Grl At-r16110 S.t.d 0,94 Mm (verde Esc) R21014 10un","Bori","27","8","","BKR1","ec52ca0d-bea8-4d87-b97c-1805c2d43e1c","ativo+estoque+custo+oferta+sem_vinculo+sem_bloqueio_historico"
"156","VTK012283","87cdd472-e303-43a5-a712-339a38abc358","Palheta Bori Grl At-r16146 Rio Xxl (vermelho) R21028 10un","Bori","25","10","","BKR1","0f66d44a-c22c-425f-8712-b82c22f3a4d3","ativo+estoque+custo+oferta+sem_vinculo+sem_bloqueio_historico"
"157","VTK012282","b4916f7e-70e1-426c-a271-bd7ab2ac90ee","Palheta Bori Grl At-r16108 S.t.d 0,80 Mm (azul) R21012 10un","Bori","24","8.87","","BKR1","dcefd0b2-55a6-4aea-902d-a65f57e59b57","ativo+estoque+custo+oferta+sem_vinculo+sem_bloqueio_historico"
"158","VTK012297","152238b0-74d4-4e71-b611-3e3950e1ed9c","Kit 04 Conectores Xlr Macho P/ Pci 3 Polos Wc 4050 Wireconex","Wireconex","24","27.87","","BKR1","59e92539-f0e8-48f7-b80b-d7ea84032935","ativo+estoque+custo+oferta+sem_vinculo+sem_bloqueio_historico"
"159","VTK017814","08dd6a6f-3e57-4795-8dd5-cbc5d85b593b","Espiral Duto Lbrx Laranja 3/4 19x16 Rolo 50 Metros","LBRX TELECOM IND. E COMERCIO","24","134.9","","EVOLUSOM-PR","db27cb26-9d7c-4696-9f7c-a6ac4aedd484","ativo+estoque+custo+oferta+sem_vinculo+sem_bloqueio_historico"
"160","VTK012301","73012fb6-c36a-42bf-97c5-df0dd984de1d","Palheta Bori Grl At-r16145 Rio Iii (preto) R21031 10un","Bori","23","10","","BKR1","d2f1dc93-12ba-4159-85f0-44dae7bc3f9e","ativo+estoque+custo+oferta+sem_vinculo+sem_bloqueio_historico"
"161","VTK017827","883e250a-078b-4416-9d67-4f2a65f93154","Protetor Para Interfone Moros - Branco","MOROS","23","19.9","","EVOLUSOM-PR","f6df1172-333a-435c-be01-246ba01880ee","ativo+estoque+custo+oferta+sem_vinculo+sem_bloqueio_historico"
"162","VTK012304","f899d217-66f3-479a-bd1d-5bcaad5e0bad","Palheta Guitarra Color 1cap6 D Addario 1.00mm 10un","D Addario","22","35.48","","BKR1","0386e66c-4455-4cf4-8f19-3891daeca94d","ativo+estoque+custo+oferta+sem_vinculo+sem_bloqueio_historico"
"163","VTK012310","e9198188-46cf-49eb-b90f-b7b7eaf37b3b","Palheta Bori Grl At-r16142 Rio Ii (vermelho) R21026 10un","Bori","21","10","","BKR1","af70b5ea-dea2-4f96-9480-5de183ca49ed","ativo+estoque+custo+oferta+sem_vinculo+sem_bloqueio_historico"
"164","VTK012319","34ced274-3d7d-41ce-bde4-ede040014072","Palheta Bori Grl At-r16115 Azul Crystal 0,96 Mm R21008 10un","Bori","21","8","","BKR1","d88ea826-003d-4c7e-8797-83b8c5a7b4ed","ativo+estoque+custo+oferta+sem_vinculo+sem_bloqueio_historico"
"165","VTK012321","04e730e5-b9d0-4147-b1c5-4428e8fc4c71","Palheta Bori Grl At-r16144 Rio Iii (vermelho) R21027 10un","Bori","21","10","","BKR1","024e0259-a220-456b-ae74-c1296bef2d4d","ativo+estoque+custo+oferta+sem_vinculo+sem_bloqueio_historico"
"166","VTK012327","ea1b9a83-6435-4677-a052-870c41fde6bf","Kit 04 Conectores Xlr Femea P/ Pci 3 Polos Wc 4046 Wireconex","Wireconex","21","27.87","","BKR1","b9247077-8cfb-41ca-a68f-02aac0779d0e","ativo+estoque+custo+oferta+sem_vinculo+sem_bloqueio_historico"
"167","VTK017803","fccbe856-e04a-4113-abd9-fdf7437e4e8f","Extensão Daneva Sort Pl 2x0.75mm² 5 Metros Cores Sortidas Ref1514","DANEVA","21","16","","EVOLUSOM-PR","d554c35e-c8c6-47e7-923b-bbdcd4c1979e","ativo+estoque+custo+oferta+sem_vinculo+sem_bloqueio_historico"
"168","VTK017840","f346711a-31ff-4ac5-b031-46353ff3cbc5","Lnbf Multiponto Elsys Banda C - PC / 2","ELSYS","21","69","","EVOLUSOM-PR","b06dc200-9d3d-414a-9f46-3de504954b70","ativo+estoque+custo+oferta+sem_vinculo+sem_bloqueio_historico"
"169","VTK017866","c92b422e-2c62-4d08-94a4-d1aaff732ee7","Alça Pré Formada Para Cabo 9,60/ 10,40 Acpo6104 Preto - PC / 10","CONIMEL","21","113.3","","EVOLUSOM-PR","88e10a3e-d018-4be2-8eb5-3df60a40ce83","ativo+estoque+custo+oferta+sem_vinculo+sem_bloqueio_historico"
"170","VTK017869","277d3d7a-2e08-442d-a630-39a60afd344a","Lanterna Rayovac Indestrutível","RAYOVAC","21","135.5","","EVOLUSOM-PR","2ec40a17-f785-4697-8f21-8aa7e3b8403d","ativo+estoque+custo+oferta+sem_vinculo+sem_bloqueio_historico"
"171","VTK012335","c71efd1f-eea6-43ba-adee-9d6dfb0699e9","Palheta Bori Grl At-r16112 S.t.d 1,14 Mm (preto) R21016 10un","Bori","20","9.11","","BKR1","f30793ce-f99b-4519-a875-05c570a7f02e","ativo+estoque+custo+oferta+sem_vinculo+sem_bloqueio_historico"
"172","VTK012337","e6b1f9d9-cb95-4695-ad62-b9593259ae60","Palheta Bori Grl At-r16138 Drip Gota 3,00 Mm (azul) R21020 10un","Bori","20","10","","BKR1","221793cc-92e9-456e-9bfa-9de8bc6d5586","ativo+estoque+custo+oferta+sem_vinculo+sem_bloqueio_historico"
"173","VTK017902","28213cef-8be0-4708-80f2-33c5be2769d7","Controle Remoto Mxt 01370 Ar Inverter Springer Midea","MXT","20","19.95","","EVOLUSOM-PR","96f584b1-6218-43e1-82fe-2f30e9a792e7","ativo+estoque+custo+oferta+sem_vinculo+sem_bloqueio_historico"
"174","VTK026011","f51e7c65-9d69-4f7e-8949-8d64aa7f7543","Controle Compatível Ford 3 B + P 2002 A 2013","R3a Automotive","20","25.2","","BKR1","8c0f1147-a5ac-433b-a2a2-d82249c2ce90","ativo+estoque+custo+oferta+sem_vinculo+sem_bloqueio_historico"
"175","VTK017939","56b6a082-1ca3-41a0-8b61-02e5b26722e0","Caixa Dio 19"" Evus Ev-dio12 12fo Para Rack Preto","EVUS","19","277.9","","EVOLUSOM-PR","6801d9dc-98ab-46ee-b6eb-85832cc69ad7","ativo+estoque+custo+oferta+sem_vinculo+sem_bloqueio_historico"
"176","VTK026014","0adbd893-32af-44f1-ac6d-d1ca44668266","Capa Chave Canivete Compatível Vw 3 B G5","R3a Automotive","19","18.48","","BKR1","e9508204-aad6-4737-9bd6-89b3faed3154","ativo+estoque+custo+oferta+sem_vinculo+sem_bloqueio_historico"
"177","VTK026015","254e6e19-aac4-47ee-a1fc-9aff5571d4d4","Capa Chave Canivete Compatível Vw 2 B G6","R3a Automotive","19","21.84","","BKR1","e5671cce-72af-4fde-8f93-7ad217b7674f","ativo+estoque+custo+oferta+sem_vinculo+sem_bloqueio_historico"
"178","VTK017651","a971d0d5-2689-4ca1-a824-9c0a3bf67aaf","Refil Tinta Epson T504 Preto","EPSON","18","58.9","","EVOLUSOM-PR","a4419577-739a-4ad8-a511-99be0b301557","ativo+estoque+custo+oferta+sem_vinculo+sem_bloqueio_historico"
"179","VTK017936","4f695665-3378-4fed-b754-b9fa42258b64","Refil Tinta Epson Amarelo T664420-al","EPSON","18","46.1","","EVOLUSOM-PR","f2bb43bf-19e9-459b-9860-b13df874db94","ativo+estoque+custo+oferta+sem_vinculo+sem_bloqueio_historico"
"180","VTK017934","ed0d9b3f-e237-4747-8c47-bd3864dc8df2","Caixa R.l.p. Vazia Corujinha A.f 6 + Rádio + Duto","CAIXARIAS","17","62.9","","EVOLUSOM-PR","d81c0c18-db17-4660-b42d-201f16ea0923","ativo+estoque+custo+oferta+sem_vinculo+sem_bloqueio_historico"
"181","VTK018660","5ad33b11-d00d-49fe-9516-4e16e582a398","Elgin Bateria Alcalina 23a 12v Embalagem 50 Uni","ELGIN","17","96.9","","EVOLUSOM-PR","77c65352-de3d-4947-8517-e861eb939e34","ativo+estoque+custo+oferta+sem_vinculo+sem_bloqueio_historico"
"182","VTK026016","f711855b-4f72-4f36-9df5-6b7c4f0d9b41","Capa Controle Compatível Ford 3 B + P 2002 A 2013","R3a Automotive","17","7.56","","BKR1","a11ea982-5267-446e-9a44-14740603fe1d","ativo+estoque+custo+oferta+sem_vinculo+sem_bloqueio_historico"
"183","VTK026017","24b7a600-0abd-4760-ad92-e35de926c2ef","Capa Chave Canivete Compatível Hyundai 2 B + P Hb20","R3a Automotive","17","26.04","","BKR1","4e518d7e-5c31-4dc0-afd2-6d69539bfcd3","ativo+estoque+custo+oferta+sem_vinculo+sem_bloqueio_historico"
"184","VTK012383","422bcabd-a745-4698-a59a-9b376e947f2c","Palheta Guitarra Mul Lght 1cmc2 D Addario .50mm 10un","D Addario","16","35.33","","BKR1","cbf4ae7f-710f-41ff-9343-263843860427","ativo+estoque+custo+oferta+sem_vinculo+sem_bloqueio_historico"
"185","VTK012384","6c4f65db-7cd0-448b-90fe-076a6b3ceb7d","Palheta Guitarra Color 1cap2 D Addario .50mm 10 Un","D Addario","16","35.36","","BKR1","e573709f-e65c-48f8-a2c1-47d8583ccc4b","ativo+estoque+custo+oferta+sem_vinculo+sem_bloqueio_historico"
"186","VTK017903","ec81f065-53fd-4abb-a286-3d30f5c31a4b","Cabo Hdmi X Dvi Nwt Cbhd0001 Macho X Macho Entrada Dvi 18+1 Saída Hdmi 1.4 Com Filtro 2m","NWT","15","14.5","","EVOLUSOM-PR","d0444cd7-5c51-4ce1-bf85-f1f0e219ac90","ativo+estoque+custo+oferta+sem_vinculo+sem_bloqueio_historico"
"187","VTK017951","4cc15031-46f6-4a63-b978-635a0683dcc8","Refil De Tinta Epson T504222 Ecotank Ciano","EPSON","15","46.1","","EVOLUSOM-PR","345a1e13-a0e1-47ab-8791-cfa27f2dc974","ativo+estoque+custo+oferta+sem_vinculo+sem_bloqueio_historico"
"188","VTK018064","83155aac-2ecf-4544-8c99-47f2720cfc28","Lâmpada Multilaser Super Led H8 20w 6200k Par Au836","MULTILASER","15","51.5","","EVOLUSOM-PR","5a33812e-8806-424a-8227-07335781367a","ativo+estoque+custo+oferta+sem_vinculo+sem_bloqueio_historico"
"189","VTK012408","4b8e4e44-3472-4439-bf59-650b983a24bd","Palheta Bori Grl At-r16107 S.t.d 0,78 Mm (rosa) R21011 10un","Bori","14","8","","BKR1","56490edd-b22f-4c7d-8813-d3953f5cf3ac","ativo+estoque+custo+oferta+sem_vinculo+sem_bloqueio_historico"
"190","VTK018102","254525a8-644d-435d-a823-2595f61f3cb9","Emenda Mecanica Seccon Para Fibra Optica Universal","SECCON","14","108.9","","EVOLUSOM-PR","9ee67038-a572-4290-bc6c-6c4e97d93ca0","ativo+estoque+custo+oferta+sem_vinculo+sem_bloqueio_historico"
"191","VTK023678","0947b245-1dc4-464e-9907-916050269660","Tela Permak 12"" Para Alto Falante Profissional Tipo Pioneer 14/i - PC / 2","PERMAK","14","39","","EVOLUSOM-PR","42840c3c-36ec-47db-94bf-9c739acb2389","ativo+estoque+custo+oferta+sem_vinculo+sem_bloqueio_historico"
"192","VTK012420","a2243285-b7ee-4217-9225-22df8cd9d6a5","Bateria 9v Alcalina Unidade Flex","Flex","13","9.5","","BKR1","d244e06c-fc4a-46bf-9cf8-2624f31dcbe0","ativo+estoque+custo+oferta+sem_vinculo+sem_bloqueio_historico"
"193","VTK018128","8f79a65e-1e1b-431f-95ce-84e51e93d68e","Microfone Cardioide Leson Sm-58 P4 Ouro Com Suporte E Cabo 5 Metros","LESON","13","159.95","","EVOLUSOM-PR","ee1df4f3-e962-4f65-981d-b4c667719157","ativo+estoque+custo+oferta+sem_vinculo+sem_bloqueio_historico"
"194","VTK018139","996ad7bf-d057-4181-8f25-ee24a1e8d843","Alça Pré Formada Cabo 9,60/ 10,40 Apco6104 Preto - PC / 10","CONIMEL","13","135.8","","EVOLUSOM-PR","aeea1c12-5381-4f0e-9555-d6a53904054c","ativo+estoque+custo+oferta+sem_vinculo+sem_bloqueio_historico"
"195","VTK019776","1711678f-d080-40bc-9ded-0c9e70403ccb","Caixa Vazia Para 2 Alto Falantes 6x9"" Invertida Pick-up - PC / 2","CAIXARIAS","13","99.8","","EVOLUSOM-PR","223a8389-c972-49d4-b1df-1a3739648fb5","ativo+estoque+custo+oferta+sem_vinculo+sem_bloqueio_historico"
"196","VTK012421","9bba78bf-6c76-45dd-afa1-c460ae550ace","Palheta Guitarra Shl Lght 1csh2 D Addario .50mm 10un","D Addario","12","32.27","","BKR1","3ee698fd-a9b0-42ba-aa6c-76129be08515","ativo+estoque+custo+oferta+sem_vinculo+sem_bloqueio_historico"
"197","VTK012422","ee29fdf0-5caf-40ff-8a2e-63bfaa7e671e","Palheta Guitarra Mul Med 1cmc4 D Addario .70mm 10un","D Addario","12","35.48","","BKR1","4612edaa-d4a5-4cce-950e-ee18e4c2e01d","ativo+estoque+custo+oferta+sem_vinculo+sem_bloqueio_historico"
"198","VTK018197","afb7f9a8-d524-4afa-9009-4a9f66411e15","Lâmpada Multilaser Super Led Hb4 30w 6200k Au840 Par","MULTILASER","12","51.7","","EVOLUSOM-PR","1d8c3c17-b4d6-4506-a87b-a8df5ba0de6a","ativo+estoque+custo+oferta+sem_vinculo+sem_bloqueio_historico"
"199","VTK018201","a2c70862-2f7d-4fee-b14a-d2c26998f00b","Plug P10 Duplo Z Mono Pedais","NWT","12","18.9","","EVOLUSOM-PR","33317afa-1dc8-49c8-bb8c-d714d8f66b06","ativo+estoque+custo+oferta+sem_vinculo+sem_bloqueio_historico"
"200","VTK018641","28b4144f-ed18-4593-a17f-235d34672efa","Caixa R.l.p. Vazia Para 1 A.f 12 + 2 Dr +2 Tw + Duto","CAIXARIAS","12","69.9","","EVOLUSOM-PR","e6005b0a-a533-4694-b9a8-6ae4549e3beb","ativo+estoque+custo+oferta+sem_vinculo+sem_bloqueio_historico"
